-- ==============================================================================
-- LenserFight Community Edition — Seed Data
-- Contains only OSS-safe schemas: lensers, lenses, content, media, agents, ai,
-- execution, tenancy. Private schemas (battles, billing, xp, analytics, etc.)
-- are excluded.
-- ==============================================================================
-- AUTO-GENERATED by supabase/combine-seeds.sh — edit seed.manifest and seeds/*.sql
-- NOTE: Supabase applies this file via Postgres (not psql), so content is INLINED.
--       Do not use \\ir here; the combine script concatenates each seed file.
-- ==============================================================================

SET statement_timeout = 0;
SET lock_timeout = 0;
SET idle_in_transaction_session_timeout = 0;
SET client_encoding = 'UTF8';
SET standard_conforming_strings = on;
SELECT pg_catalog.set_config('search_path', 'public, extensions', false);
SET check_function_bodies = false;
SET xmloption = content;
SET client_min_messages = warning;
SET row_security = off;


-- >>> seeds/02_auth_users.sql
-- =============================================================================
-- 2. TEST AUTH USERS
-- =============================================================================

INSERT INTO auth.users (
    instance_id, id, aud, role,
    email, encrypted_password,
    email_confirmed_at, created_at, updated_at, last_sign_in_at,
    confirmation_token, confirmation_sent_at,
    recovery_token, recovery_sent_at,
    email_change, email_change_token_new, email_change_token_current, email_change_sent_at, email_change_confirm_status,
    reauthentication_token, reauthentication_sent_at,
    is_super_admin, is_sso_user, deleted_at, is_anonymous,
    phone, phone_confirmed_at, phone_change, phone_change_token, phone_change_sent_at,
    raw_app_meta_data, raw_user_meta_data
)
VALUES
    (
        '00000000-0000-0000-0000-000000000000',
        'a1000000-0000-0000-0000-000000000001',
        'authenticated', 'authenticated',
        'alice@lenserfight.local',
        extensions.crypt('Alice#Lenser2026!', extensions.gen_salt('bf')),
        now(), now(), now(), now(),
        '', NULL,
        '', NULL,
        '', '', '', NULL, 0,
        '', NULL,
        false, false, NULL, false,
        NULL, NULL, '', '', NULL,
        '{"provider":"email","providers":["email"]}',
        '{"display_name":"Alice Arena"}'
    ),
    (
        '00000000-0000-0000-0000-000000000000',
        'a1000000-0000-0000-0000-000000000002',
        'authenticated', 'authenticated',
        'bob@lenserfight.local',
        extensions.crypt('Bob#Lenser2026!', extensions.gen_salt('bf')),
        now(), now(), now(), now(),
        '', NULL,
        '', NULL,
        '', '', '', NULL, 0,
        '', NULL,
        false, false, NULL, false,
        NULL, NULL, '', '', NULL,
        '{"provider":"email","providers":["email"]}',
        '{"display_name":"Bob Builder"}'
    ),
    (
        '00000000-0000-0000-0000-000000000000',
        'a1000000-0000-0000-0000-000000000003',
        'authenticated', 'authenticated',
        'carol@lenserfight.local',
        extensions.crypt('Carol#Lenser2026!', extensions.gen_salt('bf')),
        now(), now(), now(), now(),
        '', NULL,
        '', NULL,
        '', '', '', NULL, 0,
        '', NULL,
        false, false, NULL, false,
        NULL, NULL, '', '', NULL,
        '{"provider":"email","providers":["email"]}',
        '{"display_name":"Carol Voter"}'
    )
ON CONFLICT (id) DO UPDATE SET
    encrypted_password = EXCLUDED.encrypted_password,
    email_change = EXCLUDED.email_change,
    email_change_token_new = EXCLUDED.email_change_token_new,
    email_change_token_current = EXCLUDED.email_change_token_current,
    updated_at = now();

-- Identity records (required by Supabase auth)
INSERT INTO auth.identities (
    id, user_id, provider_id, identity_data, provider, last_sign_in_at, created_at, updated_at
)
VALUES
    (
        'a1000000-0000-0000-0000-000000000001',
        'a1000000-0000-0000-0000-000000000001',
        'a1000000-0000-0000-0000-000000000001',
        jsonb_build_object('sub', 'a1000000-0000-0000-0000-000000000001', 'email', 'alice@lenserfight.local'),
        'email', now(), now(), now()
    ),
    (
        'a1000000-0000-0000-0000-000000000002',
        'a1000000-0000-0000-0000-000000000002',
        'a1000000-0000-0000-0000-000000000002',
        jsonb_build_object('sub', 'a1000000-0000-0000-0000-000000000002', 'email', 'bob@lenserfight.local'),
        'email', now(), now(), now()
    ),
    (
        'a1000000-0000-0000-0000-000000000003',
        'a1000000-0000-0000-0000-000000000003',
        'a1000000-0000-0000-0000-000000000003',
        jsonb_build_object('sub', 'a1000000-0000-0000-0000-000000000003', 'email', 'carol@lenserfight.local'),
        'email', now(), now(), now()
    )
ON CONFLICT (id) DO NOTHING;


-- >>> seeds/03_lenser_profiles.sql
-- =============================================================================
-- 3. LENSER PROFILES
-- =============================================================================

INSERT INTO lensers.profiles (
    id, user_id, handle, display_name, bio, status, visibility,
    onboarding_step, onboarding_completed_at
)
VALUES
    (
        'b2000000-0000-0000-0000-000000000001',
        'a1000000-0000-0000-0000-000000000001',
        'alice_arena', 'Alice Arena',
        'Battle arena enthusiast and prompt engineer.',
        'active', 'public', 2, now()
    ),
    (
        'b2000000-0000-0000-0000-000000000002',
        'a1000000-0000-0000-0000-000000000002',
        'bob_builder', 'Bob Builder',
        'AI researcher and competitive coder.',
        'active', 'public', 2, now()
    ),
    (
        'b2000000-0000-0000-0000-000000000003',
        'a1000000-0000-0000-0000-000000000003',
        'carol_voter', 'Carol Voter',
        'Community judge and feedback specialist.',
        'active', 'public', 2, now()
    )
ON CONFLICT (id) DO UPDATE SET
    onboarding_step = 2,
    onboarding_completed_at = COALESCE(lensers.profiles.onboarding_completed_at, now()),
    updated_at = now();



-- >>> seeds/04_ai_providers.sql
-- =============================================================================
-- 4. AI PROVIDERS
-- =============================================================================
-- Refactored:
-- - Seeds base_url and docs_url
-- - Uses a single source CTE for insert/update
-- - Keeps same upsert semantics

WITH provider_seed AS (
  SELECT *
  FROM (
    VALUES
      (
        'openai',
        'OpenAI',
        'https://api.openai.com/v1',
        'https://developers.openai.com/api/docs/',
        true
      ),
      (
        'anthropic',
        'Anthropic',
        'https://api.anthropic.com',
        'https://docs.anthropic.com/en/docs/get-started',
        true
      ),
      (
        'google',
        'Google',
        'https://generativelanguage.googleapis.com',
        'https://ai.google.dev/gemini-api/docs',
        true
      ),
      (
        'mistral',
        'Mistral AI',
        'https://api.mistral.ai/v1',
        'https://docs.mistral.ai/api',
        true
      ),
      (
        'local',
        'Local / Ollama',
        'http://localhost:11434/api',
        'https://docs.ollama.com/api/introduction',
        true
      )
  ) AS t(
    key,
    display_name,
    base_url,
    docs_url,
    is_active
  )
)

-- Upsert: insert new rows, update existing rows on key conflict
INSERT INTO ai.providers (
  key,
  display_name,
  base_url,
  docs_url,
  is_active
)
SELECT
  ps.key,
  ps.display_name,
  ps.base_url,
  ps.docs_url,
  ps.is_active
FROM provider_seed ps
ON CONFLICT (key) DO UPDATE SET
  display_name = EXCLUDED.display_name,
  base_url     = EXCLUDED.base_url,
  docs_url     = EXCLUDED.docs_url,
  is_active    = EXCLUDED.is_active;


-- >>> seeds/04b_ai_models.sql
-- =============================================================================
-- 4B. AI MODELS  (moved here from 07_ai_models.sql to run before 07_ai_lensers.sql)
-- =============================================================================
-- ai.providers must already exist (seeded by 04_ai_providers.sql).
-- ai_lensers profiles (07_ai_lensers.sql) JOIN on ai.models, so models must be
-- present first.  The original 07_ai_models.sql is now a no-op stub.

WITH model_seed AS (
  SELECT *
  FROM (
    VALUES
      -- -----------------------------------------------------------------------
      -- OpenAI models
      -- -----------------------------------------------------------------------
      (
        'GPT-5.2',
        ARRAY['chat','reasoning','tools','vision','json_schema']::text[],
        'gpt-5.2',
        'openai',
        400000,
        true,
        true,
        true,
        'https://platform.openai.com/docs/models/compare?model=gpt-5.2',
        false
      ),
      (
        'GPT-4o',
        ARRAY['chat','tools','vision','json_schema']::text[],
        'gpt-4o',
        'openai',
        128000,
        true,
        true,
        true,
        'https://platform.openai.com/docs/models/compare?model=gpt-4o',
        false
      ),
      (
        'GPT-5.4',
        ARRAY['chat','reasoning','tools','vision','json_schema']::text[],
        'gpt-5.4',
        'openai',
        400000,
        true,
        true,
        true,
        'https://platform.openai.com/docs/models/compare?model=gpt-5.4',
        false
      ),
      (
        'GPT-5.4 Mini',
        ARRAY['chat','tools','json_schema']::text[],
        'gpt-5.4-mini',
        'openai',
        400000,
        true,
        true,
        false,
        'https://platform.openai.com/docs/models/compare?model=gpt-5.4-mini',
        false
      ),
      (
        'GPT-5.4 Nano',
        ARRAY['chat','json_schema']::text[],
        'gpt-5.4-nano',
        'openai',
        400000,
        true,
        true,
        false,
        'https://platform.openai.com/docs/models/compare?model=gpt-5.4-nano',
        false
      ),
      (
        'GPT-5.4 Pro',
        ARRAY['chat','reasoning','tools','vision','json_schema']::text[],
        'gpt-5.4-pro',
        'openai',
        400000,
        true,
        true,
        true,
        'https://platform.openai.com/docs/models/compare?model=gpt-5.4-pro',
        false
      ),

      -- -----------------------------------------------------------------------
      -- Anthropic models
      -- -----------------------------------------------------------------------
      (
        'Claude Opus 4.6',
        ARRAY['chat','reasoning','tools']::text[],
        'claude-opus-4-6',
        'anthropic',
        200000,
        true,
        false,
        false,
        'https://docs.anthropic.com/en/docs/about-claude/models/overview',
        false
      ),
      (
        'Claude Sonnet 4.6',
        ARRAY['chat','reasoning','tools']::text[],
        'claude-sonnet-4-6',
        'anthropic',
        200000,
        true,
        false,
        false,
        'https://docs.anthropic.com/en/docs/about-claude/models/overview',
        false
      ),
      (
        'Claude Haiku 4.5',
        ARRAY['chat']::text[],
        'claude-haiku-4-5',
        'anthropic',
        200000,
        false,
        false,
        false,
        'https://docs.anthropic.com/en/docs/about-claude/models/migrating-to-claude-4',
        false
      ),
      (
        'Claude Sonnet 4.5',
        ARRAY['chat','reasoning','tools']::text[],
        'claude-sonnet-4-5',
        'anthropic',
        200000,
        true,
        false,
        false,
        'https://docs.anthropic.com/en/docs/about-claude/models/migrating-to-claude-4',
        false
      ),
      (
        'Claude Sonnet 4.0',
        ARRAY['chat','reasoning','tools']::text[],
        'claude-sonnet-4-0',
        'anthropic',
        200000,
        true,
        false,
        false,
        'https://docs.anthropic.com/en/docs/about-claude/models/overview',
        false
      ),
      (
        'Claude Haiku 3.5',
        ARRAY['chat']::text[],
        'claude-haiku-3-5',
        'anthropic',
        200000,
        false,
        false,
        false,
        'https://docs.anthropic.com/en/docs/resources/model-deprecations',
        false
      ),

      -- -----------------------------------------------------------------------
      -- Google models
      -- -----------------------------------------------------------------------
      (
        'Gemini 2.5 Pro',
        ARRAY['chat','reasoning','tools','vision']::text[],
        'gemini-2.5-pro',
        'google',
        2000000,
        true,
        true,
        true,
        'https://ai.google.dev/gemini-api/docs/models/gemini-2.5-pro',
        false
      ),
      (
        'Gemini 2.5 Flash',
        ARRAY['chat','tools','vision']::text[],
        'gemini-2.5-flash',
        'google',
        1000000,
        true,
        true,
        true,
        'https://ai.google.dev/gemini-api/docs/models/gemini-2.5-flash',
        false
      ),
      (
        'Gemini 3 Pro Preview',
        ARRAY['chat','reasoning','tools','vision']::text[],
        'gemini-3-pro-preview',
        'google',
        2000000,
        true,
        true,
        true,
        'https://ai.google.dev/gemini-api/docs/models',
        false
      ),
      (
        'Gemini 3 Flash Preview',
        ARRAY['chat','tools','vision']::text[],
        'gemini-3-flash-preview',
        'google',
        1000000,
        true,
        true,
        true,
        'https://ai.google.dev/gemini-api/docs/models',
        false
      ),
      (
        'Gemini 2.5 Flash Lite',
        ARRAY['chat','tools']::text[],
        'gemini-2.5-flash-lite',
        'google',
        1000000,
        true,
        true,
        false,
        'https://ai.google.dev/gemini-api/docs/models/gemini-2.5-flash-lite',
        false
      ),
      (
        'Gemini 3.1 Pro Preview',
        ARRAY['chat','reasoning','tools','vision']::text[],
        'gemini-3.1-pro-preview',
        'google',
        2000000,
        true,
        true,
        true,
        'https://ai.google.dev/gemini-api/docs/models',
        false
      ),
      (
        'Gemini 3.1 Flash Lite Preview',
        ARRAY['chat','tools']::text[],
        'gemini-3.1-flash-lite-preview',
        'google',
        1000000,
        true,
        true,
        false,
        'https://ai.google.dev/gemini-api/docs/models/gemini-3.1-flash-lite-preview',
        false
      ),

      -- -----------------------------------------------------------------------
      -- Mistral models
      -- -----------------------------------------------------------------------
      (
        'Mistral Large 3',
        ARRAY['chat','tools','json_schema']::text[],
        'mistral-large-3',
        'mistral',
        128000,
        true,
        true,
        false,
        'https://docs.mistral.ai/models/mistral-large-3-25-12',
        false
      ),
      (
        'Magistral Medium 1.2',
        ARRAY['chat','reasoning']::text[],
        'magistral-medium-1.2',
        'mistral',
        40000,
        false,
        false,
        false,
        'https://docs.mistral.ai/models/magistral-medium-1-2-25-09',
        false
      ),
      (
        'Magistral Small 1.2',
        ARRAY['chat','reasoning']::text[],
        'magistral-small-1.2',
        'mistral',
        40000,
        false,
        false,
        false,
        'https://docs.mistral.ai/models/magistral-small-1-2-25-09',
        false
      )
  ) AS t(
    name,
    capabilities,
    key,
    provider_key,
    context_window_tokens,
    supports_tools,
    supports_json_schema,
    supports_vision,
    provider_url,
    is_active
  )
),
resolved AS (
  SELECT
    ms.name,
    ms.capabilities,
    ms.key,
    p.id AS provider_id,
    ms.context_window_tokens,
    ms.supports_tools,
    ms.supports_json_schema,
    ms.supports_vision,
    ms.provider_url,
    ms.is_active
  FROM model_seed ms
  JOIN ai.providers p
    ON p.key = ms.provider_key
)

-- Upsert: insert new rows, update existing rows on key conflict
INSERT INTO ai.models (
  name,
  capabilities,
  key,
  provider_id,
  context_window_tokens,
  supports_tools,
  supports_json_schema,
  supports_vision,
  provider_url,
  is_active
)
SELECT
  r.name,
  r.capabilities,
  r.key,
  r.provider_id,
  r.context_window_tokens,
  r.supports_tools,
  r.supports_json_schema,
  r.supports_vision,
  r.provider_url,
  r.is_active
FROM resolved r
ON CONFLICT (key) DO UPDATE SET
  name                   = EXCLUDED.name,
  capabilities           = EXCLUDED.capabilities,
  provider_id            = EXCLUDED.provider_id,
  context_window_tokens  = EXCLUDED.context_window_tokens,
  supports_tools         = EXCLUDED.supports_tools,
  supports_json_schema   = EXCLUDED.supports_json_schema,
  supports_vision        = EXCLUDED.supports_vision,
  provider_url           = EXCLUDED.provider_url,
  is_active              = EXCLUDED.is_active;

-- ---------------------------------------------------------------------------
-- Activate only Google models
-- ---------------------------------------------------------------------------
UPDATE ai.models
SET is_active = true
WHERE key IN (
  'gemini-2.5-pro',
  'gemini-2.5-flash',
  'gemini-2.5-flash-lite',
  'gemini-3-pro-preview',
  'gemini-3-flash-preview',
  'gemini-3.1-pro-preview',
  'gemini-3.1-flash-lite-preview'
);


-- >>> seeds/07_ai_models.sql
-- =============================================================================
-- 7. AI MODELS  (no-op stub — content moved to 04b_ai_models.sql)
-- =============================================================================
-- ai.models is already populated by 04b_ai_models.sql which runs before
-- 07_ai_lensers.sql.  This file is kept so existing tooling references remain
-- valid; the upsert below is idempotent and produces no changes on a fresh db.

WITH model_seed AS (
  SELECT *
  FROM (
    VALUES
      -- -----------------------------------------------------------------------
      -- OpenAI models
      -- -----------------------------------------------------------------------
      (
        'GPT-5.2',
        ARRAY['chat','reasoning','tools','vision','json_schema']::text[],
        'gpt-5.2',
        'openai',
        400000,
        true,
        true,
        true,
        'https://platform.openai.com/docs/models/compare?model=gpt-5.2',
        false
      ),
      (
        'GPT-4o',
        ARRAY['chat','tools','vision','json_schema']::text[],
        'gpt-4o',
        'openai',
        128000,
        true,
        true,
        true,
        'https://platform.openai.com/docs/models/compare?model=gpt-4o',
        false
      ),
      (
        'GPT-5.4',
        ARRAY['chat','reasoning','tools','vision','json_schema']::text[],
        'gpt-5.4',
        'openai',
        400000,
        true,
        true,
        true,
        'https://platform.openai.com/docs/models/compare?model=gpt-5.4',
        false
      ),
      (
        'GPT-5.4 Mini',
        ARRAY['chat','tools','json_schema']::text[],
        'gpt-5.4-mini',
        'openai',
        400000,
        true,
        true,
        false,
        'https://platform.openai.com/docs/models/compare?model=gpt-5.4-mini',
        false
      ),
      (
        'GPT-5.4 Nano',
        ARRAY['chat','json_schema']::text[],
        'gpt-5.4-nano',
        'openai',
        400000,
        true,
        true,
        false,
        'https://platform.openai.com/docs/models/compare?model=gpt-5.4-nano',
        false
      ),
      (
        'GPT-5.4 Pro',
        ARRAY['chat','reasoning','tools','vision','json_schema']::text[],
        'gpt-5.4-pro',
        'openai',
        400000,
        true,
        true,
        true,
        'https://platform.openai.com/docs/models/compare?model=gpt-5.4-pro',
        false
      ),

      -- -----------------------------------------------------------------------
      -- Anthropic models
      -- -----------------------------------------------------------------------
      (
        'Claude Opus 4.6',
        ARRAY['chat','reasoning','tools']::text[],
        'claude-opus-4-6',
        'anthropic',
        200000,
        true,
        false,
        false,
        'https://docs.anthropic.com/en/docs/about-claude/models/overview',
        false
      ),
      (
        'Claude Sonnet 4.6',
        ARRAY['chat','reasoning','tools']::text[],
        'claude-sonnet-4-6',
        'anthropic',
        200000,
        true,
        false,
        false,
        'https://docs.anthropic.com/en/docs/about-claude/models/overview',
        false
      ),
      (
        'Claude Haiku 4.5',
        ARRAY['chat']::text[],
        'claude-haiku-4-5',
        'anthropic',
        200000,
        false,
        false,
        false,
        'https://docs.anthropic.com/en/docs/about-claude/models/migrating-to-claude-4',
        false
      ),
      (
        'Claude Sonnet 4.5',
        ARRAY['chat','reasoning','tools']::text[],
        'claude-sonnet-4-5',
        'anthropic',
        200000,
        true,
        false,
        false,
        'https://docs.anthropic.com/en/docs/about-claude/models/migrating-to-claude-4',
        false
      ),
      (
        'Claude Sonnet 4.0',
        ARRAY['chat','reasoning','tools']::text[],
        'claude-sonnet-4-0',
        'anthropic',
        200000,
        true,
        false,
        false,
        'https://docs.anthropic.com/en/docs/about-claude/models/overview',
        false
      ),
      (
        'Claude Haiku 3.5',
        ARRAY['chat']::text[],
        'claude-haiku-3-5',
        'anthropic',
        200000,
        false,
        false,
        false,
        'https://docs.anthropic.com/en/docs/resources/model-deprecations',
        false
      ),

      -- -----------------------------------------------------------------------
      -- Google models
      -- -----------------------------------------------------------------------
      (
        'Gemini 2.5 Pro',
        ARRAY['chat','reasoning','tools','vision']::text[],
        'gemini-2.5-pro',
        'google',
        2000000,
        true,
        true,
        true,
        'https://ai.google.dev/gemini-api/docs/models/gemini-2.5-pro',
        false
      ),
      (
        'Gemini 2.5 Flash',
        ARRAY['chat','tools','vision']::text[],
        'gemini-2.5-flash',
        'google',
        1000000,
        true,
        true,
        true,
        'https://ai.google.dev/gemini-api/docs/models/gemini-2.5-flash',
        false
      ),
      (
        'Gemini 3 Pro Preview',
        ARRAY['chat','reasoning','tools','vision']::text[],
        'gemini-3-pro-preview',
        'google',
        2000000,
        true,
        true,
        true,
        'https://ai.google.dev/gemini-api/docs/models',
        false
      ),
      (
        'Gemini 3 Flash Preview',
        ARRAY['chat','tools','vision']::text[],
        'gemini-3-flash-preview',
        'google',
        1000000,
        true,
        true,
        true,
        'https://ai.google.dev/gemini-api/docs/models',
        false
      ),
      (
        'Gemini 2.5 Flash Lite',
        ARRAY['chat','tools']::text[],
        'gemini-2.5-flash-lite',
        'google',
        1000000,
        true,
        true,
        false,
        'https://ai.google.dev/gemini-api/docs/models/gemini-2.5-flash-lite',
        false
      ),
      (
        'Gemini 3.1 Pro Preview',
        ARRAY['chat','reasoning','tools','vision']::text[],
        'gemini-3.1-pro-preview',
        'google',
        2000000,
        true,
        true,
        true,
        'https://ai.google.dev/gemini-api/docs/models',
        false
      ),
      (
        'Gemini 3.1 Flash Lite Preview',
        ARRAY['chat','tools']::text[],
        'gemini-3.1-flash-lite-preview',
        'google',
        1000000,
        true,
        true,
        false,
        'https://ai.google.dev/gemini-api/docs/models/gemini-3.1-flash-lite-preview',
        false
      ),

      -- -----------------------------------------------------------------------
      -- Mistral models
      -- -----------------------------------------------------------------------
      (
        'Mistral Large 3',
        ARRAY['chat','tools','json_schema']::text[],
        'mistral-large-3',
        'mistral',
        128000,
        true,
        true,
        false,
        'https://docs.mistral.ai/models/mistral-large-3-25-12',
        false
      ),
      (
        'Magistral Medium 1.2',
        ARRAY['chat','reasoning']::text[],
        'magistral-medium-1.2',
        'mistral',
        40000,
        false,
        false,
        false,
        'https://docs.mistral.ai/models/magistral-medium-1-2-25-09',
        false
      ),
      (
        'Magistral Small 1.2',
        ARRAY['chat','reasoning']::text[],
        'magistral-small-1.2',
        'mistral',
        40000,
        false,
        false,
        false,
        'https://docs.mistral.ai/models/magistral-small-1-2-25-09',
        false
      )
  ) AS t(
    name,
    capabilities,
    key,
    provider_key,
    context_window_tokens,
    supports_tools,
    supports_json_schema,
    supports_vision,
    provider_url,
    is_active
  )
),
resolved AS (
  SELECT
    ms.name,
    ms.capabilities,
    ms.key,
    p.id AS provider_id,
    ms.context_window_tokens,
    ms.supports_tools,
    ms.supports_json_schema,
    ms.supports_vision,
    ms.provider_url,
    ms.is_active
  FROM model_seed ms
  JOIN ai.providers p
    ON p.key = ms.provider_key
)

-- Upsert: insert new rows, update existing rows on key conflict
INSERT INTO ai.models (
  name,
  capabilities,
  key,
  provider_id,
  context_window_tokens,
  supports_tools,
  supports_json_schema,
  supports_vision,
  provider_url,
  is_active
)
SELECT
  r.name,
  r.capabilities,
  r.key,
  r.provider_id,
  r.context_window_tokens,
  r.supports_tools,
  r.supports_json_schema,
  r.supports_vision,
  r.provider_url,
  r.is_active
FROM resolved r
ON CONFLICT (key) DO UPDATE SET
  name                   = EXCLUDED.name,
  capabilities           = EXCLUDED.capabilities,
  provider_id            = EXCLUDED.provider_id,
  context_window_tokens  = EXCLUDED.context_window_tokens,
  supports_tools         = EXCLUDED.supports_tools,
  supports_json_schema   = EXCLUDED.supports_json_schema,
  supports_vision        = EXCLUDED.supports_vision,
  provider_url           = EXCLUDED.provider_url,
  is_active              = EXCLUDED.is_active;

-- ---------------------------------------------------------------------------
-- Activate only Google models
-- ---------------------------------------------------------------------------
UPDATE ai.models
SET is_active = true
WHERE key IN (
  'gemini-2.5-pro',
  'gemini-2.5-flash',
  'gemini-2.5-flash-lite',
  'gemini-3-pro-preview',
  'gemini-3-flash-preview',
  'gemini-3.1-pro-preview',
  'gemini-3.1-flash-lite-preview'
);

-- >>> seeds/07_ai_lensers.sql
-- =============================================================================
-- 7A. AI LENSER PROFILES
-- =============================================================================

WITH ai_lensers AS (
  SELECT
    m.id AS ai_model_id,
    m.key AS model_key,
    p.key AS provider_key,
    CASE p.key
      WHEN 'openai' THEN 'OpenAI'
      WHEN 'anthropic' THEN 'Anthropic'
      WHEN 'google' THEN 'Google'
      WHEN 'mistral' THEN 'Mistral AI'
      WHEN 'local' THEN 'Local / Ollama'
      ELSE p.display_name
    END AS provider_name,
    CASE p.key
      WHEN 'openai' THEN 'OpenAI flagship reasoning model'
      WHEN 'anthropic' THEN 'Anthropic conversational assistant'
      WHEN 'google' THEN 'Google multimodal model'
      WHEN 'mistral' THEN 'Mistral high-efficiency model'
      WHEN 'local' THEN 'Local / Ollama self-hosted assistant'
      ELSE p.display_name || ' model'
    END AS headline,
    CASE p.key
      WHEN 'openai' THEN 'https://api.dicebear.com/9.x/bottts-neutral/svg?seed=openai-' || m.key
      WHEN 'anthropic' THEN 'https://api.dicebear.com/9.x/bottts-neutral/svg?seed=anthropic-' || m.key
      WHEN 'google' THEN 'https://api.dicebear.com/9.x/bottts-neutral/svg?seed=google-' || m.key
      WHEN 'mistral' THEN 'https://api.dicebear.com/9.x/bottts-neutral/svg?seed=mistral-' || m.key
      ELSE 'https://api.dicebear.com/9.x/bottts-neutral/svg?seed=local-' || m.key
    END AS avatar_url,
    CASE p.key
      WHEN 'openai' THEN 'I translate prompts into crisp, tool-aware outputs.'
      WHEN 'anthropic' THEN 'I prefer thoughtful, careful reasoning with a human tone.'
      WHEN 'google' THEN 'I handle long context and multimodal workflows.'
      WHEN 'mistral' THEN 'I optimize for speed, efficiency, and practical output.'
      ELSE 'I run locally and keep model execution close to the metal.'
    END AS bio,
    'ai_' || left(
      lower(regexp_replace(m.key, '[^a-z0-9]+', '_', 'g')),
      21
    ) AS handle
  FROM ai.models m
  JOIN ai.providers p ON p.id = m.provider_id
)
INSERT INTO lensers.profiles (
  id,
  handle,
  display_name,
  headline,
  avatar_url,
  bio,
  status,
  visibility,
  onboarding_step,
  type,
  ai_model_id,
  created_at,
  updated_at
)
SELECT
  ai_model_id,
  handle,
  (SELECT name FROM ai.models am WHERE am.id = ai_model_id),
  headline,
  avatar_url,
  bio,
  'active'::lensers.lenser_status,
  'public'::lensers.lenser_visibility,
  2,
  'ai'::lensers.lenser_type,
  ai_model_id,
  now(),
  now()
FROM ai_lensers
ON CONFLICT (id) DO UPDATE
SET
  handle = EXCLUDED.handle,
  display_name = EXCLUDED.display_name,
  headline = EXCLUDED.headline,
  avatar_url = EXCLUDED.avatar_url,
  bio = EXCLUDED.bio,
  status = EXCLUDED.status,
  visibility = EXCLUDED.visibility,
  onboarding_step = EXCLUDED.onboarding_step,
  type = EXCLUDED.type,
  ai_model_id = EXCLUDED.ai_model_id,
  updated_at = now();

-- [OSS] organizations membership seeding removed (private schema)

-- =============================================================================
-- 7B. AGENTS.AI_LENSERS
-- =============================================================================
-- Create an agents.ai_lensers row for every AI model profile.
-- Three demo models used in battle seeds get deterministic IDs so that
-- 09_ai_battle_contenders.sql can reference them as contender_ref_id values.
INSERT INTO agents.ai_lensers (id, profile_id)
SELECT
  CASE m.key
    WHEN 'gpt-4o'            THEN 'c3000000-0000-0000-0000-000000000001'::uuid
    WHEN 'claude-sonnet-4-6' THEN 'c3000000-0000-0000-0000-000000000002'::uuid
    WHEN 'gemini-2.5-flash'  THEN 'c3000000-0000-0000-0000-000000000003'::uuid
    ELSE m.id
  END AS id,
  m.id AS profile_id
FROM ai.models m
ON CONFLICT DO NOTHING;


-- >>> seeds/13_workspaces.sql
-- =============================================================================
-- 13. WORKSPACES (depends on 03_lenser_profiles)
-- =============================================================================
-- The trigger tenancy.fn_create_personal_workspace fires on INSERT OR UPDATE on
-- lensers.profiles and is idempotent — it guarantees every lenser has a personal
-- workspace. No general backfill is needed here.
--
-- This seed only pins deterministic workspace IDs for alice/bob/carol so that
-- downstream seeds (07_ai_lensers, 14_media_objects, etc.) can reference them
-- by a stable UUID.
--
-- We must DELETE then INSERT (not UPDATE) because workspace_members has
-- ON DELETE CASCADE but no ON UPDATE CASCADE — changing the workspace PK
-- via UPDATE violates the FK constraint. The guard trigger is disabled only
-- for this delete+reinsert window; we immediately recreate the rows.

ALTER TABLE tenancy.workspaces DISABLE TRIGGER trg_workspaces_guard_personal;

DELETE FROM tenancy.workspaces
WHERE slug IN ('alice_arena', 'bob_builder', 'carol_voter');

INSERT INTO tenancy.workspaces (id, slug, type, display_name, owner_lenser_id)
VALUES
    ('c3000000-0000-0000-0000-000000000001', 'alice_arena', 'personal', 'Alice Arena', 'b2000000-0000-0000-0000-000000000001'),
    ('c3000000-0000-0000-0000-000000000002', 'bob_builder', 'personal', 'Bob Builder', 'b2000000-0000-0000-0000-000000000002'),
    ('c3000000-0000-0000-0000-000000000003', 'carol_voter', 'personal', 'Carol Voter', 'b2000000-0000-0000-0000-000000000003')
ON CONFLICT (id) DO NOTHING;

ALTER TABLE tenancy.workspaces ENABLE TRIGGER trg_workspaces_guard_personal;

INSERT INTO tenancy.workspace_members (workspace_id, lenser_id, role)
VALUES
    ('c3000000-0000-0000-0000-000000000001', 'b2000000-0000-0000-0000-000000000001', 'owner'),
    ('c3000000-0000-0000-0000-000000000002', 'b2000000-0000-0000-0000-000000000002', 'owner'),
    ('c3000000-0000-0000-0000-000000000003', 'b2000000-0000-0000-0000-000000000003', 'owner')
ON CONFLICT (workspace_id, lenser_id) DO NOTHING;


-- >>> seeds/14_media_objects.sql
-- =============================================================================
-- 14. MEDIA OBJECTS (depends on 13_workspaces)
-- =============================================================================
-- Sample media objects for testing upload lifecycle and attachment bindings.

INSERT INTO media.objects (
    id, workspace_id, owner_lenser_id,
    content_text, media_type, name,
    visibility, lifecycle_state, created_by
)
VALUES
    (
        'd4000000-0000-0000-0000-000000000001',
        'c3000000-0000-0000-0000-000000000001',
        'b2000000-0000-0000-0000-000000000001',
        'This is a sample inline text resource for testing.',
        'text', 'sample-text-resource.txt',
        'private', 'active',
        'b2000000-0000-0000-0000-000000000001'
    ),
    (
        'd4000000-0000-0000-0000-000000000002',
        'c3000000-0000-0000-0000-000000000001',
        'b2000000-0000-0000-0000-000000000001',
        NULL, 'image', 'sample-image.png',
        'public', 'pending',
        'b2000000-0000-0000-0000-000000000001'
    )
ON CONFLICT (id) DO NOTHING;


-- >>> seeds/15_lens_tools.sql
-- =============================================================================
-- 15. LENS TOOLS (lenses.tools seed — "lenses" theme)
-- =============================================================================
-- These rows are the canonical tool definitions for lens parameter types.
-- ON CONFLICT (key) DO NOTHING ensures idempotency across reseeds.
-- =============================================================================

INSERT INTO lenses.tools (
  key, label, description, category, type,
  required, min_length, max_length,
  placeholder, help_text,
  sort_order, is_system, icon, color
) VALUES
  (
    'text',
    'Short Text',
    'A single-line text input for short values like names, titles, or keywords.',
    'input', 'text',
    true, 1, 500,
    'Enter text...',
    'A brief single-line text value.',
    0, true, 'type', '#6366f1'
  ),
  (
    'textarea',
    'Long Text',
    'A multi-line text area for longer content such as paragraphs, prompts, or descriptions.',
    'input', 'textarea',
    true, 10, 10000,
    'Enter longer text...',
    'Multi-line text content.',
    1, true, 'align-left', '#818cf8'
  ),
  (
    'number',
    'Number',
    'Any numeric value including decimals.',
    'input', 'number',
    true, 0, 10000,
    'e.g. 42',
    'A numeric value.',
    2, true, 'hash', '#f59e0b'
  ),
  (
    'integer',
    'Integer',
    'A whole number without decimals.',
    'input', 'integer',
    true, 0, 10000,
    'e.g. 5',
    'Whole number only.',
    3, true, 'binary', '#fbbf24'
  ),
  (
    'boolean_toggle',
    'Toggle',
    'A true/false boolean switch.',
    'input', 'boolean',
    true, 0, 10000,
    NULL,
    'On or off.',
    4, true, 'toggle-left', '#a855f7'
  ),
  (
    'select_option',
    'Select',
    'Choose one value from a predefined list of options.',
    'input', 'select',
    true, 0, 10000,
    'Choose an option...',
    'Select from a list.',
    5, true, 'list', '#14b8a6'
  ),
  (
    'url_link',
    'URL',
    'A valid URL for a web address or resource link.',
    'input', 'url',
    true, 7, 2048,
    'https://example.com',
    'A fully qualified URL.',
    6, true, 'link', '#06b6d4'
  ),
  (
    'json_data',
    'JSON',
    'Structured JSON data for complex configuration or payload inputs.',
    'input', 'json',
    true, 2, 10000,
    '{"key": "value"}',
    'Valid JSON object or array.',
    7, true, 'braces', '#f97316'
  ),
  (
    'date_input',
    'Date',
    'A calendar date value (YYYY-MM-DD).',
    'input', 'date',
    true, 0, 10000,
    'YYYY-MM-DD',
    'A date value.',
    8, true, 'calendar', '#f43f5e'
  ),
  (
    'datetime_input',
    'Date & Time',
    'A date and time value (ISO 8601).',
    'input', 'datetime',
    true, 0, 10000,
    'YYYY-MM-DDTHH:MM',
    'A date and time value.',
    9, true, 'calendar-clock', '#fb7185'
  ),
  (
    'media_file',
    'File Upload',
    'Upload a file such as an image, PDF, or document.',
    'media', 'file',
    false, 0, 10000,
    NULL,
    'Attach a file.',
    10, true, 'paperclip', '#64748b'
  ),
  (
    'multiselect_option',
    'Multi-Select',
    'Choose multiple values from a predefined list.',
    'input', 'multiselect',
    true, 0, 10000,
    'Choose options...',
    'Select one or more options.',
    11, true, 'list-checks', '#0ea5e9'
  )
ON CONFLICT (key) DO NOTHING;


-- >>> seeds/16_origin_types.sql
-- =============================================================================
-- Seed execution.origin_types lookup table
--
-- The table replaces a hard-coded CHECK constraint on execution.requests.origin_type.
-- Without rows here every INSERT into execution.requests fails with FK 23503.
-- =============================================================================

INSERT INTO execution.origin_types (key, description) VALUES
    ('api_stream',      'Streaming execution via POST /execute/stream'),
    ('api_byok',        'BYOK streaming execution via POST /execute/byok'),
    ('web',             'Execution triggered from the web UI via fn_run_lens'),
    ('api',             'Generic API execution (internal/legacy path)'),
    ('lens_preview',    'Local BYOK preview execution persisted via fn_persist_local_execution'),
    ('content_preview', 'Preview execution for content before publishing'),
    ('template_test',   'Test execution for lens templates'),
    ('battle',          'Execution triggered as part of a battle'),
    ('forum',           'Execution triggered from a forum post'),
    ('cli',             'Execution triggered from the CLI')
ON CONFLICT (key) DO NOTHING;



-- >>> seeds/20_scale_setup.sql
-- =============================================================================
-- 10. SCALE SEED SETUP
-- =============================================================================

-- Memory tuning for bulk operations
SET work_mem = '32MB';
SET maintenance_work_mem = '128MB';

-- ---------------------------------------------------------------------------
-- Utility: language picker with weighted distribution
-- ---------------------------------------------------------------------------
CREATE OR REPLACE FUNCTION public.seed_pick_language(r float)
RETURNS text LANGUAGE sql IMMUTABLE AS $$
  SELECT CASE
    WHEN r < 0.40 THEN 'en'
    WHEN r < 0.55 THEN 'tr'
    WHEN r < 0.65 THEN 'es'
    WHEN r < 0.73 THEN 'fr'
    WHEN r < 0.80 THEN 'de'
    WHEN r < 0.85 THEN 'ar'
    WHEN r < 0.89 THEN 'ja'
    WHEN r < 0.92 THEN 'ko'
    WHEN r < 0.95 THEN 'pt'
    WHEN r < 0.98 THEN 'zh'
    ELSE 'it'
  END;
$$;

-- ---------------------------------------------------------------------------
-- Utility: country picker with weighted distribution
-- ---------------------------------------------------------------------------
CREATE OR REPLACE FUNCTION public.seed_pick_country(r double precision)
RETURNS text LANGUAGE sql IMMUTABLE AS $$
  SELECT CASE
    WHEN r < 0.25 THEN 'US'
    WHEN r < 0.40 THEN 'TR'
    WHEN r < 0.50 THEN 'ES'
    WHEN r < 0.58 THEN 'FR'
    WHEN r < 0.65 THEN 'DE'
    WHEN r < 0.72 THEN 'GB'
    WHEN r < 0.77 THEN 'JP'
    WHEN r < 0.82 THEN 'KR'
    WHEN r < 0.87 THEN 'BR'
    WHEN r < 0.91 THEN 'SA'
    WHEN r < 0.94 THEN 'IT'
    WHEN r < 0.96 THEN 'MX'
    WHEN r < 0.98 THEN 'IN'
    ELSE 'CA'
  END;
$$;

-- Pre-computed bcrypt hash for 'seedpassword' (avoids per-row crypt() cost)
CREATE OR REPLACE FUNCTION public.seed_password_hash()
RETURNS text LANGUAGE sql IMMUTABLE AS $$
  SELECT '$2a$06$RzK1X5hN5KqJF5V8OqXYXOqYXOqYXOqYXOqYXOqYXOqYXOqYXOqYX'::text;
$$;

-- ---------------------------------------------------------------------------
-- Disable triggers that interfere with bulk inserts
-- ---------------------------------------------------------------------------

-- lensers.profiles triggers
ALTER TABLE lensers.profiles DISABLE TRIGGER "trg_after_lenser_insert";
ALTER TABLE lensers.profiles DISABLE TRIGGER "trg_init_lenser_engagement_row";
ALTER TABLE lensers.profiles DISABLE TRIGGER "trg_log_lenser_join";
ALTER TABLE lensers.profiles DISABLE TRIGGER "trg_sync_profile_from_auth_metadata";
ALTER TABLE lensers.profiles DISABLE TRIGGER "trg_enforce_lensers_protections";
ALTER TABLE lensers.profiles DISABLE TRIGGER "trg_protect_sensitive_lenser_fields";

-- lensers.follows trigger disable removed: table dropped in schema_cleanup migration

-- content.threads triggers
-- Note: tg_xp_thread_created was removed (duplicate trigger bug fix in migration 20260328130000)
ALTER TABLE content.threads DISABLE TRIGGER "trg_sync_thread_count";
ALTER TABLE content.threads DISABLE TRIGGER "trg_xp_on_thread_created";
ALTER TABLE content.threads DISABLE TRIGGER "trg_xp_thread_visibility_changed";

-- lenses.lenses triggers
ALTER TABLE lenses.lenses DISABLE TRIGGER "trg_sync_lens_count";
ALTER TABLE lenses.lenses DISABLE TRIGGER "tg_xp_lens_created";
ALTER TABLE lenses.lenses DISABLE TRIGGER "trg_xp_lens_visibility_changed";

-- lenses.workflows triggers
ALTER TABLE lenses.workflows DISABLE TRIGGER "trg_xp_workflow_created";
ALTER TABLE lenses.workflows DISABLE TRIGGER "trg_xp_workflow_visibility_changed";


-- content.thread_replies triggers
ALTER TABLE content.thread_replies DISABLE TRIGGER "thread_replies_after_insert";
ALTER TABLE content.thread_replies DISABLE TRIGGER "thread_replies_after_update";
ALTER TABLE content.thread_replies DISABLE TRIGGER "thread_replies_after_delete";
ALTER TABLE content.thread_replies DISABLE TRIGGER "trg_xp_on_reply_created";
ALTER TABLE content.thread_replies DISABLE TRIGGER "trg_xp_on_reply_received";

-- content.tag_map triggers
ALTER TABLE content.tag_map DISABLE TRIGGER "trg_tag_created";

-- content reaction triggers (force lenser_id = auth.uid() which is NULL in seed)
ALTER TABLE content.reactions DISABLE TRIGGER ALL;



-- >>> seeds/21_scale_auth_users.sql
-- =============================================================================
-- 11. SCALE AUTH USERS (10K users + identities)
-- =============================================================================

DO $$
DECLARE
  batch_start int;
  batch_size  int := 10000;
  total       int := 10000;
BEGIN
  FOR batch_start IN 0..total-1 BY batch_size LOOP
    RAISE NOTICE 'auth.users batch %/% ...', batch_start / batch_size + 1, total / batch_size;

    INSERT INTO auth.users (
      instance_id, id, aud, role, email, encrypted_password,
      email_confirmed_at, created_at, updated_at, last_sign_in_at,
      confirmation_token, confirmation_sent_at,
      recovery_token, recovery_sent_at,
      email_change, email_change_token_new, email_change_token_current, email_change_sent_at, email_change_confirm_status,
      reauthentication_token, reauthentication_sent_at,
      is_super_admin, is_sso_user, deleted_at, is_anonymous,
      phone, phone_confirmed_at, phone_change, phone_change_token, phone_change_sent_at,
      raw_app_meta_data, raw_user_meta_data
    )
    SELECT
      '00000000-0000-0000-0000-000000000000'::uuid,
      ('a1' || lpad(to_hex(batch_start + gs), 6, '0') || '-0001-4000-8000-000000000000')::uuid,
      'authenticated', 'authenticated',
      'seed_user_' || (batch_start + gs) || '@lenserfight.seed',
      public.seed_password_hash(),
      now() - (random() * interval '365 days'),
      now() - (random() * interval '365 days'),
      now(), now(),
      '', NULL,
      '', NULL,
      '', '', '', NULL, 0,
      '', NULL,
      false, false, NULL, false,
      NULL, NULL, '', '', NULL,
      '{"provider":"email","providers":["email"]}'::jsonb,
      jsonb_build_object(
        'display_name', 'Seed User ' || (batch_start + gs),
        'preferred_language', public.seed_pick_language(random())
      )
    FROM generate_series(0, LEAST(batch_size - 1, total - batch_start - 1)) AS gs
    ON CONFLICT (id) DO NOTHING;
  END LOOP;
END $$;

-- Identity records for all seed users
INSERT INTO auth.identities (
  id, user_id, provider_id, identity_data, provider,
  last_sign_in_at, created_at, updated_at
)
SELECT
  u.id, u.id, u.id,
  jsonb_build_object('sub', u.id::text, 'email', u.email),
  'email', u.created_at, u.created_at, u.created_at
FROM auth.users u
WHERE u.email LIKE '%@lenserfight.seed'
ON CONFLICT (id) DO NOTHING;


-- >>> seeds/22_scale_profiles.sql
-- =============================================================================
-- 12. SCALE LENSER PROFILES (5K from 10K users)
-- =============================================================================

INSERT INTO lensers.profiles (
  id, user_id, handle, display_name, bio,
  status, visibility, created_at
)
SELECT
  ('b2' || lpad(to_hex(rn), 6, '0') || '-0001-4000-8000-000000000000')::uuid,
  u.id,
  'lenser_' || lpad(to_hex(rn), 8, '0'),
  COALESCE(u.raw_user_meta_data->>'display_name', 'Lenser ' || rn),
  CASE WHEN random() < 0.3
    THEN 'Bio for seed lenser #' || rn || '. Exploring AI, creativity, and community.'
    ELSE NULL
  END,
  'active'::"lensers"."lenser_status",
  'public'::"lensers"."lenser_visibility",
  u.created_at
FROM (
  SELECT id, raw_user_meta_data, created_at,
    row_number() OVER (ORDER BY id) AS rn
  FROM auth.users
  WHERE email LIKE '%@lenserfight.seed'
  ORDER BY id
  LIMIT 5000
) u
ON CONFLICT (id) DO NOTHING;

INSERT INTO lensers.preferences (lenser_id, language, country_id)
SELECT
  p.id,
  COALESCE(u.raw_user_meta_data->>'preferred_language', 'en'),
  CASE
    WHEN random() < 0.25 THEN 'US'
    WHEN random() < 0.40 THEN 'TR'
    WHEN random() < 0.50 THEN 'ES'
    WHEN random() < 0.58 THEN 'FR'
    WHEN random() < 0.65 THEN 'DE'
    WHEN random() < 0.72 THEN 'GB'
    WHEN random() < 0.77 THEN 'JP'
    WHEN random() < 0.82 THEN 'KR'
    WHEN random() < 0.87 THEN 'BR'
    WHEN random() < 0.91 THEN 'SA'
    WHEN random() < 0.94 THEN 'IT'
    WHEN random() < 0.96 THEN 'MX'
    WHEN random() < 0.98 THEN 'IN'
    ELSE 'CA'
  END
FROM (
  SELECT id, raw_user_meta_data
  FROM auth.users
  WHERE email LIKE '%@lenserfight.seed'
) u
JOIN lensers.profiles p ON p.user_id = u.id
ON CONFLICT (lenser_id) DO UPDATE
SET language = EXCLUDED.language,
    country_id = EXCLUDED.country_id,
    updated_at = now();


-- >>> seeds/23_scale_tags.sql
-- =============================================================================
-- 13. SCALE TAGS (200 tags + multilingual translations)
-- =============================================================================

-- Base tags
INSERT INTO content.tags (id, slug, visibility, created_at)
SELECT
  gen_random_uuid(),
  'tag-' || lpad(gs::text, 4, '0'),
  'public'::"content"."tag_visibility_enum",
  now() - (random() * interval '180 days')
FROM generate_series(1, 200) gs
ON CONFLICT (slug) DO NOTHING;

-- English translations for all tags
INSERT INTO content.tag_translations (id, tag_id, language_code, name, created_at)
SELECT
  gen_random_uuid(), t.id, 'en',
  initcap(replace(t.slug, '-', ' ')),
  t.created_at
FROM content.tags t
WHERE t.slug LIKE 'tag-%'
ON CONFLICT DO NOTHING;

-- Turkish translations (~60% of tags)
INSERT INTO content.tag_translations (id, tag_id, language_code, name, created_at)
SELECT
  gen_random_uuid(), t.id, 'tr',
  initcap(replace(t.slug, '-', ' ')) || ' (TR)',
  t.created_at
FROM content.tags t
WHERE t.slug LIKE 'tag-%' AND random() < 0.6
ON CONFLICT DO NOTHING;

-- Spanish translations (~40% of tags)
INSERT INTO content.tag_translations (id, tag_id, language_code, name, created_at)
SELECT
  gen_random_uuid(), t.id, 'es',
  initcap(replace(t.slug, '-', ' ')) || ' (ES)',
  t.created_at
FROM content.tags t
WHERE t.slug LIKE 'tag-%' AND random() < 0.4
ON CONFLICT DO NOTHING;

-- French translations (~30% of tags)
INSERT INTO content.tag_translations (id, tag_id, language_code, name, created_at)
SELECT
  gen_random_uuid(), t.id, 'fr',
  initcap(replace(t.slug, '-', ' ')) || ' (FR)',
  t.created_at
FROM content.tags t
WHERE t.slug LIKE 'tag-%' AND random() < 0.3
ON CONFLICT DO NOTHING;

-- German translations (~25% of tags)
INSERT INTO content.tag_translations (id, tag_id, language_code, name, created_at)
SELECT
  gen_random_uuid(), t.id, 'de',
  initcap(replace(t.slug, '-', ' ')) || ' (DE)',
  t.created_at
FROM content.tags t
WHERE t.slug LIKE 'tag-%' AND random() < 0.25
ON CONFLICT DO NOTHING;


-- >>> seeds/24_scale_threads.sql
-- =============================================================================
-- 14. SCALE THREADS (5K threads + translations)
-- =============================================================================

-- Step 1: Pre-materialize author assignments with power-law distribution
DROP TABLE IF EXISTS seed_profile_index;
CREATE UNLOGGED TABLE seed_profile_index AS
SELECT
  p.id,
  COALESCE(pr.language, 'en') AS preferred_language,
  row_number() OVER (ORDER BY p.id) - 1 AS idx
FROM lensers.profiles p
LEFT JOIN lensers.preferences pr ON pr.lenser_id = p.id
WHERE p.handle LIKE 'lenser_%'
ORDER BY p.id;

CREATE INDEX ON seed_profile_index (idx);

-- Step 2: Insert threads in batches of 50K
DO $$
DECLARE
  batch_start int;
  batch_size  int := 5000;
  total       int := 5000;
  profile_cnt int;
BEGIN
  SELECT count(*) INTO profile_cnt FROM seed_profile_index;
  IF profile_cnt = 0 THEN
    RAISE EXCEPTION 'No seed profiles found. Run 12_scale_profiles.sql first.';
  END IF;

  FOR batch_start IN 0..total-1 BY batch_size LOOP
    RAISE NOTICE 'content.threads batch %/% ...', batch_start / batch_size + 1, total / batch_size;

    INSERT INTO content.threads (
      id, lenser_id, visibility, status,
      view_count, reply_count, created_at, updated_at
    )
    SELECT
      gen_random_uuid(),
      p.id,
      CASE
        WHEN rnd_vis < 0.85 THEN 'public'
        WHEN rnd_vis < 0.95 THEN 'community'
        ELSE 'private'
      END::"content"."visibility_enum",
      CASE
        WHEN rnd_stat < 0.90 THEN 'published'
        WHEN rnd_stat < 0.95 THEN 'draft'
        ELSE 'archived'
      END::"content"."content_status",
      (random() * 10000)::int,
      0,  -- backfilled later
      ca,
      ca + interval '1 hour'
    FROM (
      SELECT
        gs,
        -- Power-law: author_idx = floor(profile_count * pow(random(), 3))
        floor(profile_cnt * pow(random(), 3))::int AS author_idx,
        random() AS rnd_vis,
        random() AS rnd_stat,
        now() - (pow(random(), 1.5) * interval '365 days') AS ca
      FROM generate_series(batch_start, LEAST(batch_start + batch_size - 1, total - 1)) AS gs
    ) assignments
    JOIN seed_profile_index p ON p.idx = assignments.author_idx;
  END LOOP;
END $$;

-- Step 3: Original translations (one per thread, author's language)
INSERT INTO content.entity_translations (
  id, entity_type, entity_id, language_code, title, content, is_original, created_at
)
SELECT
  gen_random_uuid(),
  'thread'::"content"."entity_type_enum",
  t.id,
  COALESCE(pr.language, 'en'),
  'Thread ' || row_number() OVER (ORDER BY t.created_at) || ': '
    || CASE (row_number() OVER (ORDER BY t.created_at) % 12)
      WHEN 0  THEN 'Exploring AI creativity'
      WHEN 1  THEN 'Building better prompts'
      WHEN 2  THEN 'Code review best practices'
      WHEN 3  THEN 'Machine learning insights'
      WHEN 4  THEN 'Community discussion'
      WHEN 5  THEN 'Creative writing challenge'
      WHEN 6  THEN 'Technology trends'
      WHEN 7  THEN 'Design thinking approach'
      WHEN 8  THEN 'Open source contribution'
      WHEN 9  THEN 'Data science workflow'
      WHEN 10 THEN 'Product development'
      ELSE         'General topic'
    END,
  'This is seed content for thread #' || row_number() OVER (ORDER BY t.created_at)
    || '. ' || repeat(
      CASE (row_number() OVER (ORDER BY t.created_at) % 5)
        WHEN 0 THEN 'Artificial intelligence continues to reshape how we think about creativity and problem solving. '
        WHEN 1 THEN 'The intersection of technology and human expression offers endless possibilities for innovation. '
        WHEN 2 THEN 'Community-driven development helps build more robust and inclusive software ecosystems. '
        WHEN 3 THEN 'Effective prompt engineering requires understanding both the model capabilities and the problem domain. '
        ELSE        'Collaboration across disciplines leads to breakthroughs that no single field could achieve alone. '
      END,
      2 + (random() * 4)::int
    ),
  true,
  t.created_at
FROM content.threads t
JOIN lensers.profiles p ON p.id = t.lenser_id
LEFT JOIN lensers.preferences pr ON pr.lenser_id = p.id
WHERE NOT EXISTS (
  SELECT 1 FROM content.entity_translations et WHERE et.entity_id = t.id AND et.entity_type = 'thread'::"content"."entity_type_enum" AND et.is_original = true
);

-- Step 4: Secondary translations for ~15% of public threads (English if original is not English, Turkish otherwise)
INSERT INTO content.entity_translations (
  id, entity_type, entity_id, language_code, title, content, is_original, created_at
)
SELECT
  gen_random_uuid(),
  'thread'::"content"."entity_type_enum",
  t.id,
  CASE WHEN COALESCE(pr.language, 'en') = 'en' THEN 'tr' ELSE 'en' END,
  '[Translated] Thread ' || row_number() OVER (ORDER BY t.created_at),
  '[Translated] Seed content for a multilingual thread. '
    || repeat('This translated paragraph provides additional linguistic diversity for feed testing. ', 3),
  false,
  t.created_at + interval '1 day'
FROM content.threads t
JOIN lensers.profiles p ON p.id = t.lenser_id
LEFT JOIN lensers.preferences pr ON pr.lenser_id = p.id
WHERE t.visibility = 'public'::"content"."visibility_enum"
  AND t.status = 'published'::"content"."content_status"
  AND random() < 0.15;


-- >>> seeds/25_scale_lenses.sql
-- =============================================================================
-- 15. SCALE LENSES (5K lenses + translations + version_parameters)
-- =============================================================================
-- Covers all generative AI output categories:
--   text · code · image · video · audio · pdf · research · data · transform
-- Each variant has a realistic title, a proper system prompt with [[params]],
-- and typed version_parameters linked to lenses.tools.
-- =============================================================================

DO $$
DECLARE
  batch_start int;
  batch_size  int := 5000;
  total       int := 5000;
  profile_cnt int;
BEGIN
  SELECT count(*) INTO profile_cnt FROM seed_profile_index;

  FOR batch_start IN 0..total-1 BY batch_size LOOP
    RAISE NOTICE 'lenses.lenses batch %/% ...', batch_start / batch_size + 1, total / batch_size;

    INSERT INTO lenses.lenses (
      id, lenser_id, visibility, status, created_at, updated_at
    )
    SELECT
      gen_random_uuid(),
      p.id,
      CASE
        WHEN rnd_vis < 0.82 THEN 'public'
        WHEN rnd_vis < 0.94 THEN 'community'
        ELSE 'private'
      END::"content"."visibility_enum",
      CASE
        WHEN rnd_stat < 0.88 THEN 'published'
        WHEN rnd_stat < 0.94 THEN 'draft'
        ELSE 'archived'
      END::"content"."content_status",
      ca,
      ca + interval '30 minutes'
    FROM (
      SELECT
        gs,
        floor(profile_cnt * pow(random(), 3))::int AS author_idx,
        random() AS rnd_vis,
        random() AS rnd_stat,
        now() - (pow(random(), 1.5) * interval '365 days') AS ca
      FROM generate_series(batch_start, LEAST(batch_start + batch_size - 1, total - 1)) AS gs
    ) assignments
    JOIN seed_profile_index p ON p.idx = assignments.author_idx;
  END LOOP;
END $$;

-- =============================================================================
-- Version 1 for each lens — 18 template variants across all AI output types
-- =============================================================================
INSERT INTO lenses.versions (
  lens_id, version_number, template_body, status, changelog, created_at
)
SELECT
  l.id,
  1,
  CASE ((row_number() OVER (ORDER BY l.created_at) - 1) % 18)
    -- 0: Long-form article (text)
    WHEN 0 THEN
      'You are an expert editorial writer. Write a well-structured, engaging article on [[topic]] targeting a [[audience]] audience. Length: [[word_count]] words. Tone: [[tone]]. Include a compelling headline, subheadings, and a clear conclusion.'

    -- 1: Code generation (code)
    WHEN 1 THEN
      'You are a senior software engineer. Write clean, production-ready [[language]] code that implements [[task]]. Requirements: [[requirements]]. Include inline comments for non-obvious logic, error handling, and a brief usage example.'

    -- 2: Image generation prompt builder (text → image brief)
    WHEN 2 THEN
      'You are a visual art director. Generate a detailed image generation prompt for [[subject]]. Specify: art style, composition, lighting, color palette, mood, and negative constraints. Format the output as a single optimized prompt string ready to send to an image model.'

    -- 3: Video script (text → video)
    WHEN 3 THEN
      'You are a video content strategist. Write a [[duration]]-second script for a [[format]] video about [[topic]]. Include: hook (first 3 seconds), scene-by-scene breakdown with shot descriptions, narration, on-screen text callouts, and a call-to-action. Pacing: [[pacing]].'

    -- 4: Podcast / audio script (text → audio)
    WHEN 4 THEN
      'You are a podcast producer. Write a conversational [[duration]]-minute episode script on [[topic]] for [[show_name]]. Cover: [[talking_points]]. Include host notes, natural pauses, and listener engagement moments. Tone: [[tone]].'

    -- 5: PDF report generator (text → PDF)
    WHEN 5 THEN
      'You are a professional report writer. Produce a structured [[report_type]] report titled [[title]] based on the following data and context: [[context]]. Include an executive summary, methodology, key findings with evidence, recommendations, and an appendix outline. Format for PDF export.'

    -- 6: Research synthesis (research)
    WHEN 6 THEN
      'You are a research analyst. Synthesize the available evidence on [[research_question]] within the domain of [[domain]]. Identify key findings, conflicting evidence, knowledge gaps, and confidence levels. Emit a JSON object: {summary, findings[], open_questions[], recommended_next_steps[]}.'

    -- 7: Data analysis & insight extraction (data)
    WHEN 7 THEN
      'You are a data analyst. Analyze the following dataset: [[data]]. Identify trends, outliers, correlations, and actionable insights. Format your response as: Executive Summary, Key Metrics, Trend Analysis, Anomalies, and Recommendations. Audience: [[audience]].'

    -- 8: Code review (code transform)
    WHEN 8 THEN
      'You are a senior code reviewer. Review the following [[language]] code for correctness, performance, security vulnerabilities, and adherence to best practices: [[code]]. Provide: a severity-rated issue list, specific fix suggestions with code snippets, and an overall quality score (1–10).'

    -- 9: Translation & localization (text transform)
    WHEN 9 THEN
      'You are a professional translator and localization expert. Translate the following content from [[source_language]] to [[target_language]]: [[content]]. Preserve tone, idioms, and cultural nuance. Flag any terms that require localization review.'

    -- 10: Social media content pack (text)
    WHEN 10 THEN
      'You are a social media strategist. Create a content pack for [[platform]] promoting [[topic]]. Produce: 3 caption variants (short/medium/long), 5 hashtag sets, 2 call-to-action variations, and a posting schedule recommendation. Brand voice: [[brand_voice]].'

    -- 11: SEO content optimizer (text transform)
    WHEN 11 THEN
      'You are an SEO content specialist. Rewrite the following text to rank for the primary keyword [[keyword]] and secondary keywords [[secondary_keywords]]: [[content]]. Maintain a natural [[tone]] tone, optimize meta description and title tag, and preserve the original intent.'

    -- 12: Product description writer (text)
    WHEN 12 THEN
      'You are a conversion copywriter. Write a compelling product description for [[product_name]] in the [[category]] category. Target buyer persona: [[persona]]. Highlight: [[key_features]]. Include a headline, benefit-focused body (150–200 words), and a closing CTA. Tone: [[tone]].'

    -- 13: Meeting summary & action items (text transform)
    WHEN 13 THEN
      'You are an executive assistant. Summarize the following meeting transcript into a professional document: [[transcript]]. Extract: key decisions, action items (owner + due date), open questions, and next meeting agenda suggestions. Format as a structured memo.'

    -- 14: Legal / contract clause drafter (text)
    WHEN 14 THEN
      'You are a legal drafting assistant. Draft a [[clause_type]] clause for a [[contract_type]] agreement between [[party_a]] and [[party_b]] governed by [[jurisdiction]] law. Requirements: [[requirements]]. Use precise legal language. Flag areas requiring attorney review.'

    -- 15: Image-to-text description (image → text)
    WHEN 15 THEN
      'You are an image analyst. Provide a detailed, structured description of the image provided via [[image_url]] or [[image_description]]. Cover: main subjects, composition, color palette, mood, style, and any text visible. Output format: [[output_format]] (alt-text | detailed | accessibility | metadata-json).'

    -- 16: Email campaign writer (text)
    WHEN 16 THEN
      'You are an email marketing specialist. Write a [[email_type]] email for [[brand_name]] targeting [[segment]]. Goal: [[goal]]. Include: subject line (A/B variant), preheader, body (personalization hooks, value prop, social proof), and CTA button text. Word count: ~[[word_count]] words.'

    -- 17: Curriculum / training outline (text)
    WHEN 17 THEN
      'You are a learning experience designer. Create a [[duration]] training curriculum outline on [[topic]] for [[learner_level]] learners. Include: learning objectives, module breakdown (title + outcomes + activities), assessment strategy, and recommended resources. Format: structured outline.'
  END,
  'draft'::"content"."content_status",
  'Initial version',
  l.created_at
FROM lenses.lenses l
WHERE NOT EXISTS (
  SELECT 1 FROM lenses.versions v WHERE v.lens_id = l.id
);

-- =============================================================================
-- version_parameters — typed parameters matching each template variant
-- =============================================================================
WITH numbered_versions AS (
  SELECT
    v.id,
    ((row_number() OVER (ORDER BY l.created_at) - 1) % 18)::int AS variant_idx
  FROM lenses.versions v
  JOIN lenses.lenses l ON l.id = v.lens_id
)
INSERT INTO lenses.version_parameters (version_id, label, tool_id)
SELECT
  nv.id AS version_id,
  p.label,
  t.id  AS tool_id
FROM numbered_versions nv
CROSS JOIN LATERAL (
  SELECT label, tool_key FROM (VALUES
    -- 0: article
    (0,  'topic',         'textarea'),
    (0,  'audience',      'text'),
    (0,  'word_count',    'integer'),
    (0,  'tone',          'select_option'),
    -- 1: code generation
    (1,  'language',      'text'),
    (1,  'task',          'textarea'),
    (1,  'requirements',  'textarea'),
    -- 2: image prompt builder
    (2,  'subject',       'textarea'),
    -- 3: video script
    (3,  'topic',         'textarea'),
    (3,  'format',        'text'),
    (3,  'duration',      'integer'),
    (3,  'pacing',        'select_option'),
    -- 4: audio / podcast script
    (4,  'topic',         'textarea'),
    (4,  'show_name',     'text'),
    (4,  'duration',      'integer'),
    (4,  'talking_points','textarea'),
    (4,  'tone',          'select_option'),
    -- 5: PDF report
    (5,  'report_type',   'text'),
    (5,  'title',         'text'),
    (5,  'context',       'textarea'),
    -- 6: research synthesis
    (6,  'research_question', 'textarea'),
    (6,  'domain',        'text'),
    -- 7: data analysis
    (7,  'data',          'json_data'),
    (7,  'audience',      'text'),
    -- 8: code review
    (8,  'language',      'text'),
    (8,  'code',          'textarea'),
    -- 9: translation
    (9,  'source_language','text'),
    (9,  'target_language','text'),
    (9,  'content',       'textarea'),
    -- 10: social media
    (10, 'platform',      'text'),
    (10, 'topic',         'textarea'),
    (10, 'brand_voice',   'text'),
    -- 11: SEO optimizer
    (11, 'keyword',       'text'),
    (11, 'secondary_keywords', 'text'),
    (11, 'content',       'textarea'),
    (11, 'tone',          'select_option'),
    -- 12: product description
    (12, 'product_name',  'text'),
    (12, 'category',      'text'),
    (12, 'persona',       'text'),
    (12, 'key_features',  'textarea'),
    (12, 'tone',          'select_option'),
    -- 13: meeting summary
    (13, 'transcript',    'textarea'),
    -- 14: legal clause
    (14, 'clause_type',   'text'),
    (14, 'contract_type', 'text'),
    (14, 'party_a',       'text'),
    (14, 'party_b',       'text'),
    (14, 'jurisdiction',  'text'),
    (14, 'requirements',  'textarea'),
    -- 15: image-to-text
    (15, 'image_url',     'url_link'),
    (15, 'image_description', 'textarea'),
    (15, 'output_format', 'select_option'),
    -- 16: email campaign
    (16, 'email_type',    'text'),
    (16, 'brand_name',    'text'),
    (16, 'segment',       'text'),
    (16, 'goal',          'textarea'),
    (16, 'word_count',    'integer'),
    -- 17: curriculum
    (17, 'topic',         'textarea'),
    (17, 'duration',      'text'),
    (17, 'learner_level', 'select_option')
  ) AS variants(variant_idx, label, tool_key)
  WHERE variants.variant_idx = nv.variant_idx
) p
JOIN lenses.tools t ON t.key = p.tool_key
WHERE NOT EXISTS (
  SELECT 1 FROM lenses.version_parameters vp
  WHERE vp.version_id = nv.id AND vp.label = p.label
);

-- =============================================================================
-- head_version_id — point each lens at its sole version
-- =============================================================================
UPDATE lenses.lenses l
SET head_version_id = v.id
FROM lenses.versions v
WHERE v.lens_id = l.id
  AND l.head_version_id IS NULL;

-- =============================================================================
-- Original translations (one per lens)
-- =============================================================================
INSERT INTO content.entity_translations (
  id, entity_type, entity_id, language_code, title, description, content, is_original, created_at
)
SELECT
  gen_random_uuid(),
  'lens'::"content"."entity_type_enum",
  l.id,
  COALESCE(pr.language, 'en'),
  CASE ((row_number() OVER (ORDER BY l.created_at) - 1) % 18)
    WHEN 0  THEN 'Editorial Article Writer'
    WHEN 1  THEN 'Code Generator'
    WHEN 2  THEN 'Image Prompt Architect'
    WHEN 3  THEN 'Video Script Composer'
    WHEN 4  THEN 'Podcast Script Writer'
    WHEN 5  THEN 'PDF Report Generator'
    WHEN 6  THEN 'Research Synthesizer'
    WHEN 7  THEN 'Data Insight Extractor'
    WHEN 8  THEN 'Code Review Assistant'
    WHEN 9  THEN 'Translation & Localization Engine'
    WHEN 10 THEN 'Social Media Content Pack'
    WHEN 11 THEN 'SEO Content Optimizer'
    WHEN 12 THEN 'Product Description Writer'
    WHEN 13 THEN 'Meeting Summary & Action Items'
    WHEN 14 THEN 'Legal Clause Drafter'
    WHEN 15 THEN 'Image-to-Text Descriptor'
    WHEN 16 THEN 'Email Campaign Writer'
    ELSE        'Curriculum & Training Outline'
  END
  || ' #' || row_number() OVER (ORDER BY l.created_at),
  CASE ((row_number() OVER (ORDER BY l.created_at) - 1) % 18)
    WHEN 0  THEN 'Generates a structured, audience-aware article with headline, subheadings, and a clear conclusion.'
    WHEN 1  THEN 'Writes production-ready code with error handling and a usage example.'
    WHEN 2  THEN 'Builds a detailed text-to-image prompt optimised for diffusion models.'
    WHEN 3  THEN 'Produces a scene-by-scene video script with narration and shot notes.'
    WHEN 4  THEN 'Writes a conversational podcast episode with host notes and engagement hooks.'
    WHEN 5  THEN 'Drafts a structured PDF report: exec summary, findings, and recommendations.'
    WHEN 6  THEN 'Synthesizes research evidence and returns structured JSON findings.'
    WHEN 7  THEN 'Extracts trends, anomalies, and actionable insights from raw data.'
    WHEN 8  THEN 'Reviews code for bugs, performance, and security with severity-rated issues.'
    WHEN 9  THEN 'Translates content across languages while preserving tone and cultural nuance.'
    WHEN 10 THEN 'Creates captions, hashtags, and posting schedules for a social platform.'
    WHEN 11 THEN 'Rewrites content to rank for target keywords without sacrificing readability.'
    WHEN 12 THEN 'Writes a benefit-focused product description with headline and CTA.'
    WHEN 13 THEN 'Converts a meeting transcript into a structured memo with action items.'
    WHEN 14 THEN 'Drafts a precise legal clause with jurisdiction-aware language.'
    WHEN 15 THEN 'Describes an image in multiple formats: alt-text, detailed, or metadata JSON.'
    WHEN 16 THEN 'Writes a full email campaign with subject line, body, and CTA variants.'
    ELSE        'Builds a modular training curriculum with objectives, activities, and assessments.'
  END,
  NULL,
  true,
  l.created_at
FROM lenses.lenses l
JOIN lensers.profiles p ON p.id = l.lenser_id
LEFT JOIN lensers.preferences pr ON pr.lenser_id = p.id
WHERE NOT EXISTS (
  SELECT 1 FROM content.entity_translations et
  WHERE et.entity_id = l.id
    AND et.entity_type = 'lens'::"content"."entity_type_enum"
    AND et.is_original = true
);

-- =============================================================================
-- Secondary translations (~15% of published public lenses)
-- =============================================================================
INSERT INTO content.entity_translations (
  id, entity_type, entity_id, language_code, title, description, content, is_original, created_at
)
SELECT
  gen_random_uuid(),
  'lens'::"content"."entity_type_enum",
  l.id,
  CASE WHEN COALESCE(pr.language, 'en') = 'en' THEN 'tr' ELSE 'en' END,
  '[TR] ' || et.title,
  '[TR] ' || COALESCE(et.description, 'Bu lens çok dilli test için çevrilmiştir.'),
  '[TR] ' || COALESCE(et.content, 'Lütfen aşağıdaki görevi tamamlayın.'),
  false,
  l.created_at + interval '1 day'
FROM lenses.lenses l
JOIN lensers.profiles p ON p.id = l.lenser_id
LEFT JOIN lensers.preferences pr ON pr.lenser_id = p.id
JOIN content.entity_translations et
  ON et.entity_id = l.id
  AND et.entity_type = 'lens'::"content"."entity_type_enum"
  AND et.is_original = true
WHERE l.visibility = 'public'::"content"."visibility_enum"
  AND l.status = 'published'::"content"."content_status"
  AND random() < 0.15
  AND NOT EXISTS (
    SELECT 1 FROM content.entity_translations et2
    WHERE et2.entity_id = l.id
      AND et2.entity_type = 'lens'::"content"."entity_type_enum"
      AND et2.is_original = false
  );


-- >>> seeds/26_scale_tag_map.sql
-- =============================================================================
-- 16. SCALE TAG MAP (~3M tag associations)
-- =============================================================================

-- Pre-index tags for fast lookup
DROP TABLE IF EXISTS seed_tag_index;
CREATE UNLOGGED TABLE seed_tag_index AS
SELECT id AS tag_id, row_number() OVER (ORDER BY id) - 1 AS tidx
FROM content.tags
WHERE slug LIKE 'tag-%';

CREATE INDEX ON seed_tag_index (tidx);

-- Tag assignments for threads (~1.5M mappings, avg 1.5 tags per thread)
DO $$
DECLARE
  batch_start int;
  batch_size  int := 100000;
  total_threads int;
  tag_cnt int;
BEGIN
  SELECT count(*) INTO total_threads FROM content.threads;
  SELECT count(*) INTO tag_cnt FROM seed_tag_index;

  RAISE NOTICE 'Tagging % threads with % available tags...', total_threads, tag_cnt;

  -- Process threads in batches
  FOR batch_start IN 0..total_threads-1 BY batch_size LOOP
    RAISE NOTICE 'tag_map threads batch starting at %...', batch_start;

    INSERT INTO content.tag_map (id, entity_type, entity_id, tag_id, created_at)
    SELECT DISTINCT ON (t.id, ti.tag_id)
      gen_random_uuid(),
      'thread'::"content"."entity_type_enum",
      t.id,
      ti.tag_id,
      t.created_at
    FROM (
      SELECT id, created_at, row_number() OVER (ORDER BY id) - 1 AS rn
      FROM content.threads
      ORDER BY id
      OFFSET batch_start LIMIT batch_size
    ) t
    CROSS JOIN LATERAL (
      -- 1-3 tags per thread, power-law tag selection
      SELECT (floor(tag_cnt * pow(random(), 2))::int) AS tidx
      FROM generate_series(1, 1 + (random() * 2)::int)
    ) tag_picks
    JOIN seed_tag_index ti ON ti.tidx = tag_picks.tidx
    ON CONFLICT DO NOTHING;
  END LOOP;
END $$;

-- Tag assignments for lenses (~1.5M mappings)
DO $$
DECLARE
  batch_start int;
  batch_size  int := 100000;
  total_lenses int;
  tag_cnt int;
BEGIN
  SELECT count(*) INTO total_lenses FROM lenses.lenses;
  SELECT count(*) INTO tag_cnt FROM seed_tag_index;

  FOR batch_start IN 0..total_lenses-1 BY batch_size LOOP
    RAISE NOTICE 'tag_map lenses batch starting at %...', batch_start;

    INSERT INTO content.tag_map (id, entity_type, entity_id, tag_id, created_at)
    SELECT DISTINCT ON (pt.id, ti.tag_id)
      gen_random_uuid(),
      'lens'::"content"."entity_type_enum",
      pt.id,
      ti.tag_id,
      pt.created_at
    FROM (
      SELECT id, created_at, row_number() OVER (ORDER BY id) - 1 AS rn
      FROM lenses.lenses
      ORDER BY id
      OFFSET batch_start LIMIT batch_size
    ) pt
    CROSS JOIN LATERAL (
      SELECT (floor(tag_cnt * pow(random(), 2))::int) AS tidx
      FROM generate_series(1, 1 + (random() * 2)::int)
    ) tag_picks
    JOIN seed_tag_index ti ON ti.tidx = tag_picks.tidx
    ON CONFLICT DO NOTHING;
  END LOOP;
END $$;


-- >>> seeds/27_scale_replies.sql
-- =============================================================================
-- 17. SCALE THREAD REPLIES (10K replies)
-- =============================================================================

DO $$
DECLARE
  batch_start int;
  batch_size  int := 10000;
  total       int := 10000;
  thread_cnt  int;
  profile_cnt int;
BEGIN
  SELECT count(*) INTO thread_cnt
  FROM content.threads
  WHERE visibility = 'public'::"content"."visibility_enum"
    AND status = 'published'::"content"."content_status";

  SELECT count(*) INTO profile_cnt FROM seed_profile_index;

  RAISE NOTICE 'Creating % replies across % public threads...', total, thread_cnt;

  FOR batch_start IN 0..total-1 BY batch_size LOOP
    RAISE NOTICE 'thread_replies batch %/% ...', batch_start / batch_size + 1, total / batch_size;

    INSERT INTO content.thread_replies (
      id, thread_id, parent_reply_id, lenser_id,
      content, status, created_at, updated_at
    )
    SELECT
      gen_random_uuid(),
      t.id,
      NULL,  -- top-level replies (no nesting for scale seed)
      p.id,
      'Reply #' || (batch_start + gs) || ': '
        || CASE (gs % 8)
          WHEN 0 THEN 'Great point! I agree with this perspective.'
          WHEN 1 THEN 'Interesting take. Have you considered the alternative approach?'
          WHEN 2 THEN 'Thanks for sharing. This helped me understand the concept better.'
          WHEN 3 THEN 'I disagree respectfully. Here is my reasoning...'
          WHEN 4 THEN 'Could you elaborate more on this? I find it fascinating.'
          WHEN 5 THEN 'This reminds me of a similar discussion from last week.'
          WHEN 6 THEN 'Well explained! The examples really make it clear.'
          ELSE        'Adding to the discussion: there are several nuances worth exploring here.'
        END,
      'published'::"content"."thread_reply_status",
      t.created_at + (random() * interval '30 days'),
      t.created_at + (random() * interval '30 days')
    FROM generate_series(0, LEAST(batch_size - 1, total - batch_start - 1)) AS gs
    -- Power-law thread selection: popular threads get more replies
    JOIN LATERAL (
      SELECT id, created_at
      FROM content.threads
      WHERE visibility = 'public'::"content"."visibility_enum"
        AND status = 'published'::"content"."content_status"
      ORDER BY view_count DESC
      OFFSET floor(thread_cnt * pow(random(), 2))::int
      LIMIT 1
    ) t ON true
    -- Random replier
    JOIN seed_profile_index p ON p.idx = floor(random() * profile_cnt)::int;
  END LOOP;
END $$;


-- >>> seeds/28_scale_follows.sql
-- =============================================================================
-- 18. SCALE FOLLOWS (10K lenser follows + 2K tag follows)
-- =============================================================================

-- Lenser follows (~10K) — inserted into lensers.relationships (status='accepted')
DO $$
DECLARE
  batch_start int;
  batch_size  int := 10000;
  total       int := 10000;
  profile_cnt int;
BEGIN
  SELECT count(*) INTO profile_cnt FROM seed_profile_index;

  FOR batch_start IN 0..total-1 BY batch_size LOOP
    RAISE NOTICE 'lensers.relationships batch %/% ...', batch_start / batch_size + 1, total / batch_size;

    INSERT INTO lensers.relationships (
        id, source_profile_id, target_profile_id,
        status, accepted_at, requested_at
    )
    SELECT
      gen_random_uuid(),
      follower.id,
      following.id,
      'accepted',
      GREATEST(follower.created_at, following.created_at) + (random() * interval '30 days'),
      GREATEST(follower.created_at, following.created_at) + (random() * interval '30 days')
    FROM (
      -- Random follower
      SELECT p.id, (SELECT created_at FROM lensers.profiles WHERE id = p.id) AS created_at
      FROM seed_profile_index p
      WHERE p.idx = floor(random() * profile_cnt)::int
      LIMIT 1
    ) follower
    CROSS JOIN LATERAL (
      -- Power-law following: popular lensers followed more
      SELECT p.id, (SELECT created_at FROM lensers.profiles WHERE id = p.id) AS created_at
      FROM seed_profile_index p
      WHERE p.idx = floor(profile_cnt * pow(random(), 2))::int
        AND p.id <> follower.id
      LIMIT 1
    ) following
    CROSS JOIN generate_series(0, LEAST(batch_size - 1, total - batch_start - 1)) AS gs
    ON CONFLICT DO NOTHING;
  END LOOP;
END $$;

-- Tag follows (~2K)
DO $$
DECLARE
  profile_cnt int;
  tag_cnt int;
BEGIN
  SELECT count(*) INTO profile_cnt FROM seed_profile_index;
  SELECT count(*) INTO tag_cnt FROM seed_tag_index;

  RAISE NOTICE 'Creating ~2K tag follows...';

  INSERT INTO lensers.tag_follows (id, lenser_id, tag_id, created_at)
  SELECT * FROM (
    SELECT
      gen_random_uuid(),
      p.id,
      ti.tag_id,
      now() - (random() * interval '180 days')
    FROM seed_profile_index p
    CROSS JOIN LATERAL (
      -- 1-7 tags per lenser, power-law tag popularity
      SELECT (floor(tag_cnt * pow(random(), 2))::int) AS tidx
      FROM generate_series(1, 1 + (random() * 6)::int)
    ) tag_picks
    JOIN seed_tag_index ti ON ti.tidx = tag_picks.tidx
    WHERE random() < 0.75  -- throttle to ~500K total
    LIMIT 2000
  ) sub
  ON CONFLICT DO NOTHING;
END $$;


-- >>> seeds/29_scale_reactions.sql
-- =============================================================================
-- 19. SCALE REACTIONS (5K thread + 3K prompt + 2K reply reactions)
-- =============================================================================

-- ---------------------------------------------------------------------------
-- Thread reactions (~5K)
-- ---------------------------------------------------------------------------
DO $$
DECLARE
  batch_start int;
  batch_size  int := 5000;
  total       int := 5000;
  thread_cnt  int;
  user_cnt    int;
BEGIN
  SELECT count(*) INTO thread_cnt
  FROM content.threads
  WHERE visibility = 'public'::"content"."visibility_enum"
    AND status = 'published'::"content"."content_status";

  SELECT count(*) INTO user_cnt
  FROM auth.users WHERE email LIKE '%@lenserfight.seed';

  RAISE NOTICE 'Creating % thread reactions across % threads...', total, thread_cnt;

  FOR batch_start IN 0..total-1 BY batch_size LOOP
    RAISE NOTICE 'thread_reactions batch %/% ...', batch_start / batch_size + 1, total / batch_size;

    INSERT INTO content.reactions (id, entity_type, entity_id, lenser_id, reaction, created_at)
    SELECT
      gen_random_uuid(),
      'thread'::"content"."entity_type_enum",
      t.id,
      u.id,
      (ARRAY['like','love','clap','saved','copy','dislike'])[1 + floor(random() * 6)::int]::"content"."reaction_enum",
      t.created_at + (random() * interval '60 days')
    FROM generate_series(0, LEAST(batch_size - 1, total - batch_start - 1)) AS gs
    -- Power-law thread selection by view_count
    JOIN LATERAL (
      SELECT id, created_at FROM content.threads
      WHERE visibility = 'public'::"content"."visibility_enum"
        AND status = 'published'::"content"."content_status"
      ORDER BY view_count DESC
      OFFSET floor(thread_cnt * pow(random(), 3))::int
      LIMIT 1
    ) t ON true
    -- Random user
    JOIN LATERAL (
      SELECT id FROM auth.users
      WHERE email LIKE '%@lenserfight.seed'
      OFFSET floor(random() * user_cnt)::int
      LIMIT 1
    ) u ON true
    ON CONFLICT DO NOTHING;
  END LOOP;
END $$;

-- ---------------------------------------------------------------------------
-- Lens reactions (~3K)
-- ---------------------------------------------------------------------------
DO $$
DECLARE
  batch_start int;
  batch_size  int := 3000;
  total       int := 3000;
  lens_cnt  int;
  user_cnt    int;
BEGIN
  SELECT count(*) INTO lens_cnt
  FROM lenses.lenses
  WHERE visibility = 'public'::"content"."visibility_enum"
    AND status = 'published'::"content"."content_status";

  SELECT count(*) INTO user_cnt
  FROM auth.users WHERE email LIKE '%@lenserfight.seed';

  RAISE NOTICE 'Creating % lens reactions across % lenses...', total, lens_cnt;

  FOR batch_start IN 0..total-1 BY batch_size LOOP
    RAISE NOTICE 'lens_reactions batch %/% ...', batch_start / batch_size + 1, total / batch_size;

    INSERT INTO content.reactions (id, entity_type, entity_id, lenser_id, reaction, created_at)
    SELECT
      gen_random_uuid(),
      'lens'::"content"."entity_type_enum",
      pt.id,
      u.id,
      (ARRAY['like','love','clap','saved','copy','dislike'])[1 + floor(random() * 6)::int]::"content"."reaction_enum",
      pt.created_at + (random() * interval '60 days')
    FROM generate_series(0, LEAST(batch_size - 1, total - batch_start - 1)) AS gs
    JOIN LATERAL (
      SELECT id, created_at FROM lenses.lenses
      WHERE visibility = 'public'::"content"."visibility_enum"
        AND status = 'published'::"content"."content_status"
      OFFSET floor(lens_cnt * pow(random(), 3))::int
      LIMIT 1
    ) pt ON true
    JOIN LATERAL (
      SELECT id FROM auth.users
      WHERE email LIKE '%@lenserfight.seed'
      OFFSET floor(random() * user_cnt)::int
      LIMIT 1
    ) u ON true
    ON CONFLICT DO NOTHING;
  END LOOP;
END $$;

-- ---------------------------------------------------------------------------
-- Thread reply reactions (~2K)
-- ---------------------------------------------------------------------------
DO $$
DECLARE
  batch_start int;
  batch_size  int := 2000;
  total       int := 2000;
  reply_cnt   int;
  user_cnt    int;
BEGIN
  SELECT count(*) INTO reply_cnt FROM content.thread_replies;
  SELECT count(*) INTO user_cnt
  FROM auth.users WHERE email LIKE '%@lenserfight.seed';

  RAISE NOTICE 'Creating % reply reactions across % replies...', total, reply_cnt;

  FOR batch_start IN 0..total-1 BY batch_size LOOP
    RAISE NOTICE 'reply_reactions batch %/% ...', batch_start / batch_size + 1, total / batch_size;

    INSERT INTO content.reactions (id, entity_type, entity_id, lenser_id, reaction, created_at)
    SELECT
      gen_random_uuid(),
      'thread_reply'::"content"."entity_type_enum",
      r.id,
      u.id,
      (ARRAY['like','love','clap','dislike'])[1 + floor(random() * 4)::int]::"content"."reaction_enum",
      r.created_at + (random() * interval '30 days')
    FROM generate_series(0, LEAST(batch_size - 1, total - batch_start - 1)) AS gs
    JOIN LATERAL (
      SELECT id, created_at FROM content.thread_replies
      OFFSET floor(reply_cnt * pow(random(), 2))::int
      LIMIT 1
    ) r ON true
    JOIN LATERAL (
      SELECT id FROM auth.users
      WHERE email LIKE '%@lenserfight.seed'
      OFFSET floor(random() * user_cnt)::int
      LIMIT 1
    ) u ON true
    ON CONFLICT DO NOTHING;
  END LOOP;
END $$;


-- >>> seeds/31_scale_backfill.sql
-- =============================================================================
-- 21. SCALE BACKFILL
-- =============================================================================

-- ---------------------------------------------------------------------------
-- Re-enable all disabled triggers
-- ---------------------------------------------------------------------------

-- lensers.profiles
ALTER TABLE lensers.profiles ENABLE TRIGGER "trg_after_lenser_insert";
ALTER TABLE lensers.profiles ENABLE TRIGGER "trg_init_lenser_engagement_row";
ALTER TABLE lensers.profiles ENABLE TRIGGER "trg_log_lenser_join";
ALTER TABLE lensers.profiles ENABLE TRIGGER "trg_sync_profile_from_auth_metadata";
ALTER TABLE lensers.profiles ENABLE TRIGGER "trg_enforce_lensers_protections";
ALTER TABLE lensers.profiles ENABLE TRIGGER "trg_protect_sensitive_lenser_fields";

-- lensers.follows trigger re-enable removed: table dropped in schema_cleanup migration

-- content.threads
-- Note: tg_xp_thread_created was dropped in migration 20260328130000 (duplicate trigger fix)
ALTER TABLE content.threads ENABLE TRIGGER "trg_sync_thread_count";
ALTER TABLE content.threads ENABLE TRIGGER "trg_xp_on_thread_created";
ALTER TABLE content.threads ENABLE TRIGGER "trg_xp_thread_visibility_changed";

-- lenses.lenses
-- Note: trg_lenses_create_initial_version and trg_lens_template_updated
-- were dropped in migration 20260324000000_lens_schema_refactor.sql
ALTER TABLE lenses.lenses ENABLE TRIGGER "trg_sync_lens_count";
ALTER TABLE lenses.lenses ENABLE TRIGGER "tg_xp_lens_created";

-- content.thread_replies
ALTER TABLE content.thread_replies ENABLE TRIGGER "thread_replies_after_insert";
ALTER TABLE content.thread_replies ENABLE TRIGGER "thread_replies_after_update";
ALTER TABLE content.thread_replies ENABLE TRIGGER "thread_replies_after_delete";
ALTER TABLE content.thread_replies ENABLE TRIGGER "trg_xp_on_reply_created";
ALTER TABLE content.thread_replies ENABLE TRIGGER "trg_xp_on_reply_received";

-- content.tag_map
ALTER TABLE content.tag_map ENABLE TRIGGER "trg_tag_created";

-- content reactions
ALTER TABLE content.reactions ENABLE TRIGGER ALL;


-- ---------------------------------------------------------------------------
-- ---------------------------------------------------------------------------
SELECT id, created_at
FROM lensers.profiles
WHERE handle LIKE 'lenser_%'
ORDER BY created_at, id
ON CONFLICT (lenser_id) DO NOTHING;

-- ---------------------------------------------------------------------------
-- ---------------------------------------------------------------------------
SELECT
  p.id,
  COALESCE(tc.cnt, 0),
  COALESCE(pc.cnt, 0),
  COALESCE(frc.cnt, 0),
  COALESCE(fgc.cnt, 0),
  now()
FROM lensers.profiles p
LEFT JOIN (
  SELECT lenser_id, count(*)::int AS cnt FROM content.threads GROUP BY lenser_id
) tc ON tc.lenser_id = p.id
LEFT JOIN (
  SELECT lenser_id, count(*)::int AS cnt FROM lenses.lenses GROUP BY lenser_id
) pc ON pc.lenser_id = p.id
LEFT JOIN (
  SELECT target_profile_id AS lenser_id, count(*)::int AS cnt FROM lensers.relationships WHERE status = 'accepted' GROUP BY target_profile_id
) frc ON frc.lenser_id = p.id
LEFT JOIN (
  SELECT source_profile_id AS lenser_id, count(*)::int AS cnt FROM lensers.relationships WHERE status = 'accepted' GROUP BY source_profile_id
) fgc ON fgc.lenser_id = p.id
WHERE p.handle LIKE 'lenser_%'
ON CONFLICT (lenser_id) DO UPDATE SET
  thread_count = EXCLUDED.thread_count,
  lens_count = EXCLUDED.lens_count,
  follower_count = EXCLUDED.follower_count,
  following_count = EXCLUDED.following_count,
  updated_at = now();

-- ---------------------------------------------------------------------------
-- Backfill thread reply_count
-- ---------------------------------------------------------------------------
UPDATE content.threads t
SET reply_count = sub.cnt
FROM (
  SELECT thread_id, count(*)::int AS cnt
  FROM content.thread_replies
  WHERE status = 'published'::"content"."thread_reply_status"
    AND deleted_at IS NULL
  GROUP BY thread_id
) sub
WHERE t.id = sub.thread_id
  AND t.reply_count <> sub.cnt;

-- ---------------------------------------------------------------------------
-- Drop temp tables
-- ---------------------------------------------------------------------------
DROP TABLE IF EXISTS seed_profile_index;
DROP TABLE IF EXISTS seed_tag_index;
DROP FUNCTION IF EXISTS public.seed_pick_language(float);
DROP FUNCTION IF EXISTS public.seed_pick_country(double precision);
DROP FUNCTION IF EXISTS public.seed_password_hash();

-- ---------------------------------------------------------------------------
-- ANALYZE all seeded tables for query planner accuracy
-- ---------------------------------------------------------------------------
ANALYZE auth.users;
ANALYZE auth.identities;
ANALYZE lensers.profiles;
ANALYZE lensers.relationships;
ANALYZE lensers.tag_follows;
ANALYZE lensers.badges;
ANALYZE content.threads;
ANALYZE content.entity_translations;
ANALYZE content.thread_replies;
ANALYZE content.reactions;
ANALYZE lenses.lenses;
ANALYZE lenses.versions;
ANALYZE content.tags;
ANALYZE content.tag_translations;
ANALYZE content.tag_map;

-- Reset memory settings
RESET work_mem;
RESET maintenance_work_mem;


-- >>> seeds/32_scale_workflows.sql
-- =============================================================================
-- 32. SCALE WORKFLOWS
-- =============================================================================
-- Seeds 500 realistic workflows across all generative AI output categories:
--   text · code · image · video · audio · pdf · research · data · transform
--
-- Each workflow gets:
--   • A professional title and description
--   • 2–5 workflow_nodes wired in a linear DAG (workflow_edges)
--   • 2–4 workflow_phases with ordered workflow_tasks (phases/tasks model)
--
-- Authors: ~80% human lensers, ~20% AI lenser profiles.
-- Nodes reuse lenses from the pool seeded in 25_scale_lenses.sql.
-- =============================================================================

DO $$
DECLARE
  total            int := 500;
  i                int;
  wf_id            uuid;
  lenser_id_val    uuid;
  node_count       int;
  node_ids         uuid[];
  lens_ids         uuid[];
  all_lens_count   int;
  all_lenser_ids   uuid[];
  all_lenser_cnt   int;
  node_idx         int;
  curr_node_id     uuid;
  lens_id_val      uuid;
  version_id_val   uuid;
  vis              text;
  ca               timestamptz;
  variant_idx      int;
  phase_id_1       uuid;
  phase_id_2       uuid;
  phase_id_3       uuid;
  phase_id_4       uuid;
  task_id          uuid;
  node_label       text;

  -- ---------------------------------------------------------------------------
  -- 12 professional workflow categories
  -- ---------------------------------------------------------------------------
  wf_titles text[][] := ARRAY[
    -- 0: Long-form content pipeline
    ARRAY[
      'Long-Form Article Pipeline',
      'Researches a topic, builds an outline, drafts and refines a publication-ready article, then exports a PDF.',
      'ARRAY[''Research & Brief'', ''Draft'', ''Refine'', ''Export'']'
    ],
    -- 1: Code generation & review loop
    ARRAY[
      'Code Generation & Review Loop',
      'Generates implementation code, runs a security and quality review, applies fixes, and produces final documentation.',
      'ARRAY[''Generate'', ''Review'', ''Fix'', ''Document'']'
    ],
    -- 2: Text-to-image campaign
    ARRAY[
      'Text-to-Image Campaign Builder',
      'Translates a creative brief into optimised image prompts, renders stills, refines them, and packages a visual kit.',
      'ARRAY[''Brief'', ''Prompt Engineering'', ''Render'', ''Package'']'
    ],
    -- 3: Short-form video production
    ARRAY[
      'Short-Form Video Production',
      'Builds a hook-driven script, generates scene descriptions, renders a video draft, and validates pacing and CTA.',
      'ARRAY[''Script'', ''Scene Plan'', ''Render'', ''QA'']'
    ],
    -- 4: Podcast episode pipeline
    ARRAY[
      'Podcast Episode Pipeline',
      'Outlines episode beats, writes host dialogue and transitions, produces an audio-ready script, and drafts show notes.',
      'ARRAY[''Outline'', ''Script'', ''Show Notes'', ''Distribution'']'
    ],
    -- 5: Research-to-PDF report
    ARRAY[
      'Research Brief to PDF Report',
      'Synthesises evidence for a research question, structures findings, drafts a report, validates it, and exports a PDF.',
      'ARRAY[''Research'', ''Structure'', ''Draft'', ''Validate'', ''Export'']'
    ],
    -- 6: Data analysis & insight report
    ARRAY[
      'Data Analysis & Insight Pipeline',
      'Ingests raw data, extracts statistical insights, writes an executive summary, and generates a shareable report.',
      'ARRAY[''Ingest'', ''Analyse'', ''Summarise'', ''Report'']'
    ],
    -- 7: SEO content optimisation
    ARRAY[
      'SEO Content Optimisation Flow',
      'Audits existing content, rewrites it for target keywords, validates readability and structure, and produces final copy.',
      'ARRAY[''Audit'', ''Rewrite'', ''Validate'', ''Publish'']'
    ],
    -- 8: Multilingual localisation
    ARRAY[
      'Multilingual Localisation Pipeline',
      'Translates source content into multiple locales, checks cultural fluency, and outputs a locale-keyed content pack.',
      'ARRAY[''Extract'', ''Translate'', ''Review'', ''Package'']'
    ],
    -- 9: Email campaign factory
    ARRAY[
      'Email Campaign Factory',
      'Generates subject lines, body copy, and CTA variants for a full drip campaign, then validates deliverability signals.',
      'ARRAY[''Strategy'', ''Copywriting'', ''A/B Variants'', ''QA'']'
    ],
    -- 10: Legal document drafter
    ARRAY[
      'Legal Document Drafting Flow',
      'Drafts contract clauses, reviews for compliance gaps, adds jurisdiction-specific language, and flags review items.',
      'ARRAY[''Draft'', ''Compliance Review'', ''Localise'', ''Flag'']'
    ],
    -- 11: Product launch content kit
    ARRAY[
      'Product Launch Content Kit',
      'Produces launch copy, social posts, press release, product descriptions, and a visual brief from a single product spec.',
      'ARRAY[''Brief'', ''Copy'', ''Social'', ''Press Release'', ''Visual Brief'']'
    ]
  ];

BEGIN
  -- ---------------------------------------------------------------------------
  -- Build lenser pool: 80% human / 20% AI
  -- ---------------------------------------------------------------------------
  SELECT array_agg(id) INTO all_lenser_ids
  FROM (
    SELECT id FROM (
      SELECT id FROM lensers.profiles
      WHERE handle LIKE 'lenser_%' AND status = 'active'::"lensers"."lenser_status"
      ORDER BY random() LIMIT 400
    ) h
    UNION ALL
    SELECT id FROM (
      SELECT id FROM lensers.profiles
      WHERE type = 'ai'::"lensers"."lenser_type" AND status = 'active'::"lensers"."lenser_status"
      ORDER BY random() LIMIT 100
    ) a
  ) combined;

  all_lenser_cnt := COALESCE(array_length(all_lenser_ids, 1), 0);

  IF all_lenser_cnt = 0 THEN
    RAISE NOTICE '32_scale_workflows: no lenser profiles found — skipping.';
    RETURN;
  END IF;

  -- Build lens pool for nodes
  SELECT array_agg(id) INTO lens_ids
  FROM (
    SELECT id FROM lenses.lenses
    WHERE status = 'published'::"content"."content_status"
    ORDER BY random() LIMIT 3000
  ) l;

  all_lens_count := COALESCE(array_length(lens_ids, 1), 0);

  IF all_lens_count = 0 THEN
    RAISE NOTICE '32_scale_workflows: no published lenses found — skipping nodes.';
  END IF;

  -- ---------------------------------------------------------------------------
  -- Main loop
  -- ---------------------------------------------------------------------------
  FOR i IN 1..total LOOP
    lenser_id_val := all_lenser_ids[ 1 + (floor(random() * all_lenser_cnt))::int ];
    variant_idx   := (i - 1) % 12;

    vis := CASE
      WHEN random() < 0.78 THEN 'public'
      WHEN random() < 0.92 THEN 'unlisted'
      ELSE 'private'
    END;

    ca := now() - (pow(random(), 1.5) * interval '365 days');

    -- -------------------------------------------------------------------------
    -- Insert workflow
    -- -------------------------------------------------------------------------
    wf_id := gen_random_uuid();
    INSERT INTO lenses.workflows (
      id, lenser_id, title, description, visibility, created_at, updated_at
    ) VALUES (
      wf_id,
      lenser_id_val,
      wf_titles[variant_idx + 1][1] || ' #' || i,
      wf_titles[variant_idx + 1][2],
      vis,
      ca,
      ca + interval '10 minutes'
    );

    -- -------------------------------------------------------------------------
    -- Nodes: 2–5, linear DAG
    -- -------------------------------------------------------------------------
    IF all_lens_count > 0 THEN
      node_count := 2 + (floor(random() * 4))::int;   -- 2..5
      node_ids   := ARRAY[]::uuid[];

      FOR node_idx IN 1..node_count LOOP
        lens_id_val := lens_ids[ 1 + (floor(random() * all_lens_count))::int ];

        SELECT v.id INTO version_id_val
        FROM lenses.versions v
        WHERE v.lens_id = lens_id_val
        ORDER BY v.version_number DESC
        LIMIT 1;

        node_label := CASE node_idx
          WHEN 1 THEN 'Input'
          WHEN 2 THEN 'Process'
          WHEN 3 THEN 'Transform'
          WHEN 4 THEN 'Validate'
          ELSE        'Output'
        END;

        curr_node_id := gen_random_uuid();
        INSERT INTO lenses.workflow_nodes (
          id, workflow_id, lens_id, version_id,
          position_x, position_y, label, ordinal, created_at
        ) VALUES (
          curr_node_id,
          wf_id,
          lens_id_val,
          version_id_val,
          (node_idx - 1) * 260.0,
          0.0,
          node_label,
          node_idx,
          ca + (node_idx * interval '1 minute')
        );

        node_ids := node_ids || curr_node_id;
      END LOOP;

      -- Wire nodes in a linear chain
      FOR node_idx IN 1..node_count - 1 LOOP
        INSERT INTO lenses.workflow_edges (
          id, workflow_id, source_node_id, target_node_id,
          source_output_key, target_param_label
        ) VALUES (
          gen_random_uuid(),
          wf_id,
          node_ids[node_idx],
          node_ids[node_idx + 1],
          'output',
          CASE ((node_idx - 1) % 6)
            WHEN 0 THEN 'context'
            WHEN 1 THEN 'content'
            WHEN 2 THEN 'data'
            WHEN 3 THEN 'draft'
            WHEN 4 THEN 'topic'
            ELSE        'requirements'
          END
        ) ON CONFLICT DO NOTHING;
      END LOOP;
    END IF;

    -- -------------------------------------------------------------------------
    -- Phases & Tasks — hierarchical authoring model
    -- -------------------------------------------------------------------------
    CASE variant_idx

      -- 0: Long-form article
      WHEN 0 THEN
        phase_id_1 := gen_random_uuid();
        INSERT INTO lenses.workflow_phases (id, workflow_id, title, description, ordinal, created_at, updated_at)
        VALUES (phase_id_1, wf_id, 'Research & Brief', 'Gather evidence and define scope.', 1, ca, ca);

        INSERT INTO lenses.workflow_tasks (id, phase_id, workflow_id, title, prompt_text, output_type, model_hint, ordinal, created_at, updated_at) VALUES
          (gen_random_uuid(), phase_id_1, wf_id, 'Define Research Question', 'Identify the core research question, target audience, desired length, and tone for the article. Output a structured brief in JSON.', 'text', NULL, 1, ca, ca),
          (gen_random_uuid(), phase_id_1, wf_id, 'Synthesise Evidence', 'Search for primary sources, statistics, and expert opinions that support the research question. Rank findings by relevance and credibility.', 'text', NULL, 2, ca, ca);

        phase_id_2 := gen_random_uuid();
        INSERT INTO lenses.workflow_phases (id, workflow_id, title, description, ordinal, created_at, updated_at)
        VALUES (phase_id_2, wf_id, 'Draft', 'Write the initial article draft.', 2, ca, ca);

        INSERT INTO lenses.workflow_tasks (id, phase_id, workflow_id, title, prompt_text, output_type, model_hint, ordinal, created_at, updated_at) VALUES
          (gen_random_uuid(), phase_id_2, wf_id, 'Write Full Draft', 'Using the research brief and evidence, write a complete article with H1 headline, structured subheadings, engaging intro, body, and conclusion. Cite sources inline.', 'text', NULL, 1, ca, ca);

        phase_id_3 := gen_random_uuid();
        INSERT INTO lenses.workflow_phases (id, workflow_id, title, description, ordinal, created_at, updated_at)
        VALUES (phase_id_3, wf_id, 'Refine & Export', 'Polish the draft and export.', 3, ca, ca);

        INSERT INTO lenses.workflow_tasks (id, phase_id, workflow_id, title, prompt_text, output_type, model_hint, ordinal, created_at, updated_at) VALUES
          (gen_random_uuid(), phase_id_3, wf_id, 'Editorial Polish', 'Improve clarity, tighten pacing, fix grammar, and ensure tone consistency. Return the refined draft only.', 'text', NULL, 1, ca, ca),
          (gen_random_uuid(), phase_id_3, wf_id, 'Export to PDF', 'Render the refined article into a PDF-ready manifest with sections, page-break hints, and a cover page.', 'file', NULL, 2, ca, ca);

      -- 1: Code generation & review
      WHEN 1 THEN
        phase_id_1 := gen_random_uuid();
        INSERT INTO lenses.workflow_phases (id, workflow_id, title, description, ordinal, created_at, updated_at)
        VALUES (phase_id_1, wf_id, 'Generate', 'Write the initial implementation.', 1, ca, ca);

        INSERT INTO lenses.workflow_tasks (id, phase_id, workflow_id, title, prompt_text, output_type, model_hint, ordinal, created_at, updated_at) VALUES
          (gen_random_uuid(), phase_id_1, wf_id, 'Write Implementation', 'Generate clean, production-ready code that fulfils the specification. Include error handling, type annotations, and a brief usage example.', 'text', NULL, 1, ca, ca);

        phase_id_2 := gen_random_uuid();
        INSERT INTO lenses.workflow_phases (id, workflow_id, title, description, ordinal, created_at, updated_at)
        VALUES (phase_id_2, wf_id, 'Review', 'Security and quality audit.', 2, ca, ca);

        INSERT INTO lenses.workflow_tasks (id, phase_id, workflow_id, title, prompt_text, output_type, model_hint, ordinal, created_at, updated_at) VALUES
          (gen_random_uuid(), phase_id_2, wf_id, 'Security Review', 'Audit the generated code for OWASP Top 10 vulnerabilities, injection risks, and insecure defaults. Return a severity-rated issue list.', 'text', NULL, 1, ca, ca),
          (gen_random_uuid(), phase_id_2, wf_id, 'Quality Review', 'Check for performance anti-patterns, dead code, naming clarity, and adherence to language conventions. Score 1–10 and list improvements.', 'text', NULL, 2, ca, ca);

        phase_id_3 := gen_random_uuid();
        INSERT INTO lenses.workflow_phases (id, workflow_id, title, description, ordinal, created_at, updated_at)
        VALUES (phase_id_3, wf_id, 'Fix & Document', 'Apply fixes and write docs.', 3, ca, ca);

        INSERT INTO lenses.workflow_tasks (id, phase_id, workflow_id, title, prompt_text, output_type, model_hint, ordinal, created_at, updated_at) VALUES
          (gen_random_uuid(), phase_id_3, wf_id, 'Apply Fixes', 'Rewrite the implementation incorporating all review findings. Highlight changed sections with inline comments.', 'text', NULL, 1, ca, ca),
          (gen_random_uuid(), phase_id_3, wf_id, 'Generate Documentation', 'Write API documentation, parameter descriptions, return value specs, and code examples for the final implementation.', 'text', NULL, 2, ca, ca);

      -- 2: Text-to-image campaign
      WHEN 2 THEN
        phase_id_1 := gen_random_uuid();
        INSERT INTO lenses.workflow_phases (id, workflow_id, title, description, ordinal, created_at, updated_at)
        VALUES (phase_id_1, wf_id, 'Creative Brief', 'Define visual direction.', 1, ca, ca);

        INSERT INTO lenses.workflow_tasks (id, phase_id, workflow_id, title, prompt_text, output_type, model_hint, ordinal, created_at, updated_at) VALUES
          (gen_random_uuid(), phase_id_1, wf_id, 'Analyse Brand Brief', 'Extract subject, style, mood, colour palette, and target platform from the creative brief. Emit a structured visual spec JSON.', 'text', NULL, 1, ca, ca);

        phase_id_2 := gen_random_uuid();
        INSERT INTO lenses.workflow_phases (id, workflow_id, title, description, ordinal, created_at, updated_at)
        VALUES (phase_id_2, wf_id, 'Prompt Engineering', 'Build optimised image prompts.', 2, ca, ca);

        INSERT INTO lenses.workflow_tasks (id, phase_id, workflow_id, title, prompt_text, output_type, model_hint, ordinal, created_at, updated_at) VALUES
          (gen_random_uuid(), phase_id_2, wf_id, 'Generate Image Prompts', 'From the visual spec, produce 5 distinct image generation prompts. Each prompt must specify: subject, art style, composition, lighting, colour palette, aspect ratio, and negative constraints.', 'text', NULL, 1, ca, ca);

        phase_id_3 := gen_random_uuid();
        INSERT INTO lenses.workflow_phases (id, workflow_id, title, description, ordinal, created_at, updated_at)
        VALUES (phase_id_3, wf_id, 'Render & Package', 'Generate and package visuals.', 3, ca, ca);

        INSERT INTO lenses.workflow_tasks (id, phase_id, workflow_id, title, prompt_text, output_type, model_hint, ordinal, created_at, updated_at) VALUES
          (gen_random_uuid(), phase_id_3, wf_id, 'Render Still Images', 'Send each optimised prompt to the image generation model. Return the rendered images as a gallery.', 'image', NULL, 1, ca, ca),
          (gen_random_uuid(), phase_id_3, wf_id, 'Package Visual Kit', 'Compile rendered images, prompts used, and visual spec into a downloadable asset package with naming conventions.', 'file', NULL, 2, ca, ca);

      -- 3: Short-form video
      WHEN 3 THEN
        phase_id_1 := gen_random_uuid();
        INSERT INTO lenses.workflow_phases (id, workflow_id, title, description, ordinal, created_at, updated_at)
        VALUES (phase_id_1, wf_id, 'Script', 'Write the video script.', 1, ca, ca);

        INSERT INTO lenses.workflow_tasks (id, phase_id, workflow_id, title, prompt_text, output_type, model_hint, ordinal, created_at, updated_at) VALUES
          (gen_random_uuid(), phase_id_1, wf_id, 'Write Hook & Script', 'Write a hook-driven script for a 60-second social video. Include: 3-second hook, scene breakdown with shot types, narration, on-screen text callouts, and a CTA.', 'text', NULL, 1, ca, ca);

        phase_id_2 := gen_random_uuid();
        INSERT INTO lenses.workflow_phases (id, workflow_id, title, description, ordinal, created_at, updated_at)
        VALUES (phase_id_2, wf_id, 'Scene Plan', 'Convert script into production instructions.', 2, ca, ca);

        INSERT INTO lenses.workflow_tasks (id, phase_id, workflow_id, title, prompt_text, output_type, model_hint, ordinal, created_at, updated_at) VALUES
          (gen_random_uuid(), phase_id_2, wf_id, 'Build Scene Plan', 'Convert the script into a shot-by-shot scene plan. Each scene must declare: duration, shot description, visual style, audio/narration, transitions, and export format.', 'text', NULL, 1, ca, ca);

        phase_id_3 := gen_random_uuid();
        INSERT INTO lenses.workflow_phases (id, workflow_id, title, description, ordinal, created_at, updated_at)
        VALUES (phase_id_3, wf_id, 'Render & QA', 'Render video and validate output.', 3, ca, ca);

        INSERT INTO lenses.workflow_tasks (id, phase_id, workflow_id, title, prompt_text, output_type, model_hint, ordinal, created_at, updated_at) VALUES
          (gen_random_uuid(), phase_id_3, wf_id, 'Render Video', 'Render the video from the scene plan. Preserve continuity between shots and honour the declared duration budget.', 'video', NULL, 1, ca, ca),
          (gen_random_uuid(), phase_id_3, wf_id, 'QA & Pacing Check', 'Review the rendered video for pacing, CTA clarity, caption accuracy, and platform-specific requirements. Return a pass/fail report.', 'text', NULL, 2, ca, ca);

      -- 4: Podcast episode
      WHEN 4 THEN
        phase_id_1 := gen_random_uuid();
        INSERT INTO lenses.workflow_phases (id, workflow_id, title, description, ordinal, created_at, updated_at)
        VALUES (phase_id_1, wf_id, 'Episode Outline', 'Plan the episode structure.', 1, ca, ca);

        INSERT INTO lenses.workflow_tasks (id, phase_id, workflow_id, title, prompt_text, output_type, model_hint, ordinal, created_at, updated_at) VALUES
          (gen_random_uuid(), phase_id_1, wf_id, 'Plan Episode Beats', 'Create a beat-by-beat episode outline: hook, context, 3 talking points, expert insights, listener engagement, and outro.', 'text', NULL, 1, ca, ca);

        phase_id_2 := gen_random_uuid();
        INSERT INTO lenses.workflow_phases (id, workflow_id, title, description, ordinal, created_at, updated_at)
        VALUES (phase_id_2, wf_id, 'Script & Audio', 'Write dialogue and produce audio.', 2, ca, ca);

        INSERT INTO lenses.workflow_tasks (id, phase_id, workflow_id, title, prompt_text, output_type, model_hint, ordinal, created_at, updated_at) VALUES
          (gen_random_uuid(), phase_id_2, wf_id, 'Write Host Dialogue', 'Write the full host dialogue with natural transitions, pauses, listener engagement prompts, and sponsor reads if applicable.', 'text', NULL, 1, ca, ca),
          (gen_random_uuid(), phase_id_2, wf_id, 'Generate Audio', 'Render the script into audio using a text-to-speech model. Output an audio file ready for post-production.', 'audio', NULL, 2, ca, ca);

        phase_id_3 := gen_random_uuid();
        INSERT INTO lenses.workflow_phases (id, workflow_id, title, description, ordinal, created_at, updated_at)
        VALUES (phase_id_3, wf_id, 'Distribution Assets', 'Prepare show notes and metadata.', 3, ca, ca);

        INSERT INTO lenses.workflow_tasks (id, phase_id, workflow_id, title, prompt_text, output_type, model_hint, ordinal, created_at, updated_at) VALUES
          (gen_random_uuid(), phase_id_3, wf_id, 'Write Show Notes', 'Write SEO-optimised show notes with episode summary, timestamps, key quotes, guest bios, and resource links.', 'text', NULL, 1, ca, ca);

      -- 5: Research-to-PDF
      WHEN 5 THEN
        phase_id_1 := gen_random_uuid();
        INSERT INTO lenses.workflow_phases (id, workflow_id, title, description, ordinal, created_at, updated_at)
        VALUES (phase_id_1, wf_id, 'Research', 'Gather and synthesise evidence.', 1, ca, ca);

        INSERT INTO lenses.workflow_tasks (id, phase_id, workflow_id, title, prompt_text, output_type, model_hint, ordinal, created_at, updated_at) VALUES
          (gen_random_uuid(), phase_id_1, wf_id, 'Gather Evidence', 'Identify, rank, and summarise primary sources, statistics, and expert opinions relevant to the research question. Emit JSON: {findings[], summary, open_questions[]}.', 'text', NULL, 1, ca, ca);

        phase_id_2 := gen_random_uuid();
        INSERT INTO lenses.workflow_phases (id, workflow_id, title, description, ordinal, created_at, updated_at)
        VALUES (phase_id_2, wf_id, 'Draft Report', 'Structure and write the report.', 2, ca, ca);

        INSERT INTO lenses.workflow_tasks (id, phase_id, workflow_id, title, prompt_text, output_type, model_hint, ordinal, created_at, updated_at) VALUES
          (gen_random_uuid(), phase_id_2, wf_id, 'Draft Executive Summary', 'Write a 200-word executive summary covering: objective, key findings, and top 3 recommendations.', 'text', NULL, 1, ca, ca),
          (gen_random_uuid(), phase_id_2, wf_id, 'Write Full Report Body', 'Expand the research findings into a structured report: methodology, findings with evidence, analysis, and recommendations.', 'text', NULL, 2, ca, ca);

        phase_id_3 := gen_random_uuid();
        INSERT INTO lenses.workflow_phases (id, workflow_id, title, description, ordinal, created_at, updated_at)
        VALUES (phase_id_3, wf_id, 'Validate & Export', 'Review quality and export.', 3, ca, ca);

        INSERT INTO lenses.workflow_tasks (id, phase_id, workflow_id, title, prompt_text, output_type, model_hint, ordinal, created_at, updated_at) VALUES
          (gen_random_uuid(), phase_id_3, wf_id, 'Validate Report', 'Score the report against: accuracy, completeness, clarity, and citation quality. Emit: {passed, score, issues[], recommendations[]}.', 'text', NULL, 1, ca, ca),
          (gen_random_uuid(), phase_id_3, wf_id, 'Export PDF', 'Render the validated report into a PDF manifest with sections, citations, cover page, and page-break hints.', 'file', NULL, 2, ca, ca);

      -- 6: Data analysis
      WHEN 6 THEN
        phase_id_1 := gen_random_uuid();
        INSERT INTO lenses.workflow_phases (id, workflow_id, title, description, ordinal, created_at, updated_at)
        VALUES (phase_id_1, wf_id, 'Ingest & Profile', 'Load and profile the dataset.', 1, ca, ca);

        INSERT INTO lenses.workflow_tasks (id, phase_id, workflow_id, title, prompt_text, output_type, model_hint, ordinal, created_at, updated_at) VALUES
          (gen_random_uuid(), phase_id_1, wf_id, 'Profile Dataset', 'Analyse the dataset schema, row count, null rates, value distributions, and data quality issues. Return a JSON profile object.', 'text', NULL, 1, ca, ca);

        phase_id_2 := gen_random_uuid();
        INSERT INTO lenses.workflow_phases (id, workflow_id, title, description, ordinal, created_at, updated_at)
        VALUES (phase_id_2, wf_id, 'Analyse', 'Extract insights and detect anomalies.', 2, ca, ca);

        INSERT INTO lenses.workflow_tasks (id, phase_id, workflow_id, title, prompt_text, output_type, model_hint, ordinal, created_at, updated_at) VALUES
          (gen_random_uuid(), phase_id_2, wf_id, 'Trend & Correlation Analysis', 'Identify trends, seasonality, correlations, and leading indicators in the dataset. Rank by business impact.', 'text', NULL, 1, ca, ca),
          (gen_random_uuid(), phase_id_2, wf_id, 'Anomaly Detection', 'Flag statistical outliers and data quality anomalies. For each anomaly: describe it, assess severity, and recommend whether to exclude or investigate.', 'text', NULL, 2, ca, ca);

        phase_id_3 := gen_random_uuid();
        INSERT INTO lenses.workflow_phases (id, workflow_id, title, description, ordinal, created_at, updated_at)
        VALUES (phase_id_3, wf_id, 'Report', 'Write and deliver the insight report.', 3, ca, ca);

        INSERT INTO lenses.workflow_tasks (id, phase_id, workflow_id, title, prompt_text, output_type, model_hint, ordinal, created_at, updated_at) VALUES
          (gen_random_uuid(), phase_id_3, wf_id, 'Write Insight Report', 'Produce an executive-ready report: key metrics dashboard, trend narrative, anomaly summary, and top 5 actionable recommendations.', 'text', NULL, 1, ca, ca);

      -- 7: SEO content optimisation
      WHEN 7 THEN
        phase_id_1 := gen_random_uuid();
        INSERT INTO lenses.workflow_phases (id, workflow_id, title, description, ordinal, created_at, updated_at)
        VALUES (phase_id_1, wf_id, 'Audit', 'Assess the existing content.', 1, ca, ca);

        INSERT INTO lenses.workflow_tasks (id, phase_id, workflow_id, title, prompt_text, output_type, model_hint, ordinal, created_at, updated_at) VALUES
          (gen_random_uuid(), phase_id_1, wf_id, 'Content SEO Audit', 'Audit the content for: keyword density, semantic coverage, title/meta quality, heading structure, internal link opportunities, and readability score. Emit a prioritised issue list.', 'text', NULL, 1, ca, ca);

        phase_id_2 := gen_random_uuid();
        INSERT INTO lenses.workflow_phases (id, workflow_id, title, description, ordinal, created_at, updated_at)
        VALUES (phase_id_2, wf_id, 'Rewrite', 'Optimise the content copy.', 2, ca, ca);

        INSERT INTO lenses.workflow_tasks (id, phase_id, workflow_id, title, prompt_text, output_type, model_hint, ordinal, created_at, updated_at) VALUES
          (gen_random_uuid(), phase_id_2, wf_id, 'Keyword-Optimised Rewrite', 'Rewrite the content to naturally integrate the primary keyword and secondary keywords. Maintain the original intent and a Flesch reading ease above 60.', 'text', NULL, 1, ca, ca),
          (gen_random_uuid(), phase_id_2, wf_id, 'Optimise Meta Tags', 'Write an SEO title tag (≤60 chars) and meta description (≤155 chars) that include the primary keyword and drive click-through.', 'text', NULL, 2, ca, ca);

        phase_id_3 := gen_random_uuid();
        INSERT INTO lenses.workflow_phases (id, workflow_id, title, description, ordinal, created_at, updated_at)
        VALUES (phase_id_3, wf_id, 'Validate', 'Confirm quality and readiness.', 3, ca, ca);

        INSERT INTO lenses.workflow_tasks (id, phase_id, workflow_id, title, prompt_text, output_type, model_hint, ordinal, created_at, updated_at) VALUES
          (gen_random_uuid(), phase_id_3, wf_id, 'Final Quality Check', 'Validate the rewritten content: keyword prominence, heading hierarchy, internal links, readability, and E-E-A-T signals. Return {passed, score, notes[]}.', 'text', NULL, 1, ca, ca);

      -- 8: Multilingual localisation
      WHEN 8 THEN
        phase_id_1 := gen_random_uuid();
        INSERT INTO lenses.workflow_phases (id, workflow_id, title, description, ordinal, created_at, updated_at)
        VALUES (phase_id_1, wf_id, 'Extract', 'Prepare source strings.', 1, ca, ca);

        INSERT INTO lenses.workflow_tasks (id, phase_id, workflow_id, title, prompt_text, output_type, model_hint, ordinal, created_at, updated_at) VALUES
          (gen_random_uuid(), phase_id_1, wf_id, 'Extract Translatable Strings', 'Parse the source content and extract all user-facing strings. Annotate each string with: context, tone, max-length constraint, and whether it contains placeholders.', 'text', NULL, 1, ca, ca);

        phase_id_2 := gen_random_uuid();
        INSERT INTO lenses.workflow_phases (id, workflow_id, title, description, ordinal, created_at, updated_at)
        VALUES (phase_id_2, wf_id, 'Translate', 'Localise strings for each target locale.', 2, ca, ca);

        INSERT INTO lenses.workflow_tasks (id, phase_id, workflow_id, title, prompt_text, output_type, model_hint, ordinal, created_at, updated_at) VALUES
          (gen_random_uuid(), phase_id_2, wf_id, 'Translate Strings', 'Translate all extracted strings into the target locale. Preserve placeholders, respect max-length constraints, and adapt idioms for cultural fit.', 'text', NULL, 1, ca, ca),
          (gen_random_uuid(), phase_id_2, wf_id, 'Fluency & Tone Review', 'Review translated strings for fluency, grammatical correctness, and tone consistency. Flag strings that require human review and suggest alternatives.', 'text', NULL, 2, ca, ca);

        phase_id_3 := gen_random_uuid();
        INSERT INTO lenses.workflow_phases (id, workflow_id, title, description, ordinal, created_at, updated_at)
        VALUES (phase_id_3, wf_id, 'Package', 'Deliver locale-keyed output.', 3, ca, ca);

        INSERT INTO lenses.workflow_tasks (id, phase_id, workflow_id, title, prompt_text, output_type, model_hint, ordinal, created_at, updated_at) VALUES
          (gen_random_uuid(), phase_id_3, wf_id, 'Package Locale Files', 'Compile reviewed translations into a locale-keyed JSON file ready for import into the i18n system. Include a change log of flagged items.', 'file', NULL, 1, ca, ca);

      -- 9: Email campaign factory
      WHEN 9 THEN
        phase_id_1 := gen_random_uuid();
        INSERT INTO lenses.workflow_phases (id, workflow_id, title, description, ordinal, created_at, updated_at)
        VALUES (phase_id_1, wf_id, 'Strategy', 'Define campaign goals and audience.', 1, ca, ca);

        INSERT INTO lenses.workflow_tasks (id, phase_id, workflow_id, title, prompt_text, output_type, model_hint, ordinal, created_at, updated_at) VALUES
          (gen_random_uuid(), phase_id_1, wf_id, 'Campaign Strategy Brief', 'Define: campaign goal, audience segment, pain points, value proposition, email sequence type (drip/broadcast), and success metrics.', 'text', NULL, 1, ca, ca);

        phase_id_2 := gen_random_uuid();
        INSERT INTO lenses.workflow_phases (id, workflow_id, title, description, ordinal, created_at, updated_at)
        VALUES (phase_id_2, wf_id, 'Copywriting', 'Write email copy and variants.', 2, ca, ca);

        INSERT INTO lenses.workflow_tasks (id, phase_id, workflow_id, title, prompt_text, output_type, model_hint, ordinal, created_at, updated_at) VALUES
          (gen_random_uuid(), phase_id_2, wf_id, 'Write Email Sequence', 'Write a 4-email drip sequence. Each email must include: subject line, preheader, personalised greeting, body (value prop + story + social proof), and CTA button text.', 'text', NULL, 1, ca, ca),
          (gen_random_uuid(), phase_id_2, wf_id, 'Generate A/B Variants', 'For each email, produce 2 subject line variants and 2 CTA variants optimised for different psychological triggers (urgency vs. curiosity).', 'text', NULL, 2, ca, ca);

        phase_id_3 := gen_random_uuid();
        INSERT INTO lenses.workflow_phases (id, workflow_id, title, description, ordinal, created_at, updated_at)
        VALUES (phase_id_3, wf_id, 'QA', 'Validate deliverability and compliance.', 3, ca, ca);

        INSERT INTO lenses.workflow_tasks (id, phase_id, workflow_id, title, prompt_text, output_type, model_hint, ordinal, created_at, updated_at) VALUES
          (gen_random_uuid(), phase_id_3, wf_id, 'Deliverability & Compliance Check', 'Review each email for: spam trigger words, CAN-SPAM/GDPR compliance (unsubscribe, sender identity), link count, image-to-text ratio, and mobile preview length. Return a pass/fail report.', 'text', NULL, 1, ca, ca);

      -- 10: Legal document drafter
      WHEN 10 THEN
        phase_id_1 := gen_random_uuid();
        INSERT INTO lenses.workflow_phases (id, workflow_id, title, description, ordinal, created_at, updated_at)
        VALUES (phase_id_1, wf_id, 'Draft', 'Write the initial document.', 1, ca, ca);

        INSERT INTO lenses.workflow_tasks (id, phase_id, workflow_id, title, prompt_text, output_type, model_hint, ordinal, created_at, updated_at) VALUES
          (gen_random_uuid(), phase_id_1, wf_id, 'Draft Contract Clauses', 'Draft the specified contract clauses using precise legal language. For each clause: state the obligation, define key terms, specify remedies for breach, and note any carve-outs.', 'text', NULL, 1, ca, ca);

        phase_id_2 := gen_random_uuid();
        INSERT INTO lenses.workflow_phases (id, workflow_id, title, description, ordinal, created_at, updated_at)
        VALUES (phase_id_2, wf_id, 'Review', 'Compliance and jurisdiction review.', 2, ca, ca);

        INSERT INTO lenses.workflow_tasks (id, phase_id, workflow_id, title, prompt_text, output_type, model_hint, ordinal, created_at, updated_at) VALUES
          (gen_random_uuid(), phase_id_2, wf_id, 'Compliance Gap Analysis', 'Identify clauses that may conflict with applicable law, regulatory requirements, or standard market practice. Flag gaps and suggest compliant alternatives.', 'text', NULL, 1, ca, ca),
          (gen_random_uuid(), phase_id_2, wf_id, 'Jurisdiction Localisation', 'Adapt flagged clauses to the governing jurisdiction. Note any terms that require mandatory local language under applicable law.', 'text', NULL, 2, ca, ca);

        phase_id_3 := gen_random_uuid();
        INSERT INTO lenses.workflow_phases (id, workflow_id, title, description, ordinal, created_at, updated_at)
        VALUES (phase_id_3, wf_id, 'Final Review', 'Flag items for attorney review.', 3, ca, ca);

        INSERT INTO lenses.workflow_tasks (id, phase_id, workflow_id, title, prompt_text, output_type, model_hint, ordinal, created_at, updated_at) VALUES
          (gen_random_uuid(), phase_id_3, wf_id, 'Attorney Review Flag', 'Produce a final checklist of clauses and provisions that must be reviewed by a qualified attorney before execution. Explain the risk for each flagged item.', 'text', NULL, 1, ca, ca);

      -- 11: Product launch content kit
      ELSE
        phase_id_1 := gen_random_uuid();
        INSERT INTO lenses.workflow_phases (id, workflow_id, title, description, ordinal, created_at, updated_at)
        VALUES (phase_id_1, wf_id, 'Brief', 'Analyse product spec and define messaging.', 1, ca, ca);

        INSERT INTO lenses.workflow_tasks (id, phase_id, workflow_id, title, prompt_text, output_type, model_hint, ordinal, created_at, updated_at) VALUES
          (gen_random_uuid(), phase_id_1, wf_id, 'Messaging Framework', 'Analyse the product spec and define: value proposition, primary differentiators, buyer personas, key messages, and positioning statement.', 'text', NULL, 1, ca, ca);

        phase_id_2 := gen_random_uuid();
        INSERT INTO lenses.workflow_phases (id, workflow_id, title, description, ordinal, created_at, updated_at)
        VALUES (phase_id_2, wf_id, 'Content Production', 'Write all launch assets.', 2, ca, ca);

        INSERT INTO lenses.workflow_tasks (id, phase_id, workflow_id, title, prompt_text, output_type, model_hint, ordinal, created_at, updated_at) VALUES
          (gen_random_uuid(), phase_id_2, wf_id, 'Write Launch Copy', 'Write: hero headline, sub-headline, 3 feature sections, social proof block, and primary CTA.', 'text', NULL, 1, ca, ca),
          (gen_random_uuid(), phase_id_2, wf_id, 'Social Media Posts', 'Create a 7-day social media post calendar with platform-specific copy (LinkedIn, X, Instagram) and hashtag sets.', 'text', NULL, 2, ca, ca),
          (gen_random_uuid(), phase_id_2, wf_id, 'Press Release', 'Draft a structured press release: headline, dateline, lead paragraph, body (3 paragraphs), executive quote, and boilerplate.', 'text', NULL, 3, ca, ca);

        phase_id_3 := gen_random_uuid();
        INSERT INTO lenses.workflow_phases (id, workflow_id, title, description, ordinal, created_at, updated_at)
        VALUES (phase_id_3, wf_id, 'Visual Brief', 'Define imagery and design direction.', 3, ca, ca);

        INSERT INTO lenses.workflow_tasks (id, phase_id, workflow_id, title, prompt_text, output_type, model_hint, ordinal, created_at, updated_at) VALUES
          (gen_random_uuid(), phase_id_3, wf_id, 'Visual Direction Brief', 'Write a visual brief for the design team: brand mood, colour palette, typography direction, hero image concept, and icon style.', 'text', NULL, 1, ca, ca),
          (gen_random_uuid(), phase_id_3, wf_id, 'Generate Hero Image', 'Render a hero image from the visual brief using an image generation model. Aspect ratio: 16:9. Style: photorealistic product marketing.', 'image', NULL, 2, ca, ca);

    END CASE;

  END LOOP;

  RAISE NOTICE '32_scale_workflows: inserted % workflows with nodes, edges, phases, and tasks.', total;
END $$;

ANALYZE lenses.workflows;
ANALYZE lenses.workflow_nodes;
ANALYZE lenses.workflow_edges;
ANALYZE lenses.workflow_phases;
ANALYZE lenses.workflow_tasks;


-- >>> seeds/40_lens_chain_templates.sql
-- =============================================================================
-- 40. LENS CHAIN TEMPLATES — Open Source Workflows
-- =============================================================================
-- Seeds a canonical library of template lenses (one per `kind`) plus four
-- starter workflows that chain them. The seed is idempotent: it keys every
-- entity by a deterministic UUID and gates inserts with `IF NOT EXISTS`.
--
-- Template convention:
--   • Every template-origin lens is tagged with `template` and its `kind-*` tag.
--   • Every template workflow is tagged with `template` via content.tag_map so
--     public.fn_list_template_workflows can surface it in the "Start from
--     template" strip on WorkflowsPage.
--
-- Dependencies:
--   • supabase/migrations/20260417150000_lens_chain_templates.sql (creates tags
--     and the listing RPC).
--   • 04_ai_providers.sql, 04b_ai_models.sql, 07_ai_lensers.sql (provide the AI
--     author profile that owns the templates).
--   • 15_lens_tools.sql (provides text/textarea tools for parameters).
-- =============================================================================

DO $seed$
DECLARE
  v_author           uuid;
  v_tool_text        uuid;
  v_tool_textarea    uuid;

  -- Canonical tags
  v_tag_template     uuid;
  v_tag_routing      uuid;
  v_tag_orchestration uuid;
  v_tag_research     uuid;
  v_tag_text         uuid;
  v_tag_image        uuid;
  v_tag_video        uuid;
  v_tag_transform    uuid;
  v_tag_validation   uuid;
  v_tag_pdf          uuid;

  -- Template lens IDs (deterministic)
  v_lens_intent      uuid := '40000000-0001-0001-0001-000000000001';
  v_ver_intent       uuid := '40000000-0001-0001-0001-00000000000a';
  v_param_intent_request uuid := '40000000-0001-0001-0001-0000000000a1';

  v_lens_plan        uuid := '40000000-0001-0002-0001-000000000001';
  v_ver_plan         uuid := '40000000-0001-0002-0001-00000000000a';
  v_param_plan_context uuid := '40000000-0001-0002-0001-0000000000a1';

  v_lens_research    uuid := '40000000-0001-0003-0001-000000000001';
  v_ver_research     uuid := '40000000-0001-0003-0001-00000000000a';
  v_param_research_topic uuid := '40000000-0001-0003-0001-0000000000a1';
  v_param_research_context uuid := '40000000-0001-0003-0001-0000000000a2';

  v_lens_gen_text    uuid := '40000000-0001-0004-0001-000000000001';
  v_ver_gen_text     uuid := '40000000-0001-0004-0001-00000000000a';
  v_param_gen_text_topic uuid := '40000000-0001-0004-0001-0000000000a1';
  v_param_gen_text_context uuid := '40000000-0001-0004-0001-0000000000a2';

  v_lens_gen_image   uuid := '40000000-0001-0005-0001-000000000001';
  v_ver_gen_image    uuid := '40000000-0001-0005-0001-00000000000a';
  v_param_gen_image_brief uuid := '40000000-0001-0005-0001-0000000000a1';

  v_lens_gen_video   uuid := '40000000-0001-0006-0001-000000000001';
  v_ver_gen_video    uuid := '40000000-0001-0006-0001-00000000000a';
  v_param_gen_video_scene uuid := '40000000-0001-0006-0001-0000000000a1';

  v_lens_refine      uuid := '40000000-0001-0007-0001-000000000001';
  v_ver_refine       uuid := '40000000-0001-0007-0001-00000000000a';
  v_param_refine_draft uuid := '40000000-0001-0007-0001-0000000000a1';

  v_lens_validate    uuid := '40000000-0001-0008-0001-000000000001';
  v_ver_validate     uuid := '40000000-0001-0008-0001-00000000000a';
  v_param_validate_output uuid := '40000000-0001-0008-0001-0000000000a1';
  v_param_validate_requirements uuid := '40000000-0001-0008-0001-0000000000a2';

  v_lens_export_pdf  uuid := '40000000-0001-0009-0001-000000000001';
  v_ver_export_pdf   uuid := '40000000-0001-0009-0001-00000000000a';
  v_param_export_pdf_content uuid := '40000000-0001-0009-0001-0000000000a1';
  v_param_export_pdf_title uuid := '40000000-0001-0009-0001-0000000000a2';

  -- Workflow 1: Article Pipeline
  v_wf_article       uuid := '40000000-0002-0001-0001-000000000001';
  v_n_a_intent       uuid := '40000000-0002-0001-0002-000000000001';
  v_n_a_plan         uuid := '40000000-0002-0001-0002-000000000002';
  v_n_a_research     uuid := '40000000-0002-0001-0002-000000000003';
  v_n_a_gen          uuid := '40000000-0002-0001-0002-000000000004';
  v_n_a_refine       uuid := '40000000-0002-0001-0002-000000000005';
  v_n_a_validate     uuid := '40000000-0002-0001-0002-000000000006';
  v_n_a_export       uuid := '40000000-0002-0001-0002-000000000007';

  -- Workflow 2: Visual Concept Kit
  v_wf_visual        uuid := '40000000-0002-0002-0001-000000000001';
  v_n_v_intent       uuid := '40000000-0002-0002-0002-000000000001';
  v_n_v_plan         uuid := '40000000-0002-0002-0002-000000000002';
  v_n_v_gen          uuid := '40000000-0002-0002-0002-000000000003';
  v_n_v_refine       uuid := '40000000-0002-0002-0002-000000000004';
  v_n_v_validate     uuid := '40000000-0002-0002-0002-000000000005';

  -- Workflow 3: Short-Form Video Brief
  v_wf_video         uuid := '40000000-0002-0003-0001-000000000001';
  v_n_vid_intent     uuid := '40000000-0002-0003-0002-000000000001';
  v_n_vid_plan       uuid := '40000000-0002-0003-0002-000000000002';
  v_n_vid_script     uuid := '40000000-0002-0003-0002-000000000003';
  v_n_vid_render     uuid := '40000000-0002-0003-0002-000000000004';
  v_n_vid_validate   uuid := '40000000-0002-0003-0002-000000000005';

  -- Workflow 4: Research Brief to PDF
  v_wf_research_pdf  uuid := '40000000-0002-0004-0001-000000000001';
  v_n_r_intent       uuid := '40000000-0002-0004-0002-000000000001';
  v_n_r_research     uuid := '40000000-0002-0004-0002-000000000002';
  v_n_r_refine       uuid := '40000000-0002-0004-0002-000000000003';
  v_n_r_validate     uuid := '40000000-0002-0004-0002-000000000004';
  v_n_r_export       uuid := '40000000-0002-0004-0002-000000000005';
BEGIN
  -- ---------------------------------------------------------------------------
  -- Resolve canonical dependencies
  -- ---------------------------------------------------------------------------
  SELECT id INTO v_author
  FROM lensers.profiles
  WHERE type = 'ai'::lensers.lenser_type AND status = 'active'::lensers.lenser_status
  ORDER BY created_at ASC
  LIMIT 1;

  IF v_author IS NULL THEN
    SELECT id INTO v_author FROM lensers.profiles ORDER BY created_at ASC LIMIT 1;
  END IF;

  IF v_author IS NULL THEN
    RAISE NOTICE '40_lens_chain_templates: no lensers.profiles row yet — skipping.';
    RETURN;
  END IF;

  SELECT id INTO v_tool_text     FROM lenses.tools WHERE key = 'text';
  SELECT id INTO v_tool_textarea FROM lenses.tools WHERE key = 'textarea';

  IF v_tool_text IS NULL OR v_tool_textarea IS NULL THEN
    RAISE NOTICE '40_lens_chain_templates: lenses.tools not seeded yet — skipping.';
    RETURN;
  END IF;

  SELECT id INTO v_tag_template      FROM content.tags WHERE slug = 'template';
  SELECT id INTO v_tag_routing       FROM content.tags WHERE slug = 'kind-routing';
  SELECT id INTO v_tag_orchestration FROM content.tags WHERE slug = 'kind-orchestration';
  SELECT id INTO v_tag_research      FROM content.tags WHERE slug = 'kind-research';
  SELECT id INTO v_tag_text          FROM content.tags WHERE slug = 'kind-text';
  SELECT id INTO v_tag_image         FROM content.tags WHERE slug = 'kind-image';
  SELECT id INTO v_tag_video         FROM content.tags WHERE slug = 'kind-video';
  SELECT id INTO v_tag_transform     FROM content.tags WHERE slug = 'kind-transform';
  SELECT id INTO v_tag_validation    FROM content.tags WHERE slug = 'kind-validation';
  SELECT id INTO v_tag_pdf           FROM content.tags WHERE slug = 'kind-pdf';

  IF v_tag_template IS NULL THEN
    RAISE NOTICE '40_lens_chain_templates: `template` tag missing — run migration 20260417150000 first.';
    RETURN;
  END IF;

  -- ---------------------------------------------------------------------------
  -- Helper: insert a template lens with one or two parameters
  -- ---------------------------------------------------------------------------
  -- We inline the inserts (no pl/pgsql helper function) to keep the seed flat
  -- and grep-friendly. Every block is wrapped in a `NOT EXISTS` guard.

  -- 1) Intent Lens --------------------------------------------------------------
  IF NOT EXISTS (SELECT 1 FROM lenses.lenses WHERE id = v_lens_intent) THEN
    INSERT INTO lenses.lenses (id, lenser_id, visibility, status)
    VALUES (v_lens_intent, v_author, 'public'::content.visibility_enum,
            'published'::content.content_status);

    INSERT INTO lenses.versions (id, lens_id, version_number, template_body, status, published_at)
    VALUES (
      v_ver_intent, v_lens_intent, 1,
      'You are the Intent Lens in a Connected Lens workflow. Read the raw request in [[:' || v_param_intent_request || ']] and emit a structured intent object with these keys: goal, target_media, quality_level, constraints, suggested_kinds. Do not answer the request — only classify it so downstream lenses can plan execution.',
      'published'::content.content_status, now()
    );

    UPDATE lenses.lenses SET head_version_id = v_ver_intent WHERE id = v_lens_intent;

    INSERT INTO lenses.version_parameters (id, version_id, label, tool_id)
    VALUES (v_param_intent_request, v_ver_intent, 'user_request', v_tool_textarea);

    INSERT INTO content.entity_translations (entity_type, entity_id, language_code, is_original, title, description, content)
    VALUES (
      'lens'::content.entity_type_enum, v_lens_intent, 'en', true,
      'Intent Lens (template)',
      'Classifies a raw user request into structured intent so downstream lenses can plan.',
      'You are the Intent Lens. Classify the request in [[user_request]] and emit goal/target_media/quality_level/constraints/suggested_kinds.'
    );

    INSERT INTO content.tag_map (entity_type, entity_id, tag_id)
    VALUES
      ('lens'::content.entity_type_enum, v_lens_intent, v_tag_routing),
      ('lens'::content.entity_type_enum, v_lens_intent, v_tag_template)
    ON CONFLICT DO NOTHING;
  END IF;

  -- 2) Plan Lens --------------------------------------------------------------
  IF NOT EXISTS (SELECT 1 FROM lenses.lenses WHERE id = v_lens_plan) THEN
    INSERT INTO lenses.lenses (id, lenser_id, visibility, status)
    VALUES (v_lens_plan, v_author, 'public', 'published');

    INSERT INTO lenses.versions (id, lens_id, version_number, template_body, status, published_at)
    VALUES (
      v_ver_plan, v_lens_plan, 1,
      'You are the Planning Lens. Given the structured intent in [[:' || v_param_plan_context || ']], produce an ordered execution plan as a JSON array of steps. Each step must declare: id, kind (text|image|video|research|pdf|transform|validation), objective, inputs, and whether it is parallel-safe. Do not perform the steps — only plan them.',
      'published', now()
    );

    UPDATE lenses.lenses SET head_version_id = v_ver_plan WHERE id = v_lens_plan;

    INSERT INTO lenses.version_parameters (id, version_id, label, tool_id)
    VALUES (v_param_plan_context, v_ver_plan, 'context', v_tool_textarea);

    INSERT INTO content.entity_translations (entity_type, entity_id, language_code, is_original, title, description, content)
    VALUES (
      'lens', v_lens_plan, 'en', true,
      'Planning Lens (template)',
      'Turns a structured intent into an ordered execution plan of kind-tagged steps.',
      'You are the Planning Lens. Produce an execution plan from [[context]].'
    );

    INSERT INTO content.tag_map (entity_type, entity_id, tag_id) VALUES
      ('lens', v_lens_plan, v_tag_orchestration),
      ('lens', v_lens_plan, v_tag_template)
    ON CONFLICT DO NOTHING;
  END IF;

  -- 3) Research Lens -----------------------------------------------------------
  IF NOT EXISTS (SELECT 1 FROM lenses.lenses WHERE id = v_lens_research) THEN
    INSERT INTO lenses.lenses (id, lenser_id, visibility, status)
    VALUES (v_lens_research, v_author, 'public', 'published');

    INSERT INTO lenses.versions (id, lens_id, version_number, template_body, status, published_at)
    VALUES (
      v_ver_research, v_lens_research, 1,
      'You are the Research Lens. Using the topic in [[:' || v_param_research_topic || ']] and the upstream context in [[:' || v_param_research_context || ']], gather, rank, and summarize the evidence needed to fulfill the plan. Emit a JSON object with keys: findings (array of {claim, source, confidence}), summary (string), open_questions (array of strings).',
      'published', now()
    );

    UPDATE lenses.lenses SET head_version_id = v_ver_research WHERE id = v_lens_research;

    INSERT INTO lenses.version_parameters (id, version_id, label, tool_id) VALUES
      (v_param_research_topic, v_ver_research, 'topic', v_tool_text),
      (v_param_research_context, v_ver_research, 'context', v_tool_textarea);

    INSERT INTO content.entity_translations (entity_type, entity_id, language_code, is_original, title, description, content)
    VALUES (
      'lens', v_lens_research, 'en', true,
      'Research Lens (template)',
      'Synthesizes evidence for a topic using upstream planning context.',
      'You are the Research Lens. Gather evidence for [[topic]] constrained by [[context]].'
    );

    INSERT INTO content.tag_map (entity_type, entity_id, tag_id) VALUES
      ('lens', v_lens_research, v_tag_research),
      ('lens', v_lens_research, v_tag_template)
    ON CONFLICT DO NOTHING;
  END IF;

  -- 4) Text Generation Lens ----------------------------------------------------
  IF NOT EXISTS (SELECT 1 FROM lenses.lenses WHERE id = v_lens_gen_text) THEN
    INSERT INTO lenses.lenses (id, lenser_id, visibility, status)
    VALUES (v_lens_gen_text, v_author, 'public', 'published');

    INSERT INTO lenses.versions (id, lens_id, version_number, template_body, status, published_at)
    VALUES (
      v_ver_gen_text, v_lens_gen_text, 1,
      'You are the Text Generation Lens. Produce a polished, audience-aware draft about [[:' || v_param_gen_text_topic || ']] grounded in the research synthesis [[:' || v_param_gen_text_context || ']]. Use clear structure (H1/H2/paragraphs). Cite sources inline with [n] markers and preserve every citation surfaced by the upstream Research Lens.',
      'published', now()
    );

    UPDATE lenses.lenses SET head_version_id = v_ver_gen_text WHERE id = v_lens_gen_text;

    INSERT INTO lenses.version_parameters (id, version_id, label, tool_id) VALUES
      (v_param_gen_text_topic, v_ver_gen_text, 'topic', v_tool_text),
      (v_param_gen_text_context, v_ver_gen_text, 'context', v_tool_textarea);

    INSERT INTO content.entity_translations (entity_type, entity_id, language_code, is_original, title, description, content)
    VALUES (
      'lens', v_lens_gen_text, 'en', true,
      'Text Generation Lens (template)',
      'Drafts long-form text grounded in upstream research.',
      'You are the Text Generation Lens. Draft content about [[topic]] grounded in [[context]].'
    );

    INSERT INTO content.tag_map (entity_type, entity_id, tag_id) VALUES
      ('lens', v_lens_gen_text, v_tag_text),
      ('lens', v_lens_gen_text, v_tag_template)
    ON CONFLICT DO NOTHING;
  END IF;

  -- 5) Image Generation Lens ---------------------------------------------------
  IF NOT EXISTS (SELECT 1 FROM lenses.lenses WHERE id = v_lens_gen_image) THEN
    INSERT INTO lenses.lenses (id, lenser_id, visibility, status)
    VALUES (v_lens_gen_image, v_author, 'public', 'published');

    INSERT INTO lenses.versions (id, lens_id, version_number, template_body, status, published_at)
    VALUES (
      v_ver_gen_image, v_lens_gen_image, 1,
      'You are the Image Generation Lens. Render a single still image described by the structured visual brief in [[:' || v_param_gen_image_brief || ']]. The brief declares: subject, style, composition, lighting, palette, aspect_ratio, and negative constraints. Honour every field; do not invent subjects beyond the brief.',
      'published', now()
    );

    UPDATE lenses.lenses SET head_version_id = v_ver_gen_image WHERE id = v_lens_gen_image;

    INSERT INTO lenses.version_parameters (id, version_id, label, tool_id)
    VALUES (v_param_gen_image_brief, v_ver_gen_image, 'visual_brief', v_tool_textarea);

    INSERT INTO content.entity_translations (entity_type, entity_id, language_code, is_original, title, description, content)
    VALUES (
      'lens', v_lens_gen_image, 'en', true,
      'Image Generation Lens (template)',
      'Renders a still image from a structured visual brief.',
      'You are the Image Generation Lens. Render the still described in [[visual_brief]].'
    );

    INSERT INTO content.tag_map (entity_type, entity_id, tag_id) VALUES
      ('lens', v_lens_gen_image, v_tag_image),
      ('lens', v_lens_gen_image, v_tag_template)
    ON CONFLICT DO NOTHING;
  END IF;

  -- 6) Video Generation Lens ---------------------------------------------------
  IF NOT EXISTS (SELECT 1 FROM lenses.lenses WHERE id = v_lens_gen_video) THEN
    INSERT INTO lenses.lenses (id, lenser_id, visibility, status)
    VALUES (v_lens_gen_video, v_author, 'public', 'published');

    INSERT INTO lenses.versions (id, lens_id, version_number, template_body, status, published_at)
    VALUES (
      v_ver_gen_video, v_lens_gen_video, 1,
      'You are the Video Generation Lens. Produce a short-form video from the scene plan in [[:' || v_param_gen_video_scene || ']]. The plan declares: script, shots[] with duration, transitions, audio/narration, pacing, and export format. Preserve continuity between shots and honour the declared duration budget.',
      'published', now()
    );

    UPDATE lenses.lenses SET head_version_id = v_ver_gen_video WHERE id = v_lens_gen_video;

    INSERT INTO lenses.version_parameters (id, version_id, label, tool_id)
    VALUES (v_param_gen_video_scene, v_ver_gen_video, 'scene_plan', v_tool_textarea);

    INSERT INTO content.entity_translations (entity_type, entity_id, language_code, is_original, title, description, content)
    VALUES (
      'lens', v_lens_gen_video, 'en', true,
      'Video Generation Lens (template)',
      'Renders a short-form video from a scene plan.',
      'You are the Video Generation Lens. Render the scene plan in [[scene_plan]].'
    );

    INSERT INTO content.tag_map (entity_type, entity_id, tag_id) VALUES
      ('lens', v_lens_gen_video, v_tag_video),
      ('lens', v_lens_gen_video, v_tag_template)
    ON CONFLICT DO NOTHING;
  END IF;

  -- 7) Refine Lens -------------------------------------------------------------
  IF NOT EXISTS (SELECT 1 FROM lenses.lenses WHERE id = v_lens_refine) THEN
    INSERT INTO lenses.lenses (id, lenser_id, visibility, status)
    VALUES (v_lens_refine, v_author, 'public', 'published');

    INSERT INTO lenses.versions (id, lens_id, version_number, template_body, status, published_at)
    VALUES (
      v_ver_refine, v_lens_refine, 1,
      'You are the Refinement Lens. Improve the draft in [[:' || v_param_refine_draft || ']] without changing its intent. Fix clarity, tighten pacing, remove redundancy, and enforce the declared style/tone constraints. Return the refined draft only — no commentary.',
      'published', now()
    );

    UPDATE lenses.lenses SET head_version_id = v_ver_refine WHERE id = v_lens_refine;

    INSERT INTO lenses.version_parameters (id, version_id, label, tool_id)
    VALUES (v_param_refine_draft, v_ver_refine, 'draft', v_tool_textarea);

    INSERT INTO content.entity_translations (entity_type, entity_id, language_code, is_original, title, description, content)
    VALUES (
      'lens', v_lens_refine, 'en', true,
      'Refinement Lens (template)',
      'Improves a draft without changing intent.',
      'You are the Refinement Lens. Improve [[draft]] while preserving intent.'
    );

    INSERT INTO content.tag_map (entity_type, entity_id, tag_id) VALUES
      ('lens', v_lens_refine, v_tag_transform),
      ('lens', v_lens_refine, v_tag_template)
    ON CONFLICT DO NOTHING;
  END IF;

  -- 8) Validate Lens -----------------------------------------------------------
  IF NOT EXISTS (SELECT 1 FROM lenses.lenses WHERE id = v_lens_validate) THEN
    INSERT INTO lenses.lenses (id, lenser_id, visibility, status)
    VALUES (v_lens_validate, v_author, 'public', 'published');

    INSERT INTO lenses.versions (id, lens_id, version_number, template_body, status, published_at)
    VALUES (
      v_ver_validate, v_lens_validate, 1,
      'You are the Validation Lens. Score the [[:' || v_param_validate_output || ']] against the rubric in [[:' || v_param_validate_requirements || ']]. Emit JSON: {passed, score, issues:[], recommendations:[]}. Fail fast if required fields are missing.',
      'published', now()
    );

    UPDATE lenses.lenses SET head_version_id = v_ver_validate WHERE id = v_lens_validate;

    INSERT INTO lenses.version_parameters (id, version_id, label, tool_id) VALUES
      (v_param_validate_output, v_ver_validate, 'output', v_tool_textarea),
      (v_param_validate_requirements, v_ver_validate, 'requirements', v_tool_textarea);

    INSERT INTO content.entity_translations (entity_type, entity_id, language_code, is_original, title, description, content)
    VALUES (
      'lens', v_lens_validate, 'en', true,
      'Validation Lens (template)',
      'Scores an output against a rubric and flags regressions.',
      'You are the Validation Lens. Score [[output]] against [[requirements]].'
    );

    INSERT INTO content.tag_map (entity_type, entity_id, tag_id) VALUES
      ('lens', v_lens_validate, v_tag_validation),
      ('lens', v_lens_validate, v_tag_template)
    ON CONFLICT DO NOTHING;
  END IF;

  -- 9) Export PDF Lens ---------------------------------------------------------
  IF NOT EXISTS (SELECT 1 FROM lenses.lenses WHERE id = v_lens_export_pdf) THEN
    INSERT INTO lenses.lenses (id, lenser_id, visibility, status)
    VALUES (v_lens_export_pdf, v_author, 'public', 'published');

    INSERT INTO lenses.versions (id, lens_id, version_number, template_body, status, published_at)
    VALUES (
      v_ver_export_pdf, v_lens_export_pdf, 1,
      'You are the PDF Export Lens. Render the validated [[:' || v_param_export_pdf_content || ']] into a production-ready PDF titled [[:' || v_param_export_pdf_title || ']]. Emit a JSON manifest with sections, citations, and page-break hints; the PDF provider serializes the manifest into the final artifact.',
      'published', now()
    );

    UPDATE lenses.lenses SET head_version_id = v_ver_export_pdf WHERE id = v_lens_export_pdf;

    INSERT INTO lenses.version_parameters (id, version_id, label, tool_id) VALUES
      (v_param_export_pdf_content, v_ver_export_pdf, 'content', v_tool_textarea),
      (v_param_export_pdf_title, v_ver_export_pdf, 'title', v_tool_text);

    INSERT INTO content.entity_translations (entity_type, entity_id, language_code, is_original, title, description, content)
    VALUES (
      'lens', v_lens_export_pdf, 'en', true,
      'PDF Export Lens (template)',
      'Serializes validated content into a PDF-ready manifest.',
      'You are the PDF Export Lens. Serialize [[content]] to a PDF titled [[title]].'
    );

    INSERT INTO content.tag_map (entity_type, entity_id, tag_id) VALUES
      ('lens', v_lens_export_pdf, v_tag_pdf),
      ('lens', v_lens_export_pdf, v_tag_template)
    ON CONFLICT DO NOTHING;
  END IF;

  -- ---------------------------------------------------------------------------
  -- Workflow 1: Article Pipeline (full 7-stage chain)
  -- ---------------------------------------------------------------------------
  IF NOT EXISTS (SELECT 1 FROM lenses.workflows WHERE id = v_wf_article) THEN
    INSERT INTO lenses.workflows (id, lenser_id, title, description, visibility)
    VALUES (
      v_wf_article, v_author,
      'Template · Article Pipeline',
      'Intent → Plan → Research → Generate → Refine → Validate → Export. The reference 7-stage Connected Lens chain for long-form articles.',
      'public'
    );

    INSERT INTO lenses.workflow_nodes (id, workflow_id, lens_id, version_id, position_x, position_y, label, ordinal) VALUES
      (v_n_a_intent,   v_wf_article, v_lens_intent,     v_ver_intent,     0,    0, 'Intent',    1),
      (v_n_a_plan,     v_wf_article, v_lens_plan,       v_ver_plan,       220,  0, 'Plan',      2),
      (v_n_a_research, v_wf_article, v_lens_research,   v_ver_research,   440,  0, 'Research',  3),
      (v_n_a_gen,      v_wf_article, v_lens_gen_text,   v_ver_gen_text,   660,  0, 'Generate',  4),
      (v_n_a_refine,   v_wf_article, v_lens_refine,     v_ver_refine,     880,  0, 'Refine',    5),
      (v_n_a_validate, v_wf_article, v_lens_validate,   v_ver_validate,   1100, 0, 'Validate',  6),
      (v_n_a_export,   v_wf_article, v_lens_export_pdf, v_ver_export_pdf, 1320, 0, 'Export',    7);

    INSERT INTO lenses.workflow_edges (workflow_id, source_node_id, target_node_id, source_output_key, target_param_label) VALUES
      (v_wf_article, v_n_a_intent,   v_n_a_plan,     'output', 'context'),
      (v_wf_article, v_n_a_plan,     v_n_a_research, 'output', 'context'),
      (v_wf_article, v_n_a_research, v_n_a_gen,      'output', 'context'),
      (v_wf_article, v_n_a_gen,      v_n_a_refine,   'output', 'draft'),
      (v_wf_article, v_n_a_refine,   v_n_a_validate, 'output', 'output'),
      (v_wf_article, v_n_a_validate, v_n_a_export,   'output', 'content');

    INSERT INTO content.tag_map (entity_type, entity_id, tag_id)
    VALUES ('workflow'::content.entity_type_enum, v_wf_article, v_tag_template)
    ON CONFLICT DO NOTHING;
  END IF;

  -- ---------------------------------------------------------------------------
  -- Workflow 2: Visual Concept Kit
  -- ---------------------------------------------------------------------------
  IF NOT EXISTS (SELECT 1 FROM lenses.workflows WHERE id = v_wf_visual) THEN
    INSERT INTO lenses.workflows (id, lenser_id, title, description, visibility)
    VALUES (
      v_wf_visual, v_author,
      'Template · Visual Concept Kit',
      'Intent → Plan → Image Generation → Refine → Validate. Produce a publishable still from a short creative brief.',
      'public'
    );

    INSERT INTO lenses.workflow_nodes (id, workflow_id, lens_id, version_id, position_x, position_y, label, ordinal) VALUES
      (v_n_v_intent,   v_wf_visual, v_lens_intent,    v_ver_intent,    0,   0, 'Intent',   1),
      (v_n_v_plan,     v_wf_visual, v_lens_plan,      v_ver_plan,      220, 0, 'Plan',     2),
      (v_n_v_gen,      v_wf_visual, v_lens_gen_image, v_ver_gen_image, 440, 0, 'Render',   3),
      (v_n_v_refine,   v_wf_visual, v_lens_refine,    v_ver_refine,    660, 0, 'Refine',   4),
      (v_n_v_validate, v_wf_visual, v_lens_validate,  v_ver_validate,  880, 0, 'Validate', 5);

    INSERT INTO lenses.workflow_edges (workflow_id, source_node_id, target_node_id, source_output_key, target_param_label) VALUES
      (v_wf_visual, v_n_v_intent, v_n_v_plan,     'output', 'context'),
      (v_wf_visual, v_n_v_plan,   v_n_v_gen,      'output', 'visual_brief'),
      (v_wf_visual, v_n_v_gen,    v_n_v_refine,   'output', 'draft'),
      (v_wf_visual, v_n_v_refine, v_n_v_validate, 'output', 'output');

    INSERT INTO content.tag_map (entity_type, entity_id, tag_id)
    VALUES ('workflow', v_wf_visual, v_tag_template)
    ON CONFLICT DO NOTHING;
  END IF;

  -- ---------------------------------------------------------------------------
  -- Workflow 3: Short-Form Video Brief
  -- ---------------------------------------------------------------------------
  IF NOT EXISTS (SELECT 1 FROM lenses.workflows WHERE id = v_wf_video) THEN
    INSERT INTO lenses.workflows (id, lenser_id, title, description, visibility)
    VALUES (
      v_wf_video, v_author,
      'Template · Short-Form Video Brief',
      'Intent → Plan → Script → Render → Validate. Goes from creator brief to a rendered short-form video artifact.',
      'public'
    );

    INSERT INTO lenses.workflow_nodes (id, workflow_id, lens_id, version_id, position_x, position_y, label, ordinal) VALUES
      (v_n_vid_intent,   v_wf_video, v_lens_intent,    v_ver_intent,    0,   0, 'Intent',   1),
      (v_n_vid_plan,     v_wf_video, v_lens_plan,      v_ver_plan,      220, 0, 'Plan',     2),
      (v_n_vid_script,   v_wf_video, v_lens_gen_text,  v_ver_gen_text,  440, 0, 'Script',   3),
      (v_n_vid_render,   v_wf_video, v_lens_gen_video, v_ver_gen_video, 660, 0, 'Render',   4),
      (v_n_vid_validate, v_wf_video, v_lens_validate,  v_ver_validate,  880, 0, 'Validate', 5);

    INSERT INTO lenses.workflow_edges (workflow_id, source_node_id, target_node_id, source_output_key, target_param_label) VALUES
      (v_wf_video, v_n_vid_intent, v_n_vid_plan,     'output', 'context'),
      (v_wf_video, v_n_vid_plan,   v_n_vid_script,   'output', 'context'),
      (v_wf_video, v_n_vid_script, v_n_vid_render,   'output', 'scene_plan'),
      (v_wf_video, v_n_vid_render, v_n_vid_validate, 'output', 'output');

    INSERT INTO content.tag_map (entity_type, entity_id, tag_id)
    VALUES ('workflow', v_wf_video, v_tag_template)
    ON CONFLICT DO NOTHING;
  END IF;

  -- ---------------------------------------------------------------------------
  -- Workflow 4: Research Brief to PDF
  -- ---------------------------------------------------------------------------
  IF NOT EXISTS (SELECT 1 FROM lenses.workflows WHERE id = v_wf_research_pdf) THEN
    INSERT INTO lenses.workflows (id, lenser_id, title, description, visibility)
    VALUES (
      v_wf_research_pdf, v_author,
      'Template · Research Brief to PDF',
      'Intent → Research → Refine → Validate → Export. A deep-search pipeline that ships as a production-ready PDF.',
      'public'
    );

    INSERT INTO lenses.workflow_nodes (id, workflow_id, lens_id, version_id, position_x, position_y, label, ordinal) VALUES
      (v_n_r_intent,   v_wf_research_pdf, v_lens_intent,     v_ver_intent,     0,   0, 'Intent',   1),
      (v_n_r_research, v_wf_research_pdf, v_lens_research,   v_ver_research,   220, 0, 'Research', 2),
      (v_n_r_refine,   v_wf_research_pdf, v_lens_refine,     v_ver_refine,     440, 0, 'Refine',   3),
      (v_n_r_validate, v_wf_research_pdf, v_lens_validate,   v_ver_validate,   660, 0, 'Validate', 4),
      (v_n_r_export,   v_wf_research_pdf, v_lens_export_pdf, v_ver_export_pdf, 880, 0, 'Export',   5);

    INSERT INTO lenses.workflow_edges (workflow_id, source_node_id, target_node_id, source_output_key, target_param_label) VALUES
      (v_wf_research_pdf, v_n_r_intent,   v_n_r_research, 'output', 'context'),
      (v_wf_research_pdf, v_n_r_research, v_n_r_refine,   'output', 'draft'),
      (v_wf_research_pdf, v_n_r_refine,   v_n_r_validate, 'output', 'output'),
      (v_wf_research_pdf, v_n_r_validate, v_n_r_export,   'output', 'content');

    INSERT INTO content.tag_map (entity_type, entity_id, tag_id)
    VALUES ('workflow', v_wf_research_pdf, v_tag_template)
    ON CONFLICT DO NOTHING;
  END IF;

  RAISE NOTICE '40_lens_chain_templates: seeded template lenses and starter workflows for author %.', v_author;
END
$seed$;

ANALYZE lenses.lenses;
ANALYZE lenses.versions;
ANALYZE lenses.workflows;
ANALYZE lenses.workflow_nodes;
ANALYZE lenses.workflow_edges;
ANALYZE content.tag_map;

