-- ==============================================================================
-- LenserFight Community Edition — Seed Data
-- Contains only OSS-safe schemas: lensers, lenses, content, media, agents, ai,
-- execution, tenancy. Private schemas (battles, billing, xp, analytics, etc.)
-- are excluded.
-- ==============================================================================
-- AUTO-GENERATED by supabase/combine-seeds.sh — edit seed.manifest and seeds/*.sql
-- NOTE: Supabase applies this file via Postgres (not psql), so content is INLINED.
--       Do not use \\ir here; the combine script concatenates each seed file.
-- ==============================================================================

SET statement_timeout = 0;
SET lock_timeout = 0;
SET idle_in_transaction_session_timeout = 0;
SET client_encoding = 'UTF8';
SET standard_conforming_strings = on;
SELECT pg_catalog.set_config('search_path', 'public, extensions', false);
SET check_function_bodies = false;
SET xmloption = content;
SET client_min_messages = warning;
SET row_security = off;


-- >>> seeds/02_auth_users.sql
-- =============================================================================
-- 2. TEST AUTH USERS
-- =============================================================================

INSERT INTO auth.users (
    instance_id, id, aud, role,
    email, encrypted_password,
    email_confirmed_at, created_at, updated_at, last_sign_in_at,
    confirmation_token, confirmation_sent_at,
    recovery_token, recovery_sent_at,
    email_change, email_change_token_new, email_change_token_current, email_change_sent_at, email_change_confirm_status,
    reauthentication_token, reauthentication_sent_at,
    is_super_admin, is_sso_user, deleted_at, is_anonymous,
    phone, phone_confirmed_at, phone_change, phone_change_token, phone_change_sent_at,
    raw_app_meta_data, raw_user_meta_data
)
VALUES
    (
        '00000000-0000-0000-0000-000000000000',
        'a1000000-0000-0000-0000-000000000001',
        'authenticated', 'authenticated',
        'alice@lenserfight.local',
        extensions.crypt('Alice#Lenser2026!', extensions.gen_salt('bf')),
        now(), now(), now(), now(),
        '', NULL,
        '', NULL,
        '', '', '', NULL, 0,
        '', NULL,
        false, false, NULL, false,
        NULL, NULL, '', '', NULL,
        '{"provider":"email","providers":["email"]}',
        '{"display_name":"Alice Arena"}'
    ),
    (
        '00000000-0000-0000-0000-000000000000',
        'a1000000-0000-0000-0000-000000000002',
        'authenticated', 'authenticated',
        'bob@lenserfight.local',
        extensions.crypt('Bob#Lenser2026!', extensions.gen_salt('bf')),
        now(), now(), now(), now(),
        '', NULL,
        '', NULL,
        '', '', '', NULL, 0,
        '', NULL,
        false, false, NULL, false,
        NULL, NULL, '', '', NULL,
        '{"provider":"email","providers":["email"]}',
        '{"display_name":"Bob Builder"}'
    ),
    (
        '00000000-0000-0000-0000-000000000000',
        'a1000000-0000-0000-0000-000000000003',
        'authenticated', 'authenticated',
        'carol@lenserfight.local',
        extensions.crypt('Carol#Lenser2026!', extensions.gen_salt('bf')),
        now(), now(), now(), now(),
        '', NULL,
        '', NULL,
        '', '', '', NULL, 0,
        '', NULL,
        false, false, NULL, false,
        NULL, NULL, '', '', NULL,
        '{"provider":"email","providers":["email"]}',
        '{"display_name":"Carol Voter"}'
    )
ON CONFLICT (id) DO UPDATE SET
    encrypted_password = EXCLUDED.encrypted_password,
    email_change = EXCLUDED.email_change,
    email_change_token_new = EXCLUDED.email_change_token_new,
    email_change_token_current = EXCLUDED.email_change_token_current,
    updated_at = now();

-- Identity records (required by Supabase auth)
INSERT INTO auth.identities (
    id, user_id, provider_id, identity_data, provider, last_sign_in_at, created_at, updated_at
)
VALUES
    (
        'a1000000-0000-0000-0000-000000000001',
        'a1000000-0000-0000-0000-000000000001',
        'a1000000-0000-0000-0000-000000000001',
        jsonb_build_object('sub', 'a1000000-0000-0000-0000-000000000001', 'email', 'alice@lenserfight.local'),
        'email', now(), now(), now()
    ),
    (
        'a1000000-0000-0000-0000-000000000002',
        'a1000000-0000-0000-0000-000000000002',
        'a1000000-0000-0000-0000-000000000002',
        jsonb_build_object('sub', 'a1000000-0000-0000-0000-000000000002', 'email', 'bob@lenserfight.local'),
        'email', now(), now(), now()
    ),
    (
        'a1000000-0000-0000-0000-000000000003',
        'a1000000-0000-0000-0000-000000000003',
        'a1000000-0000-0000-0000-000000000003',
        jsonb_build_object('sub', 'a1000000-0000-0000-0000-000000000003', 'email', 'carol@lenserfight.local'),
        'email', now(), now(), now()
    )
ON CONFLICT (id) DO NOTHING;


-- >>> seeds/03_lenser_profiles.sql
-- =============================================================================
-- 3. LENSER PROFILES
-- =============================================================================

INSERT INTO lensers.profiles (
    id, user_id, handle, display_name, bio, status, visibility,
    onboarding_step, onboarding_completed_at
)
VALUES
    (
        'b2000000-0000-0000-0000-000000000001',
        'a1000000-0000-0000-0000-000000000001',
        'alice_arena', 'Alice Arena',
        'Battle arena enthusiast and prompt engineer.',
        'active', 'public', 2, now()
    ),
    (
        'b2000000-0000-0000-0000-000000000002',
        'a1000000-0000-0000-0000-000000000002',
        'bob_builder', 'Bob Builder',
        'AI researcher and competitive coder.',
        'active', 'public', 2, now()
    ),
    (
        'b2000000-0000-0000-0000-000000000003',
        'a1000000-0000-0000-0000-000000000003',
        'carol_voter', 'Carol Voter',
        'Community judge and feedback specialist.',
        'active', 'public', 2, now()
    )
ON CONFLICT (id) DO UPDATE SET
    onboarding_step = 2,
    onboarding_completed_at = COALESCE(lensers.profiles.onboarding_completed_at, now()),
    updated_at = now();



-- >>> seeds/04_ai_providers.sql
-- =============================================================================
-- 4. AI PROVIDERS
-- =============================================================================
-- Normalized provider catalog for LenserFight.
-- Notes:
-- - keys match LenserFight runtime/provider conventions
-- - support_level communicates repo-truth, not upstream marketing
-- - metadata carries provenance and compatibility information

WITH provider_seed AS (
  SELECT *
  FROM (
    VALUES
      (
        'openai',
        'OpenAI',
        'https://api.openai.com/v1',
        'https://docs.openclaw.ai/providers/openai',
        'runnable',
        'openai',
        true,
        jsonb_build_object(
          'source_url', 'https://docs.openclaw.ai/providers/openai',
          'source_checked_at', '2026-04-27',
          'gateway_compatible', true,
          'platforms', jsonb_build_array('web', 'cli', 'gateway'),
          'auth_modes', jsonb_build_array('api_key', 'oauth'),
          'runtime_provider_key', 'openai'
        )
      ),
      (
        'anthropic',
        'Anthropic',
        'https://api.anthropic.com',
        'https://docs.openclaw.ai/providers/anthropic',
        'runnable',
        'anthropic',
        true,
        jsonb_build_object(
          'source_url', 'https://docs.openclaw.ai/providers/anthropic',
          'source_checked_at', '2026-04-27',
          'gateway_compatible', true,
          'platforms', jsonb_build_array('web', 'cli', 'gateway'),
          'auth_modes', jsonb_build_array('api_key'),
          'runtime_provider_key', 'anthropic'
        )
      ),
      (
        'google',
        'Google Gemini',
        'https://generativelanguage.googleapis.com',
        'https://docs.openclaw.ai/providers/google',
        'runnable',
        'google',
        true,
        jsonb_build_object(
          'source_url', 'https://docs.openclaw.ai/providers/google',
          'source_checked_at', '2026-04-27',
          'gateway_compatible', true,
          'platforms', jsonb_build_array('web', 'cli', 'gateway'),
          'auth_modes', jsonb_build_array('api_key'),
          'runtime_provider_key', 'google'
        )
      ),
      (
        'mistral',
        'Mistral AI',
        'https://api.mistral.ai/v1',
        'https://docs.openclaw.ai/providers/mistral',
        'runnable',
        'mistral',
        true,
        jsonb_build_object(
          'source_url', 'https://docs.openclaw.ai/providers/mistral',
          'source_checked_at', '2026-04-27',
          'gateway_compatible', true,
          'platforms', jsonb_build_array('web', 'cli', 'gateway'),
          'auth_modes', jsonb_build_array('api_key'),
          'runtime_provider_key', 'mistral'
        )
      ),
      (
        'ollama',
        'Ollama',
        'http://localhost:11434/api',
        'https://docs.openclaw.ai/providers/ollama',
        'runnable',
        'ollama',
        true,
        jsonb_build_object(
          'source_url', 'https://docs.openclaw.ai/providers/ollama',
          'source_checked_at', '2026-04-27',
          'gateway_compatible', true,
          'platforms', jsonb_build_array('web', 'cli', 'gateway', 'local'),
          'auth_modes', jsonb_build_array('local'),
          'runtime_provider_key', 'ollama',
          'aliases', jsonb_build_array('local')
        )
      ),
      (
        'fal',
        'fal.ai',
        'https://fal.run',
        'https://docs.openclaw.ai/providers/fal',
        'runnable',
        'fal',
        true,
        jsonb_build_object(
          'source_url', 'https://docs.openclaw.ai/providers/fal',
          'source_checked_at', '2026-04-27',
          'gateway_compatible', true,
          'platforms', jsonb_build_array('web', 'cli'),
          'auth_modes', jsonb_build_array('api_key'),
          'runtime_provider_key', 'fal'
        )
      ),
      (
        'stability',
        'Stability AI',
        'https://api.stability.ai',
        'https://platform.stability.ai/docs/api-reference',
        'runnable',
        'stability',
        true,
        jsonb_build_object(
          'source_url', 'https://platform.stability.ai/docs/api-reference',
          'source_checked_at', '2026-04-27',
          'gateway_compatible', false,
          'platforms', jsonb_build_array('web', 'cli'),
          'auth_modes', jsonb_build_array('api_key'),
          'runtime_provider_key', 'stability'
        )
      ),
      (
        'elevenlabs',
        'ElevenLabs',
        'https://api.elevenlabs.io',
        'https://docs.openclaw.ai/providers/elevenlabs',
        'runnable',
        'elevenlabs',
        true,
        jsonb_build_object(
          'source_url', 'https://docs.openclaw.ai/providers/elevenlabs',
          'source_checked_at', '2026-04-27',
          'gateway_compatible', false,
          'platforms', jsonb_build_array('web', 'cli'),
          'auth_modes', jsonb_build_array('api_key'),
          'runtime_provider_key', 'elevenlabs'
        )
      ),
      (
        'kling',
        'Kling AI',
        'https://api.klingai.com',
        'https://klingai.com/docs',
        'runnable',
        'kling',
        true,
        jsonb_build_object(
          'source_url', 'https://klingai.com/docs',
          'source_checked_at', '2026-04-27',
          'gateway_compatible', false,
          'platforms', jsonb_build_array('web', 'cli'),
          'auth_modes', jsonb_build_array('api_key'),
          'runtime_provider_key', 'kling'
        )
      ),
      (
        'suno',
        'Suno',
        'https://api.sunoapi.org',
        'https://suno.com/docs',
        'runnable',
        'suno',
        true,
        jsonb_build_object(
          'source_url', 'https://suno.com/docs',
          'source_checked_at', '2026-04-27',
          'gateway_compatible', false,
          'platforms', jsonb_build_array('web', 'cli'),
          'auth_modes', jsonb_build_array('api_key'),
          'runtime_provider_key', 'suno'
        )
      ),
      (
        'openrouter',
        'OpenRouter',
        'https://openrouter.ai/api/v1',
        'https://docs.openclaw.ai/providers/openrouter',
        'byok_only',
        'openrouter',
        true,
        jsonb_build_object(
          'source_url', 'https://docs.openclaw.ai/providers/openrouter',
          'source_checked_at', '2026-04-27',
          'gateway_compatible', true,
          'platforms', jsonb_build_array('catalog', 'cli'),
          'auth_modes', jsonb_build_array('api_key'),
          'runtime_provider_key', null
        )
      ),
      (
        'perplexity',
        'Perplexity',
        'https://api.perplexity.ai',
        'https://docs.openclaw.ai/providers/perplexity',
        'byok_only',
        'perplexity',
        true,
        jsonb_build_object(
          'source_url', 'https://docs.openclaw.ai/providers/perplexity',
          'source_checked_at', '2026-04-27',
          'gateway_compatible', true,
          'platforms', jsonb_build_array('catalog', 'cli'),
          'auth_modes', jsonb_build_array('api_key'),
          'runtime_provider_key', null
        )
      ),
      (
        'xai',
        'xAI',
        'https://api.x.ai/v1',
        'https://docs.openclaw.ai/providers/xai',
        'byok_only',
        'xai',
        true,
        jsonb_build_object(
          'source_url', 'https://docs.openclaw.ai/providers/xai',
          'source_checked_at', '2026-04-27',
          'gateway_compatible', true,
          'platforms', jsonb_build_array('catalog', 'cli'),
          'auth_modes', jsonb_build_array('api_key'),
          'runtime_provider_key', null
        )
      ),
      (
        'groq',
        'Groq',
        'https://api.groq.com/openai/v1',
        'https://docs.openclaw.ai/providers/groq',
        'catalog_only',
        'groq',
        true,
        jsonb_build_object(
          'source_url', 'https://docs.openclaw.ai/providers/groq',
          'source_checked_at', '2026-04-27',
          'gateway_compatible', true,
          'platforms', jsonb_build_array('catalog'),
          'auth_modes', jsonb_build_array('api_key'),
          'runtime_provider_key', null
        )
      ),
      (
        'deepseek',
        'DeepSeek',
        'https://api.deepseek.com',
        'https://docs.openclaw.ai/providers/deepseek',
        'catalog_only',
        'deepseek',
        true,
        jsonb_build_object(
          'source_url', 'https://docs.openclaw.ai/providers/deepseek',
          'source_checked_at', '2026-04-27',
          'gateway_compatible', true,
          'platforms', jsonb_build_array('catalog'),
          'auth_modes', jsonb_build_array('api_key'),
          'runtime_provider_key', null
        )
      ),
      (
        'bedrock',
        'Amazon Bedrock',
        'https://bedrock-runtime.us-east-1.amazonaws.com',
        'https://docs.openclaw.ai/providers/amazon-bedrock',
        'catalog_only',
        'bedrock',
        true,
        jsonb_build_object(
          'source_url', 'https://docs.openclaw.ai/providers',
          'source_checked_at', '2026-04-27',
          'gateway_compatible', true,
          'platforms', jsonb_build_array('catalog'),
          'auth_modes', jsonb_build_array('aws'),
          'runtime_provider_key', null
        )
      ),
      (
        'runway',
        'Runway',
        'https://api.dev.runwayml.com',
        'https://docs.openclaw.ai/providers/runway',
        'catalog_only',
        'runway',
        true,
        jsonb_build_object(
          'source_url', 'https://docs.openclaw.ai/providers/runway',
          'source_checked_at', '2026-04-27',
          'gateway_compatible', true,
          'platforms', jsonb_build_array('catalog'),
          'auth_modes', jsonb_build_array('api_key'),
          'runtime_provider_key', null
        )
      ),
      (
        'litellm',
        'LiteLLM',
        'https://litellm.ai',
        'https://docs.openclaw.ai/providers/litellm',
        'catalog_only',
        'litellm',
        true,
        jsonb_build_object(
          'source_url', 'https://docs.openclaw.ai/providers/litellm',
          'source_checked_at', '2026-04-27',
          'gateway_compatible', true,
          'platforms', jsonb_build_array('catalog', 'gateway'),
          'auth_modes', jsonb_build_array('proxy'),
          'runtime_provider_key', null
        )
      ),
      (
        'lmstudio',
        'LM Studio',
        'http://localhost:1234/v1',
        'https://docs.openclaw.ai/providers/lm-studio',
        'catalog_only',
        'lmstudio',
        true,
        jsonb_build_object(
          'source_url', 'https://docs.openclaw.ai/providers/lm-studio',
          'source_checked_at', '2026-04-27',
          'gateway_compatible', true,
          'platforms', jsonb_build_array('catalog', 'local'),
          'auth_modes', jsonb_build_array('local'),
          'runtime_provider_key', null
        )
      ),
      (
        'midjourney',
        'Midjourney',
        'https://api.midjourney.com',
        'https://docs.midjourney.com',
        'deprecated',
        'midjourney',
        false,
        jsonb_build_object(
          'source_url', 'https://docs.midjourney.com',
          'source_checked_at', '2026-04-27',
          'gateway_compatible', false,
          'platforms', jsonb_build_array('catalog'),
          'auth_modes', jsonb_build_array('api_key'),
          'runtime_provider_key', 'midjourney'
        )
      )
  ) AS t(
    key,
    display_name,
    base_url,
    docs_url,
    support_level,
    logo_slug,
    is_active,
    metadata
  )
)
INSERT INTO ai.providers (
  key,
  display_name,
  base_url,
  docs_url,
  support_level,
  logo_slug,
  is_active,
  metadata
)
SELECT
  ps.key,
  ps.display_name,
  ps.base_url,
  ps.docs_url,
  ps.support_level,
  ps.logo_slug,
  ps.is_active,
  ps.metadata
FROM provider_seed ps
ON CONFLICT (key) DO UPDATE SET
  display_name  = EXCLUDED.display_name,
  base_url      = EXCLUDED.base_url,
  docs_url      = EXCLUDED.docs_url,
  support_level = EXCLUDED.support_level,
  logo_slug     = EXCLUDED.logo_slug,
  is_active     = EXCLUDED.is_active,
  metadata      = EXCLUDED.metadata;


-- >>> seeds/04b_ai_models.sql
-- =============================================================================
-- 4B. AI MODELS  (moved here from 07_ai_models.sql to run before 07_ai_lensers.sql)
-- =============================================================================
-- ai.providers must already exist (seeded by 04_ai_providers.sql).
-- ai_lensers profiles (07_ai_lensers.sql) JOIN on ai.models, so models must be
-- present first.  The original 07_ai_models.sql is now a no-op stub.

WITH model_seed AS (
  SELECT *
  FROM (
    VALUES
      -- -----------------------------------------------------------------------
      -- OpenAI models
      -- -----------------------------------------------------------------------
      (
        'GPT-5.2',
        ARRAY['chat','reasoning','tools','vision','json_schema']::text[],
        'gpt-5.2',
        'openai',
        400000,
        true,
        true,
        true,
        'https://platform.openai.com/docs/models/compare?model=gpt-5.2',
        false
      ),
      (
        'GPT-4o',
        ARRAY['chat','tools','vision','json_schema']::text[],
        'gpt-4o',
        'openai',
        128000,
        true,
        true,
        true,
        'https://platform.openai.com/docs/models/compare?model=gpt-4o',
        false
      ),
      (
        'GPT-5.4',
        ARRAY['chat','reasoning','tools','vision','json_schema']::text[],
        'gpt-5.4',
        'openai',
        400000,
        true,
        true,
        true,
        'https://platform.openai.com/docs/models/compare?model=gpt-5.4',
        false
      ),
      (
        'GPT-5.4 Mini',
        ARRAY['chat','tools','json_schema']::text[],
        'gpt-5.4-mini',
        'openai',
        400000,
        true,
        true,
        false,
        'https://platform.openai.com/docs/models/compare?model=gpt-5.4-mini',
        false
      ),
      (
        'GPT-5.4 Nano',
        ARRAY['chat','json_schema']::text[],
        'gpt-5.4-nano',
        'openai',
        400000,
        true,
        true,
        false,
        'https://platform.openai.com/docs/models/compare?model=gpt-5.4-nano',
        false
      ),
      (
        'GPT-5.4 Pro',
        ARRAY['chat','reasoning','tools','vision','json_schema']::text[],
        'gpt-5.4-pro',
        'openai',
        400000,
        true,
        true,
        true,
        'https://platform.openai.com/docs/models/compare?model=gpt-5.4-pro',
        false
      ),

      -- -----------------------------------------------------------------------
      -- Anthropic models
      -- -----------------------------------------------------------------------
      (
        'Claude Opus 4.6',
        ARRAY['chat','reasoning','tools']::text[],
        'claude-opus-4-6',
        'anthropic',
        200000,
        true,
        false,
        false,
        'https://docs.anthropic.com/en/docs/about-claude/models/overview',
        false
      ),
      (
        'Claude Sonnet 4.6',
        ARRAY['chat','reasoning','tools']::text[],
        'claude-sonnet-4-6',
        'anthropic',
        200000,
        true,
        false,
        false,
        'https://docs.anthropic.com/en/docs/about-claude/models/overview',
        false
      ),
      (
        'Claude Haiku 4.5',
        ARRAY['chat']::text[],
        'claude-haiku-4-5',
        'anthropic',
        200000,
        false,
        false,
        false,
        'https://docs.anthropic.com/en/docs/about-claude/models/migrating-to-claude-4',
        false
      ),
      (
        'Claude Sonnet 4.5',
        ARRAY['chat','reasoning','tools']::text[],
        'claude-sonnet-4-5',
        'anthropic',
        200000,
        true,
        false,
        false,
        'https://docs.anthropic.com/en/docs/about-claude/models/migrating-to-claude-4',
        false
      ),
      (
        'Claude Sonnet 4.0',
        ARRAY['chat','reasoning','tools']::text[],
        'claude-sonnet-4-0',
        'anthropic',
        200000,
        true,
        false,
        false,
        'https://docs.anthropic.com/en/docs/about-claude/models/overview',
        false
      ),
      (
        'Claude Haiku 3.5',
        ARRAY['chat']::text[],
        'claude-haiku-3-5',
        'anthropic',
        200000,
        false,
        false,
        false,
        'https://docs.anthropic.com/en/docs/resources/model-deprecations',
        false
      ),

      -- -----------------------------------------------------------------------
      -- Google models
      -- -----------------------------------------------------------------------
      (
        'Gemini 2.5 Pro',
        ARRAY['chat','reasoning','tools','vision']::text[],
        'gemini-2.5-pro',
        'google',
        2000000,
        true,
        true,
        true,
        'https://ai.google.dev/gemini-api/docs/models/gemini-2.5-pro',
        false
      ),
      (
        'Gemini 2.5 Flash',
        ARRAY['chat','tools','vision']::text[],
        'gemini-2.5-flash',
        'google',
        1000000,
        true,
        true,
        true,
        'https://ai.google.dev/gemini-api/docs/models/gemini-2.5-flash',
        false
      ),
      (
        'Gemini 3 Pro Preview',
        ARRAY['chat','reasoning','tools','vision']::text[],
        'gemini-3-pro-preview',
        'google',
        2000000,
        true,
        true,
        true,
        'https://ai.google.dev/gemini-api/docs/models',
        false
      ),
      (
        'Gemini 3 Flash Preview',
        ARRAY['chat','tools','vision']::text[],
        'gemini-3-flash-preview',
        'google',
        1000000,
        true,
        true,
        true,
        'https://ai.google.dev/gemini-api/docs/models',
        false
      ),
      (
        'Gemini 2.5 Flash Lite',
        ARRAY['chat','tools']::text[],
        'gemini-2.5-flash-lite',
        'google',
        1000000,
        true,
        true,
        false,
        'https://ai.google.dev/gemini-api/docs/models/gemini-2.5-flash-lite',
        false
      ),
      (
        'Gemini 3.1 Pro Preview',
        ARRAY['chat','reasoning','tools','vision']::text[],
        'gemini-3.1-pro-preview',
        'google',
        2000000,
        true,
        true,
        true,
        'https://ai.google.dev/gemini-api/docs/models',
        false
      ),
      (
        'Gemini 3.1 Flash Lite Preview',
        ARRAY['chat','tools']::text[],
        'gemini-3.1-flash-lite-preview',
        'google',
        1000000,
        true,
        true,
        false,
        'https://ai.google.dev/gemini-api/docs/models/gemini-3.1-flash-lite-preview',
        false
      ),

      -- -----------------------------------------------------------------------
      -- Mistral models
      -- -----------------------------------------------------------------------
      (
        'Mistral Large 3',
        ARRAY['chat','tools','json_schema']::text[],
        'mistral-large-3',
        'mistral',
        128000,
        true,
        true,
        false,
        'https://docs.mistral.ai/models/mistral-large-3-25-12',
        false
      ),
      (
        'Magistral Medium 1.2',
        ARRAY['chat','reasoning']::text[],
        'magistral-medium-1.2',
        'mistral',
        40000,
        false,
        false,
        false,
        'https://docs.mistral.ai/models/magistral-medium-1-2-25-09',
        false
      ),
      (
        'Magistral Small 1.2',
        ARRAY['chat','reasoning']::text[],
        'magistral-small-1.2',
        'mistral',
        40000,
        false,
        false,
        false,
        'https://docs.mistral.ai/models/magistral-small-1-2-25-09',
        false
      ),

      -- -----------------------------------------------------------------------
      -- OpenAI generative media models
      -- -----------------------------------------------------------------------
      (
        'DALL-E 4',
        ARRAY['image_generation']::text[],
        'dall-e-4',
        'openai',
        0,
        false,
        false,
        false,
        'https://platform.openai.com/docs/models/dall-e',
        true
      ),
      (
        'Sora 2.0',
        ARRAY['video_generation']::text[],
        'sora-2.0',
        'openai',
        0,
        false,
        false,
        false,
        'https://platform.openai.com/docs/models/sora',
        true
      ),

      -- -----------------------------------------------------------------------
      -- Google generative media models
      -- -----------------------------------------------------------------------
      (
        'Imagen 4',
        ARRAY['image_generation']::text[],
        'imagen-4',
        'google',
        0,
        false,
        false,
        false,
        'https://cloud.google.com/vertex-ai/generative-ai/docs/image/overview',
        true
      ),
      (
        'Veo 3',
        ARRAY['video_generation']::text[],
        'veo-3',
        'google',
        0,
        false,
        false,
        false,
        'https://cloud.google.com/vertex-ai/generative-ai/docs/video/overview',
        true
      ),
      (
        'Lyria 2',
        ARRAY['audio_generation','music_generation']::text[],
        'lyria-2',
        'google',
        0,
        false,
        false,
        false,
        'https://deepmind.google/technologies/lyria/',
        true
      ),

      -- -----------------------------------------------------------------------
      -- Stability AI models (image generation)
      -- -----------------------------------------------------------------------
      (
        'Stable Diffusion 4',
        ARRAY['image_generation']::text[],
        'stable-diffusion-4',
        'stability',
        0,
        false,
        false,
        false,
        'https://stability.ai/stable-diffusion',
        true
      ),

      -- -----------------------------------------------------------------------
      -- ElevenLabs (audio / TTS)
      -- -----------------------------------------------------------------------
      (
        'ElevenLabs v4',
        ARRAY['audio_generation']::text[],
        'elevenlabs-v4',
        'elevenlabs',
        0,
        false,
        false,
        false,
        'https://elevenlabs.io/docs/api-reference/text-to-speech',
        true
      ),

      -- -----------------------------------------------------------------------
      -- Midjourney (image generation)
      -- -----------------------------------------------------------------------
      (
        'Midjourney 7',
        ARRAY['image_generation']::text[],
        'midjourney-7',
        'midjourney',
        0,
        false,
        false,
        false,
        'https://www.midjourney.com',
        false
      ),

      -- -----------------------------------------------------------------------
      -- Kling (video generation)
      -- -----------------------------------------------------------------------
      (
        'Kling 2.0',
        ARRAY['video_generation']::text[],
        'kling-2.0',
        'kling',
        0,
        false,
        false,
        false,
        'https://klingai.com',
        true
      ),

      -- -----------------------------------------------------------------------
      -- Suno (music generation)
      -- -----------------------------------------------------------------------
      (
        'Suno v5',
        ARRAY['audio_generation','music_generation']::text[],
        'suno-v5',
        'suno',
        0,
        false,
        false,
        false,
        'https://suno.com',
        true
      )
  ) AS t(
    name,
    capabilities,
    key,
    provider_key,
    context_window_tokens,
    supports_tools,
    supports_json_schema,
    supports_vision,
    provider_url,
    is_active
  )
),
resolved AS (
  SELECT
    ms.name,
    ms.capabilities,
    ms.key,
    p.id AS provider_id,
    ms.context_window_tokens,
    ms.supports_tools,
    ms.supports_json_schema,
    ms.supports_vision,
    ms.provider_url,
    ms.is_active
  FROM model_seed ms
  JOIN ai.providers p
    ON p.key = ms.provider_key
)

-- Upsert: insert new rows, update existing rows on key conflict
INSERT INTO ai.models (
  name,
  capabilities,
  key,
  provider_id,
  context_window_tokens,
  supports_tools,
  supports_json_schema,
  supports_vision,
  provider_url,
  is_active
)
SELECT
  r.name,
  r.capabilities,
  r.key,
  r.provider_id,
  r.context_window_tokens,
  r.supports_tools,
  r.supports_json_schema,
  r.supports_vision,
  r.provider_url,
  r.is_active
FROM resolved r
ON CONFLICT (key) DO UPDATE SET
  name                   = EXCLUDED.name,
  capabilities           = EXCLUDED.capabilities,
  provider_id            = EXCLUDED.provider_id,
  context_window_tokens  = EXCLUDED.context_window_tokens,
  supports_tools         = EXCLUDED.supports_tools,
  supports_json_schema   = EXCLUDED.supports_json_schema,
  supports_vision        = EXCLUDED.supports_vision,
  provider_url           = EXCLUDED.provider_url,
  is_active              = EXCLUDED.is_active;

-- ---------------------------------------------------------------------------
-- Activate only Google models
-- ---------------------------------------------------------------------------
UPDATE ai.models
SET is_active = true
WHERE key IN (
  'gemini-2.5-pro',
  'gemini-2.5-flash',
  'gemini-2.5-flash-lite',
  'gemini-3-pro-preview',
  'gemini-3-flash-preview',
  'gemini-3.1-pro-preview',
  'gemini-3.1-flash-lite-preview'
);

-- ---------------------------------------------------------------------------
-- Patch input/output modalities for all existing text models
-- (ensures CapabilityMapper.validate() works correctly on every model)
-- ---------------------------------------------------------------------------
UPDATE ai.models
SET
  input_modalities  = COALESCE(NULLIF(input_modalities, '{}'), ARRAY['text']),
  output_modalities = COALESCE(NULLIF(output_modalities, '{}'), ARRAY['text'])
WHERE
  (input_modalities IS NULL OR input_modalities = '{}')
  OR (output_modalities IS NULL OR output_modalities = '{}');

-- Vision-capable text models also accept image inputs
UPDATE ai.models
SET input_modalities = ARRAY['text','image','document']
WHERE supports_vision = true
  AND NOT (input_modalities @> ARRAY['image']);

-- ---------------------------------------------------------------------------
-- Set input/output modalities for generative media models
-- ---------------------------------------------------------------------------
UPDATE ai.models SET
  input_modalities  = ARRAY['text'],
  output_modalities = ARRAY['image'],
  context_window_tokens = 0
WHERE key IN ('dall-e-4','imagen-4','stable-diffusion-4','midjourney-7');

-- Image-to-image capable (accept image input as reference)
UPDATE ai.models SET
  input_modalities  = ARRAY['text','image'],
  output_modalities = ARRAY['image'],
  context_window_tokens = 0
WHERE key IN ('stable-diffusion-4');

UPDATE ai.models SET
  input_modalities  = ARRAY['text'],
  output_modalities = ARRAY['video'],
  context_window_tokens = 0
WHERE key IN ('sora-2.0','veo-3','kling-2.0');

UPDATE ai.models SET
  input_modalities  = ARRAY['text'],
  output_modalities = ARRAY['audio'],
  context_window_tokens = 0
WHERE key IN ('elevenlabs-v4','lyria-2','suno-v5');

-- ---------------------------------------------------------------------------
-- Catalog enrichment for LenserFight AI showroom / CLI
-- ---------------------------------------------------------------------------
WITH extra_model_seed AS (
  SELECT *
  FROM (
    VALUES
      (
        'Llama 3.2 3B Instruct',
        ARRAY['chat']::text[],
        'llama3.2:3b-instruct',
        'ollama',
        131072,
        false,
        false,
        false,
        'https://docs.openclaw.ai/providers/ollama',
        true
      ),
      (
        'Qwen 2.5 7B Instruct',
        ARRAY['chat','tools']::text[],
        'qwen2.5:7b-instruct',
        'ollama',
        131072,
        true,
        false,
        false,
        'https://docs.openclaw.ai/providers/ollama',
        true
      )
  ) AS t(
    name,
    capabilities,
    key,
    provider_key,
    context_window_tokens,
    supports_tools,
    supports_json_schema,
    supports_vision,
    provider_url,
    is_active
  )
),
extra_resolved AS (
  SELECT
    ems.name,
    ems.capabilities,
    ems.key,
    p.id AS provider_id,
    ems.context_window_tokens,
    ems.supports_tools,
    ems.supports_json_schema,
    ems.supports_vision,
    ems.provider_url,
    ems.is_active
  FROM extra_model_seed ems
  JOIN ai.providers p
    ON p.key = ems.provider_key
)
INSERT INTO ai.models (
  name,
  capabilities,
  key,
  provider_id,
  context_window_tokens,
  supports_tools,
  supports_json_schema,
  supports_vision,
  provider_url,
  is_active
)
SELECT
  er.name,
  er.capabilities,
  er.key,
  er.provider_id,
  er.context_window_tokens,
  er.supports_tools,
  er.supports_json_schema,
  er.supports_vision,
  er.provider_url,
  er.is_active
FROM extra_resolved er
ON CONFLICT (key) DO UPDATE SET
  name                  = EXCLUDED.name,
  capabilities          = EXCLUDED.capabilities,
  provider_id           = EXCLUDED.provider_id,
  context_window_tokens = EXCLUDED.context_window_tokens,
  supports_tools        = EXCLUDED.supports_tools,
  supports_json_schema  = EXCLUDED.supports_json_schema,
  supports_vision       = EXCLUDED.supports_vision,
  provider_url          = EXCLUDED.provider_url,
  is_active             = EXCLUDED.is_active;

UPDATE ai.models m
SET
  docs_url = COALESCE(m.docs_url, m.provider_url),
  support_level = COALESCE(
    CASE
      WHEN p.support_level = 'deprecated' THEN 'deprecated'
      WHEN p.support_level = 'catalog_only' THEN 'catalog_only'
      WHEN p.support_level = 'byok_only' THEN 'byok_only'
      ELSE 'runnable'
    END,
    'catalog_only'
  ),
  supports_streaming = (
    m.supports_tools
    OR p.key IN ('openai', 'anthropic', 'google', 'mistral', 'ollama')
  ),
  status = CASE
    WHEN m.key ILIKE '%preview%' THEN 'preview'
    WHEN p.support_level = 'deprecated' THEN 'deprecated'
    WHEN m.is_active = false THEN 'legacy'
    ELSE 'active'
  END,
  use_cases = CASE
    WHEN m.output_modalities @> ARRAY['video']::text[] THEN ARRAY['video_generation', 'storyboards', 'motion_concepts']
    WHEN m.output_modalities @> ARRAY['image']::text[] THEN ARRAY['image_generation', 'creative_direction', 'concept_art']
    WHEN m.output_modalities @> ARRAY['audio']::text[] THEN ARRAY['audio_generation', 'voiceover', 'music']
    WHEN m.capabilities @> ARRAY['reasoning']::text[] THEN ARRAY['research', 'planning', 'code_review']
    WHEN m.supports_tools THEN ARRAY['automation', 'agents', 'structured_tasks']
    ELSE ARRAY['chat', 'summaries', 'classification']
  END,
  description = CASE
    WHEN COALESCE(nullif(trim(m.description), ''), '') <> '' THEN m.description
    WHEN m.output_modalities @> ARRAY['video']::text[] THEN m.name || ' is a video generation model in the LenserFight catalog.'
    WHEN m.output_modalities @> ARRAY['image']::text[] THEN m.name || ' is an image generation model in the LenserFight catalog.'
    WHEN m.output_modalities @> ARRAY['audio']::text[] THEN m.name || ' is an audio generation model in the LenserFight catalog.'
    ELSE m.name || ' is a text-first model available in the LenserFight AI catalog.'
  END,
  user_summary = CASE
    WHEN m.output_modalities @> ARRAY['video']::text[] THEN
      m.name || ' is best when you want to turn an idea into a video draft quickly. It is strong for concept clips, animated explainers, and creative visual experiments, but it is not the right choice for exact factual reasoning or long text tasks.'
    WHEN m.output_modalities @> ARRAY['image']::text[] THEN
      m.name || ' is best for turning prompts into visual concepts, illustrations, and polished image variations. It works well for inspiration and creative production, but it is not intended for heavy document reasoning or workflow orchestration.'
    WHEN m.output_modalities @> ARRAY['audio']::text[] THEN
      m.name || ' is best for spoken audio, music, or sound-forward workflows. Use it when the output should be heard rather than read, and avoid it for text-heavy analysis.'
    WHEN m.capabilities @> ARRAY['reasoning']::text[] THEN
      m.name || ' is best for tasks where the model needs to think through several steps before answering. It is a good fit for planning, research, and code-heavy work, but usually costs more and responds more slowly than lighter models.'
    WHEN m.supports_tools THEN
      m.name || ' is best for interactive assistants and automations that need to call tools, follow structure, and work inside workflows. It is a practical default for agent-style product features.'
    ELSE
      m.name || ' is best for everyday chat, drafting, extraction, and light summaries. It is easy to use and often faster, but it is not the strongest option for complex multi-step reasoning.'
  END,
  developer_summary = CASE
    WHEN m.output_modalities @> ARRAY['video']::text[] THEN
      'Strengths: motion generation and creative prototyping. Limitations: async execution, higher cost, weak structured output. Recommended workflows: storyboard generation, marketing concept clips, visual iteration. Avoid for factual QA or JSON-first automation.'
    WHEN m.output_modalities @> ARRAY['image']::text[] THEN
      'Strengths: prompt-to-image generation, art direction, concept exploration. Limitations: weaker determinism and no long-context reasoning. Recommended workflows: thumbnail generation, creative mockups, campaign visuals. Avoid when a workflow needs tool use or precise structured outputs.'
    WHEN m.output_modalities @> ARRAY['audio']::text[] THEN
      'Strengths: audio-first output, narration, music or voice pipelines. Limitations: poor fit for text reasoning and document analysis. Recommended workflows: TTS, soundtrack drafts, voice assets. Avoid for planning-heavy agents.'
    WHEN m.capabilities @> ARRAY['reasoning']::text[] THEN
      'Strengths: deeper reasoning, planning, code review, and long-context analysis. Limitations: higher latency and cost. Recommended workflows: orchestrators, reviewers, research agents, complex workflow nodes. Avoid for cheap high-volume classification.'
    WHEN m.supports_tools THEN
      'Strengths: tool calling, workflow orchestration, and structured assistant behavior. Limitations: not always the cheapest model for bulk generation. Recommended workflows: agents, operators, and task runners. Avoid when you only need plain text generation without tool access.'
    ELSE
      'Strengths: low-friction chat, summarization, extraction, and support responses. Limitations: lighter reasoning depth and fewer orchestration features. Recommended workflows: drafts, triage, lightweight assistants. Avoid for complex agent planning or multimodal pipelines.'
  END,
  metadata = jsonb_strip_nulls(
    jsonb_build_object(
      'source_url', COALESCE(m.docs_url, m.provider_url, p.docs_url),
      'source_checked_at', '2026-04-27',
      'provider_key', p.key,
      'provider_support_level', p.support_level,
      'gateway_compatible', COALESCE((p.metadata ->> 'gateway_compatible')::boolean, false),
      'platforms', COALESCE(p.metadata -> 'platforms', '[]'::jsonb),
      'auth_modes', COALESCE(p.metadata -> 'auth_modes', '[]'::jsonb),
      'pricing', jsonb_build_object(
        'notes',
        CASE
          WHEN p.support_level = 'runnable' THEN 'Pricing varies by provider plan and should be confirmed against the upstream docs before production billing decisions.'
          ELSE 'Catalog-only pricing reference. Validate upstream billing before wiring runtime execution.'
        END
      )
    )
  )
FROM ai.providers p
WHERE p.id = m.provider_id;


-- >>> seeds/04c_ai_model_pricing.sql
-- =============================================================================
-- 4C. AI MODEL PRICING SNAPSHOT
-- =============================================================================
-- Local seed snapshot used by the agent control room to sort models by cost.
-- Models without a row remain visible in the UI and render as "Pricing unavailable".

DELETE FROM ai.model_pricing;

WITH pricing_seed AS (
  SELECT *
  FROM (
    VALUES
      ('openai', 'gpt-5.2', 'tokens', NULL::numeric, 0.01000000::numeric, 0.03000000::numeric),
      ('openai', 'gpt-4o', 'tokens', NULL::numeric, 0.00500000::numeric, 0.01500000::numeric),
      ('openai', 'gpt-5.4', 'tokens', NULL::numeric, 0.01200000::numeric, 0.03600000::numeric),
      ('openai', 'gpt-5.4-mini', 'tokens', NULL::numeric, 0.00200000::numeric, 0.00800000::numeric),
      ('openai', 'gpt-5.4-nano', 'tokens', NULL::numeric, 0.00050000::numeric, 0.00200000::numeric),
      ('openai', 'gpt-5.4-pro', 'tokens', NULL::numeric, 0.03000000::numeric, 0.12000000::numeric),

      ('anthropic', 'claude-opus-4-6', 'tokens', NULL::numeric, 0.01500000::numeric, 0.07500000::numeric),
      ('anthropic', 'claude-sonnet-4-6', 'tokens', NULL::numeric, 0.00300000::numeric, 0.01500000::numeric),
      ('anthropic', 'claude-haiku-4-5', 'tokens', NULL::numeric, 0.00080000::numeric, 0.00400000::numeric),
      ('anthropic', 'claude-sonnet-4-5', 'tokens', NULL::numeric, 0.00300000::numeric, 0.01500000::numeric),
      ('anthropic', 'claude-sonnet-4-0', 'tokens', NULL::numeric, 0.00300000::numeric, 0.01500000::numeric),
      ('anthropic', 'claude-haiku-3-5', 'tokens', NULL::numeric, 0.00080000::numeric, 0.00400000::numeric),

      ('google', 'gemini-2.5-pro', 'tokens', NULL::numeric, 0.00350000::numeric, 0.01050000::numeric),
      ('google', 'gemini-2.5-flash', 'tokens', NULL::numeric, 0.00035000::numeric, 0.00105000::numeric),
      ('google', 'gemini-3-pro-preview', 'tokens', NULL::numeric, 0.00400000::numeric, 0.01200000::numeric),
      ('google', 'gemini-3-flash-preview', 'tokens', NULL::numeric, 0.00040000::numeric, 0.00120000::numeric),
      ('google', 'gemini-2.5-flash-lite', 'tokens', NULL::numeric, 0.00010000::numeric, 0.00040000::numeric),
      ('google', 'gemini-3.1-pro-preview', 'tokens', NULL::numeric, 0.00450000::numeric, 0.01350000::numeric),
      ('google', 'gemini-3.1-flash-lite-preview', 'tokens', NULL::numeric, 0.00012000::numeric, 0.00045000::numeric),

      ('mistral', 'mistral-large-3', 'tokens', NULL::numeric, 0.00200000::numeric, 0.00600000::numeric),
      ('mistral', 'magistral-medium-1.2', 'tokens', NULL::numeric, 0.00100000::numeric, 0.00300000::numeric),
      ('mistral', 'magistral-small-1.2', 'tokens', NULL::numeric, 0.00020000::numeric, 0.00060000::numeric),

      ('openai', 'dall-e-4', 'image', 0.0800000000::numeric, 0::numeric, 0::numeric),
      ('openai', 'sora-2.0', 'video_second', 0.2500000000::numeric, 0::numeric, 0::numeric),
      ('google', 'imagen-4', 'image', 0.0400000000::numeric, 0::numeric, 0::numeric),
      ('google', 'veo-3', 'video_second', 0.2000000000::numeric, 0::numeric, 0::numeric),
      ('google', 'lyria-2', 'audio_second', 0.0300000000::numeric, 0::numeric, 0::numeric),
      ('stability', 'stable-diffusion-4', 'image', 0.0200000000::numeric, 0::numeric, 0::numeric),
      ('elevenlabs', 'elevenlabs-v4', 'audio_second', 0.0012000000::numeric, 0::numeric, 0::numeric),
      ('midjourney', 'midjourney-7', 'image', 0.0500000000::numeric, 0::numeric, 0::numeric),
      ('kling', 'kling-2.0', 'video_second', 0.1800000000::numeric, 0::numeric, 0::numeric),
      ('suno', 'suno-v5', 'audio_second', 0.0250000000::numeric, 0::numeric, 0::numeric)
  ) AS t(
    provider_key,
    model_key,
    unit_type,
    cost_per_unit,
    input_cost_per_1k_tokens,
    output_cost_per_1k_tokens
  )
),
resolved AS (
  SELECT
    m.id AS model_id,
    pricing_seed.unit_type::ai.unit_type_enum AS unit_type,
    pricing_seed.cost_per_unit,
    pricing_seed.input_cost_per_1k_tokens,
    pricing_seed.output_cost_per_1k_tokens
  FROM pricing_seed
  JOIN ai.providers p
    ON p.key = pricing_seed.provider_key
  JOIN ai.models m
    ON m.provider_id = p.id
   AND m.key = pricing_seed.model_key
)
INSERT INTO ai.model_pricing (
  model_id,
  unit_type,
  cost_per_unit,
  input_cost_per_1k_tokens,
  output_cost_per_1k_tokens
)
SELECT
  model_id,
  unit_type,
  cost_per_unit,
  input_cost_per_1k_tokens,
  output_cost_per_1k_tokens
FROM resolved;


-- >>> seeds/07_ai_models.sql
-- =============================================================================
-- 7. AI MODELS  (no-op stub — content moved to 04b_ai_models.sql)
-- =============================================================================
-- ai.models is already populated by 04b_ai_models.sql which runs before
-- 07_ai_lensers.sql.  This file is kept so existing tooling references remain
-- valid; the upsert below is idempotent and produces no changes on a fresh db.

WITH model_seed AS (
  SELECT *
  FROM (
    VALUES
      -- -----------------------------------------------------------------------
      -- OpenAI models
      -- -----------------------------------------------------------------------
      (
        'GPT-5.2',
        ARRAY['chat','reasoning','tools','vision','json_schema']::text[],
        'gpt-5.2',
        'openai',
        400000,
        true,
        true,
        true,
        'https://platform.openai.com/docs/models/compare?model=gpt-5.2',
        false
      ),
      (
        'GPT-4o',
        ARRAY['chat','tools','vision','json_schema']::text[],
        'gpt-4o',
        'openai',
        128000,
        true,
        true,
        true,
        'https://platform.openai.com/docs/models/compare?model=gpt-4o',
        false
      ),
      (
        'GPT-5.4',
        ARRAY['chat','reasoning','tools','vision','json_schema']::text[],
        'gpt-5.4',
        'openai',
        400000,
        true,
        true,
        true,
        'https://platform.openai.com/docs/models/compare?model=gpt-5.4',
        false
      ),
      (
        'GPT-5.4 Mini',
        ARRAY['chat','tools','json_schema']::text[],
        'gpt-5.4-mini',
        'openai',
        400000,
        true,
        true,
        false,
        'https://platform.openai.com/docs/models/compare?model=gpt-5.4-mini',
        false
      ),
      (
        'GPT-5.4 Nano',
        ARRAY['chat','json_schema']::text[],
        'gpt-5.4-nano',
        'openai',
        400000,
        true,
        true,
        false,
        'https://platform.openai.com/docs/models/compare?model=gpt-5.4-nano',
        false
      ),
      (
        'GPT-5.4 Pro',
        ARRAY['chat','reasoning','tools','vision','json_schema']::text[],
        'gpt-5.4-pro',
        'openai',
        400000,
        true,
        true,
        true,
        'https://platform.openai.com/docs/models/compare?model=gpt-5.4-pro',
        false
      ),

      -- -----------------------------------------------------------------------
      -- Anthropic models
      -- -----------------------------------------------------------------------
      (
        'Claude Opus 4.6',
        ARRAY['chat','reasoning','tools']::text[],
        'claude-opus-4-6',
        'anthropic',
        200000,
        true,
        false,
        false,
        'https://docs.anthropic.com/en/docs/about-claude/models/overview',
        false
      ),
      (
        'Claude Sonnet 4.6',
        ARRAY['chat','reasoning','tools']::text[],
        'claude-sonnet-4-6',
        'anthropic',
        200000,
        true,
        false,
        false,
        'https://docs.anthropic.com/en/docs/about-claude/models/overview',
        false
      ),
      (
        'Claude Haiku 4.5',
        ARRAY['chat']::text[],
        'claude-haiku-4-5',
        'anthropic',
        200000,
        false,
        false,
        false,
        'https://docs.anthropic.com/en/docs/about-claude/models/migrating-to-claude-4',
        false
      ),
      (
        'Claude Sonnet 4.5',
        ARRAY['chat','reasoning','tools']::text[],
        'claude-sonnet-4-5',
        'anthropic',
        200000,
        true,
        false,
        false,
        'https://docs.anthropic.com/en/docs/about-claude/models/migrating-to-claude-4',
        false
      ),
      (
        'Claude Sonnet 4.0',
        ARRAY['chat','reasoning','tools']::text[],
        'claude-sonnet-4-0',
        'anthropic',
        200000,
        true,
        false,
        false,
        'https://docs.anthropic.com/en/docs/about-claude/models/overview',
        false
      ),
      (
        'Claude Haiku 3.5',
        ARRAY['chat']::text[],
        'claude-haiku-3-5',
        'anthropic',
        200000,
        false,
        false,
        false,
        'https://docs.anthropic.com/en/docs/resources/model-deprecations',
        false
      ),

      -- -----------------------------------------------------------------------
      -- Google models
      -- -----------------------------------------------------------------------
      (
        'Gemini 2.5 Pro',
        ARRAY['chat','reasoning','tools','vision']::text[],
        'gemini-2.5-pro',
        'google',
        2000000,
        true,
        true,
        true,
        'https://ai.google.dev/gemini-api/docs/models/gemini-2.5-pro',
        false
      ),
      (
        'Gemini 2.5 Flash',
        ARRAY['chat','tools','vision']::text[],
        'gemini-2.5-flash',
        'google',
        1000000,
        true,
        true,
        true,
        'https://ai.google.dev/gemini-api/docs/models/gemini-2.5-flash',
        false
      ),
      (
        'Gemini 3 Pro Preview',
        ARRAY['chat','reasoning','tools','vision']::text[],
        'gemini-3-pro-preview',
        'google',
        2000000,
        true,
        true,
        true,
        'https://ai.google.dev/gemini-api/docs/models',
        false
      ),
      (
        'Gemini 3 Flash Preview',
        ARRAY['chat','tools','vision']::text[],
        'gemini-3-flash-preview',
        'google',
        1000000,
        true,
        true,
        true,
        'https://ai.google.dev/gemini-api/docs/models',
        false
      ),
      (
        'Gemini 2.5 Flash Lite',
        ARRAY['chat','tools']::text[],
        'gemini-2.5-flash-lite',
        'google',
        1000000,
        true,
        true,
        false,
        'https://ai.google.dev/gemini-api/docs/models/gemini-2.5-flash-lite',
        false
      ),
      (
        'Gemini 3.1 Pro Preview',
        ARRAY['chat','reasoning','tools','vision']::text[],
        'gemini-3.1-pro-preview',
        'google',
        2000000,
        true,
        true,
        true,
        'https://ai.google.dev/gemini-api/docs/models',
        false
      ),
      (
        'Gemini 3.1 Flash Lite Preview',
        ARRAY['chat','tools']::text[],
        'gemini-3.1-flash-lite-preview',
        'google',
        1000000,
        true,
        true,
        false,
        'https://ai.google.dev/gemini-api/docs/models/gemini-3.1-flash-lite-preview',
        false
      ),

      -- -----------------------------------------------------------------------
      -- Mistral models
      -- -----------------------------------------------------------------------
      (
        'Mistral Large 3',
        ARRAY['chat','tools','json_schema']::text[],
        'mistral-large-3',
        'mistral',
        128000,
        true,
        true,
        false,
        'https://docs.mistral.ai/models/mistral-large-3-25-12',
        false
      ),
      (
        'Magistral Medium 1.2',
        ARRAY['chat','reasoning']::text[],
        'magistral-medium-1.2',
        'mistral',
        40000,
        false,
        false,
        false,
        'https://docs.mistral.ai/models/magistral-medium-1-2-25-09',
        false
      ),
      (
        'Magistral Small 1.2',
        ARRAY['chat','reasoning']::text[],
        'magistral-small-1.2',
        'mistral',
        40000,
        false,
        false,
        false,
        'https://docs.mistral.ai/models/magistral-small-1-2-25-09',
        false
      )
  ) AS t(
    name,
    capabilities,
    key,
    provider_key,
    context_window_tokens,
    supports_tools,
    supports_json_schema,
    supports_vision,
    provider_url,
    is_active
  )
),
resolved AS (
  SELECT
    ms.name,
    ms.capabilities,
    ms.key,
    p.id AS provider_id,
    ms.context_window_tokens,
    ms.supports_tools,
    ms.supports_json_schema,
    ms.supports_vision,
    ms.provider_url,
    ms.is_active
  FROM model_seed ms
  JOIN ai.providers p
    ON p.key = ms.provider_key
)

-- Upsert: insert new rows, update existing rows on key conflict
INSERT INTO ai.models (
  name,
  capabilities,
  key,
  provider_id,
  context_window_tokens,
  supports_tools,
  supports_json_schema,
  supports_vision,
  provider_url,
  is_active
)
SELECT
  r.name,
  r.capabilities,
  r.key,
  r.provider_id,
  r.context_window_tokens,
  r.supports_tools,
  r.supports_json_schema,
  r.supports_vision,
  r.provider_url,
  r.is_active
FROM resolved r
ON CONFLICT (key) DO UPDATE SET
  name                   = EXCLUDED.name,
  capabilities           = EXCLUDED.capabilities,
  provider_id            = EXCLUDED.provider_id,
  context_window_tokens  = EXCLUDED.context_window_tokens,
  supports_tools         = EXCLUDED.supports_tools,
  supports_json_schema   = EXCLUDED.supports_json_schema,
  supports_vision        = EXCLUDED.supports_vision,
  provider_url           = EXCLUDED.provider_url,
  is_active              = EXCLUDED.is_active;

-- ---------------------------------------------------------------------------
-- Activate only Google models
-- ---------------------------------------------------------------------------
UPDATE ai.models
SET is_active = true
WHERE key IN (
  'gemini-2.5-pro',
  'gemini-2.5-flash',
  'gemini-2.5-flash-lite',
  'gemini-3-pro-preview',
  'gemini-3-flash-preview',
  'gemini-3.1-pro-preview',
  'gemini-3.1-flash-lite-preview'
);

-- >>> seeds/07_ai_lensers.sql
-- =============================================================================
-- 7A. AI LENSER PROFILES
-- =============================================================================

WITH ai_lensers AS (
  SELECT
    m.id AS ai_model_id,
    m.key AS model_key,
    p.key AS provider_key,
    CASE p.key
      WHEN 'openai' THEN 'OpenAI'
      WHEN 'anthropic' THEN 'Anthropic'
      WHEN 'google' THEN 'Google'
      WHEN 'mistral' THEN 'Mistral AI'
      WHEN 'local' THEN 'Local / Ollama'
      ELSE p.display_name
    END AS provider_name,
    CASE p.key
      WHEN 'openai' THEN 'OpenAI flagship reasoning model'
      WHEN 'anthropic' THEN 'Anthropic conversational assistant'
      WHEN 'google' THEN 'Google multimodal model'
      WHEN 'mistral' THEN 'Mistral high-efficiency model'
      WHEN 'local' THEN 'Local / Ollama self-hosted assistant'
      ELSE p.display_name || ' model'
    END AS headline,
    CASE p.key
      WHEN 'openai' THEN 'https://api.dicebear.com/9.x/bottts-neutral/svg?seed=openai-' || m.key
      WHEN 'anthropic' THEN 'https://api.dicebear.com/9.x/bottts-neutral/svg?seed=anthropic-' || m.key
      WHEN 'google' THEN 'https://api.dicebear.com/9.x/bottts-neutral/svg?seed=google-' || m.key
      WHEN 'mistral' THEN 'https://api.dicebear.com/9.x/bottts-neutral/svg?seed=mistral-' || m.key
      ELSE 'https://api.dicebear.com/9.x/bottts-neutral/svg?seed=local-' || m.key
    END AS avatar_url,
    CASE p.key
      WHEN 'openai' THEN 'I translate prompts into crisp, tool-aware outputs.'
      WHEN 'anthropic' THEN 'I prefer thoughtful, careful reasoning with a human tone.'
      WHEN 'google' THEN 'I handle long context and multimodal workflows.'
      WHEN 'mistral' THEN 'I optimize for speed, efficiency, and practical output.'
      ELSE 'I run locally and keep model execution close to the metal.'
    END AS bio,
    'ai_' || left(
      lower(regexp_replace(m.key, '[^a-z0-9]+', '_', 'g')),
      21
    ) AS handle
  FROM ai.models m
  JOIN ai.providers p ON p.id = m.provider_id
)
INSERT INTO lensers.profiles (
  id,
  handle,
  display_name,
  headline,
  avatar_url,
  bio,
  status,
  visibility,
  onboarding_step,
  type,
  ai_model_id,
  created_at,
  updated_at
)
SELECT
  ai_model_id,
  handle,
  (SELECT name FROM ai.models am WHERE am.id = ai_model_id),
  headline,
  avatar_url,
  bio,
  'active'::lensers.lenser_status,
  'public'::lensers.lenser_visibility,
  2,
  'ai'::lensers.lenser_type,
  ai_model_id,
  now(),
  now()
FROM ai_lensers
ON CONFLICT (id) DO UPDATE
SET
  handle = EXCLUDED.handle,
  display_name = EXCLUDED.display_name,
  headline = EXCLUDED.headline,
  avatar_url = EXCLUDED.avatar_url,
  bio = EXCLUDED.bio,
  status = EXCLUDED.status,
  visibility = EXCLUDED.visibility,
  onboarding_step = EXCLUDED.onboarding_step,
  type = EXCLUDED.type,
  ai_model_id = EXCLUDED.ai_model_id,
  updated_at = now();

-- [OSS] organizations membership seeding removed (private schema)

-- =============================================================================
-- 7B. AGENTS.AI_LENSERS
-- =============================================================================
-- Create an agents.ai_lensers row for every AI model profile.
-- Three demo models used in battle seeds get deterministic IDs so that
-- 09_ai_battle_contenders.sql can reference them as contender_ref_id values.
INSERT INTO agents.ai_lensers (id, profile_id)
SELECT
  CASE m.key
    WHEN 'gpt-4o'            THEN 'c3000000-0000-0000-0000-000000000001'::uuid
    WHEN 'claude-sonnet-4-6' THEN 'c3000000-0000-0000-0000-000000000002'::uuid
    WHEN 'gemini-2.5-flash'  THEN 'c3000000-0000-0000-0000-000000000003'::uuid
    ELSE m.id
  END AS id,
  m.id AS profile_id
FROM ai.models m
ON CONFLICT DO NOTHING;


-- >>> seeds/13_workspaces.sql
-- =============================================================================
-- 13. WORKSPACES (depends on 03_lenser_profiles)
-- =============================================================================
-- The trigger tenancy.fn_create_personal_workspace fires on INSERT OR UPDATE on
-- lensers.profiles and is idempotent — it guarantees every lenser has a personal
-- workspace. No general backfill is needed here.
--
-- This seed only pins deterministic workspace IDs for alice/bob/carol so that
-- downstream seeds (07_ai_lensers, 14_media_objects, etc.) can reference them
-- by a stable UUID.
--
-- We must DELETE then INSERT (not UPDATE) because workspace_members has
-- ON DELETE CASCADE but no ON UPDATE CASCADE — changing the workspace PK
-- via UPDATE violates the FK constraint. The guard trigger is disabled only
-- for this delete+reinsert window; we immediately recreate the rows.

ALTER TABLE tenancy.workspaces DISABLE TRIGGER trg_workspaces_guard_personal;

DELETE FROM tenancy.workspaces
WHERE slug IN ('alice_arena', 'bob_builder', 'carol_voter');

INSERT INTO tenancy.workspaces (id, slug, type, display_name, owner_lenser_id)
VALUES
    ('c3000000-0000-0000-0000-000000000001', 'alice_arena', 'personal', 'Alice Arena', 'b2000000-0000-0000-0000-000000000001'),
    ('c3000000-0000-0000-0000-000000000002', 'bob_builder', 'personal', 'Bob Builder', 'b2000000-0000-0000-0000-000000000002'),
    ('c3000000-0000-0000-0000-000000000003', 'carol_voter', 'personal', 'Carol Voter', 'b2000000-0000-0000-0000-000000000003')
ON CONFLICT (id) DO NOTHING;

ALTER TABLE tenancy.workspaces ENABLE TRIGGER trg_workspaces_guard_personal;

INSERT INTO tenancy.workspace_members (workspace_id, lenser_id, role)
VALUES
    ('c3000000-0000-0000-0000-000000000001', 'b2000000-0000-0000-0000-000000000001', 'owner'),
    ('c3000000-0000-0000-0000-000000000002', 'b2000000-0000-0000-0000-000000000002', 'owner'),
    ('c3000000-0000-0000-0000-000000000003', 'b2000000-0000-0000-0000-000000000003', 'owner')
ON CONFLICT (workspace_id, lenser_id) DO NOTHING;


-- >>> seeds/14_media_objects.sql
-- =============================================================================
-- 14. MEDIA OBJECTS (depends on 13_workspaces)
-- =============================================================================
-- Sample media objects for testing upload lifecycle and attachment bindings.

INSERT INTO media.objects (
    id, workspace_id, owner_lenser_id,
    content_text, media_type, name,
    visibility, lifecycle_state, created_by
)
VALUES
    (
        'd4000000-0000-0000-0000-000000000001',
        'c3000000-0000-0000-0000-000000000001',
        'b2000000-0000-0000-0000-000000000001',
        'This is a sample inline text resource for testing.',
        'text', 'sample-text-resource.txt',
        'private', 'active',
        'b2000000-0000-0000-0000-000000000001'
    ),
    (
        'd4000000-0000-0000-0000-000000000002',
        'c3000000-0000-0000-0000-000000000001',
        'b2000000-0000-0000-0000-000000000001',
        NULL, 'image', 'sample-image.png',
        'public', 'pending',
        'b2000000-0000-0000-0000-000000000001'
    )
ON CONFLICT (id) DO NOTHING;


-- >>> seeds/15_lens_tools.sql
-- =============================================================================
-- 15. LENS TOOLS (lenses.tools seed — "lenses" theme)
-- =============================================================================
-- These rows are the canonical tool definitions for lens parameter types.
-- ON CONFLICT (key) DO NOTHING ensures idempotency across reseeds.
-- =============================================================================

INSERT INTO lenses.tools (
  key, label, description, category, type,
  required, min_length, max_length,
  placeholder, help_text,
  sort_order, is_system, icon, color
) VALUES
  (
    'text',
    'Short Text',
    'A single-line text input for short values like names, titles, or keywords.',
    'input', 'text',
    true, 1, 500,
    'Enter text...',
    'A brief single-line text value.',
    0, true, 'type', '#6366f1'
  ),
  (
    'textarea',
    'Long Text',
    'A multi-line text area for longer content such as paragraphs, prompts, or descriptions.',
    'input', 'textarea',
    true, 10, 10000,
    'Enter longer text...',
    'Multi-line text content.',
    1, true, 'align-left', '#818cf8'
  ),
  (
    'number',
    'Number',
    'Any numeric value including decimals.',
    'input', 'number',
    true, 0, 10000,
    'e.g. 42',
    'A numeric value.',
    2, true, 'hash', '#f59e0b'
  ),
  (
    'integer',
    'Integer',
    'A whole number without decimals.',
    'input', 'integer',
    true, 0, 10000,
    'e.g. 5',
    'Whole number only.',
    3, true, 'binary', '#fbbf24'
  ),
  (
    'boolean_toggle',
    'Toggle',
    'A true/false boolean switch.',
    'input', 'boolean',
    true, 0, 10000,
    NULL,
    'On or off.',
    4, true, 'toggle-left', '#a855f7'
  ),
  (
    'select_option',
    'Select',
    'Choose one value from a predefined list of options.',
    'input', 'select',
    true, 0, 10000,
    'Choose an option...',
    'Select from a list.',
    5, true, 'list', '#14b8a6'
  ),
  (
    'url_link',
    'URL',
    'A valid URL for a web address or resource link.',
    'input', 'url',
    true, 7, 2048,
    'https://example.com',
    'A fully qualified URL.',
    6, true, 'link', '#06b6d4'
  ),
  (
    'json_data',
    'JSON',
    'Structured JSON data for complex configuration or payload inputs.',
    'input', 'json',
    true, 2, 10000,
    '{"key": "value"}',
    'Valid JSON object or array.',
    7, true, 'braces', '#f97316'
  ),
  (
    'date_input',
    'Date',
    'A calendar date value (YYYY-MM-DD).',
    'input', 'date',
    true, 0, 10000,
    'YYYY-MM-DD',
    'A date value.',
    8, true, 'calendar', '#f43f5e'
  ),
  (
    'datetime_input',
    'Date & Time',
    'A date and time value (ISO 8601).',
    'input', 'datetime',
    true, 0, 10000,
    'YYYY-MM-DDTHH:MM',
    'A date and time value.',
    9, true, 'calendar-clock', '#fb7185'
  ),
  (
    'media_file',
    'File Upload',
    'Upload a file such as an image, PDF, or document.',
    'media', 'file',
    false, 0, 10000,
    NULL,
    'Attach a file.',
    10, true, 'paperclip', '#64748b'
  ),
  (
    'multiselect_option',
    'Multi-Select',
    'Choose multiple values from a predefined list.',
    'input', 'multiselect',
    true, 0, 10000,
    'Choose options...',
    'Select one or more options.',
    11, true, 'list-checks', '#0ea5e9'
  )
ON CONFLICT (key) DO NOTHING;


-- >>> seeds/16_origin_types.sql
-- =============================================================================
-- Seed execution.origin_types lookup table
--
-- The table replaces a hard-coded CHECK constraint on execution.requests.origin_type.
-- Without rows here every INSERT into execution.requests fails with FK 23503.
-- =============================================================================

INSERT INTO execution.origin_types (key, description) VALUES
    ('api_stream',      'Streaming execution via POST /execute/stream'),
    ('api_byok',        'BYOK streaming execution via POST /execute/byok'),
    ('web',             'Execution triggered from the web UI via fn_run_lens'),
    ('api',             'Generic API execution (internal/legacy path)'),
    ('lens_preview',    'Local BYOK preview execution persisted via fn_persist_local_execution'),
    ('content_preview', 'Preview execution for content before publishing'),
    ('template_test',   'Test execution for lens templates'),
    ('battle',          'Execution triggered as part of a battle'),
    ('forum',           'Execution triggered from a forum post'),
    ('cli',             'Execution triggered from the CLI')
ON CONFLICT (key) DO NOTHING;



-- >>> seeds/40_lens_chain_templates.sql
-- =============================================================================
-- 40. LENS CHAIN TEMPLATES — Open Source Workflows
-- =============================================================================
-- Seeds a canonical library of template lenses (one per `kind`) plus four
-- starter workflows that chain them. The seed is idempotent: it keys every
-- entity by a deterministic UUID and gates inserts with `IF NOT EXISTS`.
--
-- Template convention:
--   • Every template-origin lens is tagged with `template` and its `kind-*` tag.
--   • Every template workflow is tagged with `template` via content.tag_map so
--     public.fn_list_template_workflows can surface it in the "Start from
--     template" strip on WorkflowsPage.
--
-- Dependencies:
--   • supabase/migrations/20260417150000_lens_chain_templates.sql (creates tags
--     and the listing RPC).
--   • 04_ai_providers.sql, 04b_ai_models.sql, 07_ai_lensers.sql (provide the AI
--     author profile that owns the templates).
--   • 15_lens_tools.sql (provides text/textarea tools for parameters).
-- =============================================================================

DO $seed$
DECLARE
  v_author           uuid;
  v_tool_text        uuid;
  v_tool_textarea    uuid;

  -- Canonical tags
  v_tag_template     uuid;
  v_tag_routing      uuid;
  v_tag_orchestration uuid;
  v_tag_research     uuid;
  v_tag_text         uuid;
  v_tag_image        uuid;
  v_tag_video        uuid;
  v_tag_transform    uuid;
  v_tag_validation   uuid;
  v_tag_pdf          uuid;

  -- Template lens IDs (deterministic)
  v_lens_intent      uuid := '40000000-0001-0001-0001-000000000001';
  v_ver_intent       uuid := '40000000-0001-0001-0001-00000000000a';
  v_param_intent_request uuid := '40000000-0001-0001-0001-0000000000a1';

  v_lens_plan        uuid := '40000000-0001-0002-0001-000000000001';
  v_ver_plan         uuid := '40000000-0001-0002-0001-00000000000a';
  v_param_plan_context uuid := '40000000-0001-0002-0001-0000000000a1';

  v_lens_research    uuid := '40000000-0001-0003-0001-000000000001';
  v_ver_research     uuid := '40000000-0001-0003-0001-00000000000a';
  v_param_research_topic uuid := '40000000-0001-0003-0001-0000000000a1';
  v_param_research_context uuid := '40000000-0001-0003-0001-0000000000a2';

  v_lens_gen_text    uuid := '40000000-0001-0004-0001-000000000001';
  v_ver_gen_text     uuid := '40000000-0001-0004-0001-00000000000a';
  v_param_gen_text_topic uuid := '40000000-0001-0004-0001-0000000000a1';
  v_param_gen_text_context uuid := '40000000-0001-0004-0001-0000000000a2';

  v_lens_gen_image   uuid := '40000000-0001-0005-0001-000000000001';
  v_ver_gen_image    uuid := '40000000-0001-0005-0001-00000000000a';
  v_param_gen_image_brief uuid := '40000000-0001-0005-0001-0000000000a1';

  v_lens_gen_video   uuid := '40000000-0001-0006-0001-000000000001';
  v_ver_gen_video    uuid := '40000000-0001-0006-0001-00000000000a';
  v_param_gen_video_scene uuid := '40000000-0001-0006-0001-0000000000a1';

  v_lens_refine      uuid := '40000000-0001-0007-0001-000000000001';
  v_ver_refine       uuid := '40000000-0001-0007-0001-00000000000a';
  v_param_refine_draft uuid := '40000000-0001-0007-0001-0000000000a1';

  v_lens_validate    uuid := '40000000-0001-0008-0001-000000000001';
  v_ver_validate     uuid := '40000000-0001-0008-0001-00000000000a';
  v_param_validate_output uuid := '40000000-0001-0008-0001-0000000000a1';
  v_param_validate_requirements uuid := '40000000-0001-0008-0001-0000000000a2';

  v_lens_export_pdf  uuid := '40000000-0001-0009-0001-000000000001';
  v_ver_export_pdf   uuid := '40000000-0001-0009-0001-00000000000a';
  v_param_export_pdf_content uuid := '40000000-0001-0009-0001-0000000000a1';
  v_param_export_pdf_title uuid := '40000000-0001-0009-0001-0000000000a2';

  -- Workflow 1: Article Pipeline
  v_wf_article       uuid := '40000000-0002-0001-0001-000000000001';
  v_n_a_intent       uuid := '40000000-0002-0001-0002-000000000001';
  v_n_a_plan         uuid := '40000000-0002-0001-0002-000000000002';
  v_n_a_research     uuid := '40000000-0002-0001-0002-000000000003';
  v_n_a_gen          uuid := '40000000-0002-0001-0002-000000000004';
  v_n_a_refine       uuid := '40000000-0002-0001-0002-000000000005';
  v_n_a_validate     uuid := '40000000-0002-0001-0002-000000000006';
  v_n_a_export       uuid := '40000000-0002-0001-0002-000000000007';

  -- Workflow 2: Visual Concept Kit
  v_wf_visual        uuid := '40000000-0002-0002-0001-000000000001';
  v_n_v_intent       uuid := '40000000-0002-0002-0002-000000000001';
  v_n_v_plan         uuid := '40000000-0002-0002-0002-000000000002';
  v_n_v_gen          uuid := '40000000-0002-0002-0002-000000000003';
  v_n_v_refine       uuid := '40000000-0002-0002-0002-000000000004';
  v_n_v_validate     uuid := '40000000-0002-0002-0002-000000000005';

  -- Workflow 3: Short-Form Video Brief
  v_wf_video         uuid := '40000000-0002-0003-0001-000000000001';
  v_n_vid_intent     uuid := '40000000-0002-0003-0002-000000000001';
  v_n_vid_plan       uuid := '40000000-0002-0003-0002-000000000002';
  v_n_vid_script     uuid := '40000000-0002-0003-0002-000000000003';
  v_n_vid_render     uuid := '40000000-0002-0003-0002-000000000004';
  v_n_vid_validate   uuid := '40000000-0002-0003-0002-000000000005';

  -- Workflow 4: Research Brief to PDF
  v_wf_research_pdf  uuid := '40000000-0002-0004-0001-000000000001';
  v_n_r_intent       uuid := '40000000-0002-0004-0002-000000000001';
  v_n_r_research     uuid := '40000000-0002-0004-0002-000000000002';
  v_n_r_refine       uuid := '40000000-0002-0004-0002-000000000003';
  v_n_r_validate     uuid := '40000000-0002-0004-0002-000000000004';
  v_n_r_export       uuid := '40000000-0002-0004-0002-000000000005';
BEGIN
  -- ---------------------------------------------------------------------------
  -- Resolve canonical dependencies
  -- ---------------------------------------------------------------------------
  SELECT id INTO v_author
  FROM lensers.profiles
  WHERE type = 'ai'::lensers.lenser_type AND status = 'active'::lensers.lenser_status
  ORDER BY created_at ASC
  LIMIT 1;

  IF v_author IS NULL THEN
    SELECT id INTO v_author FROM lensers.profiles ORDER BY created_at ASC LIMIT 1;
  END IF;

  IF v_author IS NULL THEN
    RAISE NOTICE '40_lens_chain_templates: no lensers.profiles row yet — skipping.';
    RETURN;
  END IF;

  SELECT id INTO v_tool_text     FROM lenses.tools WHERE key = 'text';
  SELECT id INTO v_tool_textarea FROM lenses.tools WHERE key = 'textarea';

  IF v_tool_text IS NULL OR v_tool_textarea IS NULL THEN
    RAISE NOTICE '40_lens_chain_templates: lenses.tools not seeded yet — skipping.';
    RETURN;
  END IF;

  SELECT id INTO v_tag_template      FROM content.tags WHERE slug = 'template';
  SELECT id INTO v_tag_routing       FROM content.tags WHERE slug = 'kind-routing';
  SELECT id INTO v_tag_orchestration FROM content.tags WHERE slug = 'kind-orchestration';
  SELECT id INTO v_tag_research      FROM content.tags WHERE slug = 'kind-research';
  SELECT id INTO v_tag_text          FROM content.tags WHERE slug = 'kind-text';
  SELECT id INTO v_tag_image         FROM content.tags WHERE slug = 'kind-image';
  SELECT id INTO v_tag_video         FROM content.tags WHERE slug = 'kind-video';
  SELECT id INTO v_tag_transform     FROM content.tags WHERE slug = 'kind-transform';
  SELECT id INTO v_tag_validation    FROM content.tags WHERE slug = 'kind-validation';
  SELECT id INTO v_tag_pdf           FROM content.tags WHERE slug = 'kind-pdf';

  IF v_tag_template IS NULL THEN
    RAISE NOTICE '40_lens_chain_templates: `template` tag missing — run migration 20260417150000 first.';
    RETURN;
  END IF;

  -- ---------------------------------------------------------------------------
  -- Helper: insert a template lens with one or two parameters
  -- ---------------------------------------------------------------------------
  -- We inline the inserts (no pl/pgsql helper function) to keep the seed flat
  -- and grep-friendly. Every block is wrapped in a `NOT EXISTS` guard.

  -- 1) Intent Lens --------------------------------------------------------------
  IF NOT EXISTS (SELECT 1 FROM lenses.lenses WHERE id = v_lens_intent) THEN
    INSERT INTO lenses.lenses (id, lenser_id, visibility, status)
    VALUES (v_lens_intent, v_author, 'public'::content.visibility_enum,
            'published'::content.content_status);

    INSERT INTO lenses.versions (id, lens_id, version_number, template_body, status, published_at)
    VALUES (
      v_ver_intent, v_lens_intent, 1,
      'You are the Intent Lens in a Connected Lens workflow. Read the raw request in [[:' || v_param_intent_request || ']] and emit a structured intent object with these keys: goal, target_media, quality_level, constraints, suggested_kinds. Do not answer the request — only classify it so downstream lenses can plan execution.',
      'published'::content.content_status, now()
    );

    UPDATE lenses.lenses SET head_version_id = v_ver_intent WHERE id = v_lens_intent;

    INSERT INTO lenses.version_parameters (id, version_id, label, tool_id)
    VALUES (v_param_intent_request, v_ver_intent, 'user_request', v_tool_textarea);

    INSERT INTO content.entity_translations (entity_type, entity_id, language_code, is_original, title, description, content)
    VALUES (
      'lens'::content.entity_type_enum, v_lens_intent, 'en', true,
      'Intent Lens (template)',
      'Classifies a raw user request into structured intent so downstream lenses can plan.',
      'You are the Intent Lens. Classify the request in [[user_request]] and emit goal/target_media/quality_level/constraints/suggested_kinds.'
    );

    INSERT INTO content.tag_map (entity_type, entity_id, tag_id)
    VALUES
      ('lens'::content.entity_type_enum, v_lens_intent, v_tag_routing),
      ('lens'::content.entity_type_enum, v_lens_intent, v_tag_template)
    ON CONFLICT DO NOTHING;
  END IF;

  -- 2) Plan Lens --------------------------------------------------------------
  IF NOT EXISTS (SELECT 1 FROM lenses.lenses WHERE id = v_lens_plan) THEN
    INSERT INTO lenses.lenses (id, lenser_id, visibility, status)
    VALUES (v_lens_plan, v_author, 'public', 'published');

    INSERT INTO lenses.versions (id, lens_id, version_number, template_body, status, published_at)
    VALUES (
      v_ver_plan, v_lens_plan, 1,
      'You are the Planning Lens. Given the structured intent in [[:' || v_param_plan_context || ']], produce an ordered execution plan as a JSON array of steps. Each step must declare: id, kind (text|image|video|research|pdf|transform|validation), objective, inputs, and whether it is parallel-safe. Do not perform the steps — only plan them.',
      'published', now()
    );

    UPDATE lenses.lenses SET head_version_id = v_ver_plan WHERE id = v_lens_plan;

    INSERT INTO lenses.version_parameters (id, version_id, label, tool_id)
    VALUES (v_param_plan_context, v_ver_plan, 'context', v_tool_textarea);

    INSERT INTO content.entity_translations (entity_type, entity_id, language_code, is_original, title, description, content)
    VALUES (
      'lens', v_lens_plan, 'en', true,
      'Planning Lens (template)',
      'Turns a structured intent into an ordered execution plan of kind-tagged steps.',
      'You are the Planning Lens. Produce an execution plan from [[context]].'
    );

    INSERT INTO content.tag_map (entity_type, entity_id, tag_id) VALUES
      ('lens', v_lens_plan, v_tag_orchestration),
      ('lens', v_lens_plan, v_tag_template)
    ON CONFLICT DO NOTHING;
  END IF;

  -- 3) Research Lens -----------------------------------------------------------
  IF NOT EXISTS (SELECT 1 FROM lenses.lenses WHERE id = v_lens_research) THEN
    INSERT INTO lenses.lenses (id, lenser_id, visibility, status)
    VALUES (v_lens_research, v_author, 'public', 'published');

    INSERT INTO lenses.versions (id, lens_id, version_number, template_body, status, published_at)
    VALUES (
      v_ver_research, v_lens_research, 1,
      'You are the Research Lens. Using the topic in [[:' || v_param_research_topic || ']] and the upstream context in [[:' || v_param_research_context || ']], gather, rank, and summarize the evidence needed to fulfill the plan. Emit a JSON object with keys: findings (array of {claim, source, confidence}), summary (string), open_questions (array of strings).',
      'published', now()
    );

    UPDATE lenses.lenses SET head_version_id = v_ver_research WHERE id = v_lens_research;

    INSERT INTO lenses.version_parameters (id, version_id, label, tool_id) VALUES
      (v_param_research_topic, v_ver_research, 'topic', v_tool_text),
      (v_param_research_context, v_ver_research, 'context', v_tool_textarea);

    INSERT INTO content.entity_translations (entity_type, entity_id, language_code, is_original, title, description, content)
    VALUES (
      'lens', v_lens_research, 'en', true,
      'Research Lens (template)',
      'Synthesizes evidence for a topic using upstream planning context.',
      'You are the Research Lens. Gather evidence for [[topic]] constrained by [[context]].'
    );

    INSERT INTO content.tag_map (entity_type, entity_id, tag_id) VALUES
      ('lens', v_lens_research, v_tag_research),
      ('lens', v_lens_research, v_tag_template)
    ON CONFLICT DO NOTHING;
  END IF;

  -- 4) Text Generation Lens ----------------------------------------------------
  IF NOT EXISTS (SELECT 1 FROM lenses.lenses WHERE id = v_lens_gen_text) THEN
    INSERT INTO lenses.lenses (id, lenser_id, visibility, status)
    VALUES (v_lens_gen_text, v_author, 'public', 'published');

    INSERT INTO lenses.versions (id, lens_id, version_number, template_body, status, published_at)
    VALUES (
      v_ver_gen_text, v_lens_gen_text, 1,
      'You are the Text Generation Lens. Produce a polished, audience-aware draft about [[:' || v_param_gen_text_topic || ']] grounded in the research synthesis [[:' || v_param_gen_text_context || ']]. Use clear structure (H1/H2/paragraphs). Cite sources inline with [n] markers and preserve every citation surfaced by the upstream Research Lens.',
      'published', now()
    );

    UPDATE lenses.lenses SET head_version_id = v_ver_gen_text WHERE id = v_lens_gen_text;

    INSERT INTO lenses.version_parameters (id, version_id, label, tool_id) VALUES
      (v_param_gen_text_topic, v_ver_gen_text, 'topic', v_tool_text),
      (v_param_gen_text_context, v_ver_gen_text, 'context', v_tool_textarea);

    INSERT INTO content.entity_translations (entity_type, entity_id, language_code, is_original, title, description, content)
    VALUES (
      'lens', v_lens_gen_text, 'en', true,
      'Text Generation Lens (template)',
      'Drafts long-form text grounded in upstream research.',
      'You are the Text Generation Lens. Draft content about [[topic]] grounded in [[context]].'
    );

    INSERT INTO content.tag_map (entity_type, entity_id, tag_id) VALUES
      ('lens', v_lens_gen_text, v_tag_text),
      ('lens', v_lens_gen_text, v_tag_template)
    ON CONFLICT DO NOTHING;
  END IF;

  -- 5) Image Generation Lens ---------------------------------------------------
  IF NOT EXISTS (SELECT 1 FROM lenses.lenses WHERE id = v_lens_gen_image) THEN
    INSERT INTO lenses.lenses (id, lenser_id, visibility, status)
    VALUES (v_lens_gen_image, v_author, 'public', 'published');

    INSERT INTO lenses.versions (id, lens_id, version_number, template_body, status, published_at)
    VALUES (
      v_ver_gen_image, v_lens_gen_image, 1,
      'You are the Image Generation Lens. Render a single still image described by the structured visual brief in [[:' || v_param_gen_image_brief || ']]. The brief declares: subject, style, composition, lighting, palette, aspect_ratio, and negative constraints. Honour every field; do not invent subjects beyond the brief.',
      'published', now()
    );

    UPDATE lenses.lenses SET head_version_id = v_ver_gen_image WHERE id = v_lens_gen_image;

    INSERT INTO lenses.version_parameters (id, version_id, label, tool_id)
    VALUES (v_param_gen_image_brief, v_ver_gen_image, 'visual_brief', v_tool_textarea);

    INSERT INTO content.entity_translations (entity_type, entity_id, language_code, is_original, title, description, content)
    VALUES (
      'lens', v_lens_gen_image, 'en', true,
      'Image Generation Lens (template)',
      'Renders a still image from a structured visual brief.',
      'You are the Image Generation Lens. Render the still described in [[visual_brief]].'
    );

    INSERT INTO content.tag_map (entity_type, entity_id, tag_id) VALUES
      ('lens', v_lens_gen_image, v_tag_image),
      ('lens', v_lens_gen_image, v_tag_template)
    ON CONFLICT DO NOTHING;
  END IF;

  -- 6) Video Generation Lens ---------------------------------------------------
  IF NOT EXISTS (SELECT 1 FROM lenses.lenses WHERE id = v_lens_gen_video) THEN
    INSERT INTO lenses.lenses (id, lenser_id, visibility, status)
    VALUES (v_lens_gen_video, v_author, 'public', 'published');

    INSERT INTO lenses.versions (id, lens_id, version_number, template_body, status, published_at)
    VALUES (
      v_ver_gen_video, v_lens_gen_video, 1,
      'You are the Video Generation Lens. Produce a short-form video from the scene plan in [[:' || v_param_gen_video_scene || ']]. The plan declares: script, shots[] with duration, transitions, audio/narration, pacing, and export format. Preserve continuity between shots and honour the declared duration budget.',
      'published', now()
    );

    UPDATE lenses.lenses SET head_version_id = v_ver_gen_video WHERE id = v_lens_gen_video;

    INSERT INTO lenses.version_parameters (id, version_id, label, tool_id)
    VALUES (v_param_gen_video_scene, v_ver_gen_video, 'scene_plan', v_tool_textarea);

    INSERT INTO content.entity_translations (entity_type, entity_id, language_code, is_original, title, description, content)
    VALUES (
      'lens', v_lens_gen_video, 'en', true,
      'Video Generation Lens (template)',
      'Renders a short-form video from a scene plan.',
      'You are the Video Generation Lens. Render the scene plan in [[scene_plan]].'
    );

    INSERT INTO content.tag_map (entity_type, entity_id, tag_id) VALUES
      ('lens', v_lens_gen_video, v_tag_video),
      ('lens', v_lens_gen_video, v_tag_template)
    ON CONFLICT DO NOTHING;
  END IF;

  -- 7) Refine Lens -------------------------------------------------------------
  IF NOT EXISTS (SELECT 1 FROM lenses.lenses WHERE id = v_lens_refine) THEN
    INSERT INTO lenses.lenses (id, lenser_id, visibility, status)
    VALUES (v_lens_refine, v_author, 'public', 'published');

    INSERT INTO lenses.versions (id, lens_id, version_number, template_body, status, published_at)
    VALUES (
      v_ver_refine, v_lens_refine, 1,
      'You are the Refinement Lens. Improve the draft in [[:' || v_param_refine_draft || ']] without changing its intent. Fix clarity, tighten pacing, remove redundancy, and enforce the declared style/tone constraints. Return the refined draft only — no commentary.',
      'published', now()
    );

    UPDATE lenses.lenses SET head_version_id = v_ver_refine WHERE id = v_lens_refine;

    INSERT INTO lenses.version_parameters (id, version_id, label, tool_id)
    VALUES (v_param_refine_draft, v_ver_refine, 'draft', v_tool_textarea);

    INSERT INTO content.entity_translations (entity_type, entity_id, language_code, is_original, title, description, content)
    VALUES (
      'lens', v_lens_refine, 'en', true,
      'Refinement Lens (template)',
      'Improves a draft without changing intent.',
      'You are the Refinement Lens. Improve [[draft]] while preserving intent.'
    );

    INSERT INTO content.tag_map (entity_type, entity_id, tag_id) VALUES
      ('lens', v_lens_refine, v_tag_transform),
      ('lens', v_lens_refine, v_tag_template)
    ON CONFLICT DO NOTHING;
  END IF;

  -- 8) Validate Lens -----------------------------------------------------------
  IF NOT EXISTS (SELECT 1 FROM lenses.lenses WHERE id = v_lens_validate) THEN
    INSERT INTO lenses.lenses (id, lenser_id, visibility, status)
    VALUES (v_lens_validate, v_author, 'public', 'published');

    INSERT INTO lenses.versions (id, lens_id, version_number, template_body, status, published_at)
    VALUES (
      v_ver_validate, v_lens_validate, 1,
      'You are the Validation Lens. Score the [[:' || v_param_validate_output || ']] against the rubric in [[:' || v_param_validate_requirements || ']]. Emit JSON: {passed, score, issues:[], recommendations:[]}. Fail fast if required fields are missing.',
      'published', now()
    );

    UPDATE lenses.lenses SET head_version_id = v_ver_validate WHERE id = v_lens_validate;

    INSERT INTO lenses.version_parameters (id, version_id, label, tool_id) VALUES
      (v_param_validate_output, v_ver_validate, 'output', v_tool_textarea),
      (v_param_validate_requirements, v_ver_validate, 'requirements', v_tool_textarea);

    INSERT INTO content.entity_translations (entity_type, entity_id, language_code, is_original, title, description, content)
    VALUES (
      'lens', v_lens_validate, 'en', true,
      'Validation Lens (template)',
      'Scores an output against a rubric and flags regressions.',
      'You are the Validation Lens. Score [[output]] against [[requirements]].'
    );

    INSERT INTO content.tag_map (entity_type, entity_id, tag_id) VALUES
      ('lens', v_lens_validate, v_tag_validation),
      ('lens', v_lens_validate, v_tag_template)
    ON CONFLICT DO NOTHING;
  END IF;

  -- 9) Export PDF Lens ---------------------------------------------------------
  IF NOT EXISTS (SELECT 1 FROM lenses.lenses WHERE id = v_lens_export_pdf) THEN
    INSERT INTO lenses.lenses (id, lenser_id, visibility, status)
    VALUES (v_lens_export_pdf, v_author, 'public', 'published');

    INSERT INTO lenses.versions (id, lens_id, version_number, template_body, status, published_at)
    VALUES (
      v_ver_export_pdf, v_lens_export_pdf, 1,
      'You are the PDF Export Lens. Render the validated [[:' || v_param_export_pdf_content || ']] into a production-ready PDF titled [[:' || v_param_export_pdf_title || ']]. Emit a JSON manifest with sections, citations, and page-break hints; the PDF provider serializes the manifest into the final artifact.',
      'published', now()
    );

    UPDATE lenses.lenses SET head_version_id = v_ver_export_pdf WHERE id = v_lens_export_pdf;

    INSERT INTO lenses.version_parameters (id, version_id, label, tool_id) VALUES
      (v_param_export_pdf_content, v_ver_export_pdf, 'content', v_tool_textarea),
      (v_param_export_pdf_title, v_ver_export_pdf, 'title', v_tool_text);

    INSERT INTO content.entity_translations (entity_type, entity_id, language_code, is_original, title, description, content)
    VALUES (
      'lens', v_lens_export_pdf, 'en', true,
      'PDF Export Lens (template)',
      'Serializes validated content into a PDF-ready manifest.',
      'You are the PDF Export Lens. Serialize [[content]] to a PDF titled [[title]].'
    );

    INSERT INTO content.tag_map (entity_type, entity_id, tag_id) VALUES
      ('lens', v_lens_export_pdf, v_tag_pdf),
      ('lens', v_lens_export_pdf, v_tag_template)
    ON CONFLICT DO NOTHING;
  END IF;

  -- ---------------------------------------------------------------------------
  -- Workflow 1: Article Pipeline (full 7-stage chain)
  -- ---------------------------------------------------------------------------
  IF NOT EXISTS (SELECT 1 FROM lenses.workflows WHERE id = v_wf_article) THEN
    INSERT INTO lenses.workflows (id, lenser_id, title, description, visibility)
    VALUES (
      v_wf_article, v_author,
      'Template · Article Pipeline',
      'Intent → Plan → Research → Generate → Refine → Validate → Export. The reference 7-stage Connected Lens chain for long-form articles.',
      'public'
    );

    INSERT INTO lenses.workflow_nodes (id, workflow_id, lens_id, version_id, position_x, position_y, label, ordinal) VALUES
      (v_n_a_intent,   v_wf_article, v_lens_intent,     v_ver_intent,     0,    0, 'Intent',    1),
      (v_n_a_plan,     v_wf_article, v_lens_plan,       v_ver_plan,       220,  0, 'Plan',      2),
      (v_n_a_research, v_wf_article, v_lens_research,   v_ver_research,   440,  0, 'Research',  3),
      (v_n_a_gen,      v_wf_article, v_lens_gen_text,   v_ver_gen_text,   660,  0, 'Generate',  4),
      (v_n_a_refine,   v_wf_article, v_lens_refine,     v_ver_refine,     880,  0, 'Refine',    5),
      (v_n_a_validate, v_wf_article, v_lens_validate,   v_ver_validate,   1100, 0, 'Validate',  6),
      (v_n_a_export,   v_wf_article, v_lens_export_pdf, v_ver_export_pdf, 1320, 0, 'Export',    7);

    INSERT INTO lenses.workflow_edges (workflow_id, source_node_id, target_node_id, source_output_key, target_param_label) VALUES
      (v_wf_article, v_n_a_intent,   v_n_a_plan,     'output', 'context'),
      (v_wf_article, v_n_a_plan,     v_n_a_research, 'output', 'context'),
      (v_wf_article, v_n_a_research, v_n_a_gen,      'output', 'context'),
      (v_wf_article, v_n_a_gen,      v_n_a_refine,   'output', 'draft'),
      (v_wf_article, v_n_a_refine,   v_n_a_validate, 'output', 'output'),
      (v_wf_article, v_n_a_validate, v_n_a_export,   'output', 'content');

    INSERT INTO content.tag_map (entity_type, entity_id, tag_id)
    VALUES ('workflow'::content.entity_type_enum, v_wf_article, v_tag_template)
    ON CONFLICT DO NOTHING;
  END IF;

  -- ---------------------------------------------------------------------------
  -- Workflow 2: Visual Concept Kit
  -- ---------------------------------------------------------------------------
  IF NOT EXISTS (SELECT 1 FROM lenses.workflows WHERE id = v_wf_visual) THEN
    INSERT INTO lenses.workflows (id, lenser_id, title, description, visibility)
    VALUES (
      v_wf_visual, v_author,
      'Template · Visual Concept Kit',
      'Intent → Plan → Image Generation → Refine → Validate. Produce a publishable still from a short creative brief.',
      'public'
    );

    INSERT INTO lenses.workflow_nodes (id, workflow_id, lens_id, version_id, position_x, position_y, label, ordinal) VALUES
      (v_n_v_intent,   v_wf_visual, v_lens_intent,    v_ver_intent,    0,   0, 'Intent',   1),
      (v_n_v_plan,     v_wf_visual, v_lens_plan,      v_ver_plan,      220, 0, 'Plan',     2),
      (v_n_v_gen,      v_wf_visual, v_lens_gen_image, v_ver_gen_image, 440, 0, 'Render',   3),
      (v_n_v_refine,   v_wf_visual, v_lens_refine,    v_ver_refine,    660, 0, 'Refine',   4),
      (v_n_v_validate, v_wf_visual, v_lens_validate,  v_ver_validate,  880, 0, 'Validate', 5);

    INSERT INTO lenses.workflow_edges (workflow_id, source_node_id, target_node_id, source_output_key, target_param_label) VALUES
      (v_wf_visual, v_n_v_intent, v_n_v_plan,     'output', 'context'),
      (v_wf_visual, v_n_v_plan,   v_n_v_gen,      'output', 'visual_brief'),
      (v_wf_visual, v_n_v_gen,    v_n_v_refine,   'output', 'draft'),
      (v_wf_visual, v_n_v_refine, v_n_v_validate, 'output', 'output');

    INSERT INTO content.tag_map (entity_type, entity_id, tag_id)
    VALUES ('workflow', v_wf_visual, v_tag_template)
    ON CONFLICT DO NOTHING;
  END IF;

  -- ---------------------------------------------------------------------------
  -- Workflow 3: Short-Form Video Brief
  -- ---------------------------------------------------------------------------
  IF NOT EXISTS (SELECT 1 FROM lenses.workflows WHERE id = v_wf_video) THEN
    INSERT INTO lenses.workflows (id, lenser_id, title, description, visibility)
    VALUES (
      v_wf_video, v_author,
      'Template · Short-Form Video Brief',
      'Intent → Plan → Script → Render → Validate. Goes from creator brief to a rendered short-form video artifact.',
      'public'
    );

    INSERT INTO lenses.workflow_nodes (id, workflow_id, lens_id, version_id, position_x, position_y, label, ordinal) VALUES
      (v_n_vid_intent,   v_wf_video, v_lens_intent,    v_ver_intent,    0,   0, 'Intent',   1),
      (v_n_vid_plan,     v_wf_video, v_lens_plan,      v_ver_plan,      220, 0, 'Plan',     2),
      (v_n_vid_script,   v_wf_video, v_lens_gen_text,  v_ver_gen_text,  440, 0, 'Script',   3),
      (v_n_vid_render,   v_wf_video, v_lens_gen_video, v_ver_gen_video, 660, 0, 'Render',   4),
      (v_n_vid_validate, v_wf_video, v_lens_validate,  v_ver_validate,  880, 0, 'Validate', 5);

    INSERT INTO lenses.workflow_edges (workflow_id, source_node_id, target_node_id, source_output_key, target_param_label) VALUES
      (v_wf_video, v_n_vid_intent, v_n_vid_plan,     'output', 'context'),
      (v_wf_video, v_n_vid_plan,   v_n_vid_script,   'output', 'context'),
      (v_wf_video, v_n_vid_script, v_n_vid_render,   'output', 'scene_plan'),
      (v_wf_video, v_n_vid_render, v_n_vid_validate, 'output', 'output');

    INSERT INTO content.tag_map (entity_type, entity_id, tag_id)
    VALUES ('workflow', v_wf_video, v_tag_template)
    ON CONFLICT DO NOTHING;
  END IF;

  -- ---------------------------------------------------------------------------
  -- Workflow 4: Research Brief to PDF
  -- ---------------------------------------------------------------------------
  IF NOT EXISTS (SELECT 1 FROM lenses.workflows WHERE id = v_wf_research_pdf) THEN
    INSERT INTO lenses.workflows (id, lenser_id, title, description, visibility)
    VALUES (
      v_wf_research_pdf, v_author,
      'Template · Research Brief to PDF',
      'Intent → Research → Refine → Validate → Export. A deep-search pipeline that ships as a production-ready PDF.',
      'public'
    );

    INSERT INTO lenses.workflow_nodes (id, workflow_id, lens_id, version_id, position_x, position_y, label, ordinal) VALUES
      (v_n_r_intent,   v_wf_research_pdf, v_lens_intent,     v_ver_intent,     0,   0, 'Intent',   1),
      (v_n_r_research, v_wf_research_pdf, v_lens_research,   v_ver_research,   220, 0, 'Research', 2),
      (v_n_r_refine,   v_wf_research_pdf, v_lens_refine,     v_ver_refine,     440, 0, 'Refine',   3),
      (v_n_r_validate, v_wf_research_pdf, v_lens_validate,   v_ver_validate,   660, 0, 'Validate', 4),
      (v_n_r_export,   v_wf_research_pdf, v_lens_export_pdf, v_ver_export_pdf, 880, 0, 'Export',   5);

    INSERT INTO lenses.workflow_edges (workflow_id, source_node_id, target_node_id, source_output_key, target_param_label) VALUES
      (v_wf_research_pdf, v_n_r_intent,   v_n_r_research, 'output', 'context'),
      (v_wf_research_pdf, v_n_r_research, v_n_r_refine,   'output', 'draft'),
      (v_wf_research_pdf, v_n_r_refine,   v_n_r_validate, 'output', 'output'),
      (v_wf_research_pdf, v_n_r_validate, v_n_r_export,   'output', 'content');

    INSERT INTO content.tag_map (entity_type, entity_id, tag_id)
    VALUES ('workflow', v_wf_research_pdf, v_tag_template)
    ON CONFLICT DO NOTHING;
  END IF;

  RAISE NOTICE '40_lens_chain_templates: seeded template lenses and starter workflows for author %.', v_author;
END
$seed$;

ANALYZE lenses.lenses;
ANALYZE lenses.versions;
ANALYZE lenses.workflows;
ANALYZE lenses.workflow_nodes;
ANALYZE lenses.workflow_edges;
ANALYZE content.tag_map;


-- >>> seeds/41_developer_lens_templates.sql
-- =============================================================================
-- 41. DEVELOPER & COMMUNITY LENS TEMPLATES
-- =============================================================================
-- Seeds 13 production-ready lens templates covering developer productivity
-- (code review, testing, docs, SQL) and community engagement (threads,
-- challenges, email). All are tagged 'template' and a specific kind-* tag.
--
-- UUID convention:  41000000-0001-LLLL-0001-… where LLLL = lens index (hex)
-- Idempotent: every block is gated with IF NOT EXISTS.
--
-- Dependencies:
--   • migration 20260426020000_developer_kind_tags.sql  (kind-code etc. tags)
--   • migration 20260417150000_lens_chain_templates.sql (template tag + RPC)
--   • 04_ai_providers.sql, 04b_ai_models.sql, 07_ai_lensers.sql (AI author)
--   • 15_lens_tools.sql (text / textarea tools)
-- =============================================================================

DO $seed$
DECLARE
  v_author        uuid;
  v_tool_text     uuid;
  v_tool_textarea uuid;

  -- Canonical tags
  v_tag_template      uuid;
  v_tag_code          uuid;
  v_tag_data          uuid;
  v_tag_planning      uuid;
  v_tag_community     uuid;
  v_tag_documentation uuid;

  -- ── Lens 1: Code Reviewer ──────────────────────────────────────────────────
  v_lens_code_reviewer  uuid := '41000000-0001-0001-0001-000000000001';
  v_ver_code_reviewer   uuid := '41000000-0001-0001-0001-00000000000a';
  v_p_cr_code           uuid := '41000000-0001-0001-0001-0000000000a1';
  v_p_cr_language       uuid := '41000000-0001-0001-0001-0000000000a2';

  -- ── Lens 2: Unit Test Generator ────────────────────────────────────────────
  v_lens_unit_test      uuid := '41000000-0001-0002-0001-000000000001';
  v_ver_unit_test       uuid := '41000000-0001-0002-0001-00000000000a';
  v_p_ut_code           uuid := '41000000-0001-0002-0001-0000000000a1';
  v_p_ut_framework      uuid := '41000000-0001-0002-0001-0000000000a2';

  -- ── Lens 3: Bug Report Analyzer ────────────────────────────────────────────
  v_lens_bug_analyzer   uuid := '41000000-0001-0003-0001-000000000001';
  v_ver_bug_analyzer    uuid := '41000000-0001-0003-0001-00000000000a';
  v_p_ba_error_log      uuid := '41000000-0001-0003-0001-0000000000a1';
  v_p_ba_context        uuid := '41000000-0001-0003-0001-0000000000a2';

  -- ── Lens 4: PR Description Writer ──────────────────────────────────────────
  v_lens_pr_writer      uuid := '41000000-0001-0004-0001-000000000001';
  v_ver_pr_writer       uuid := '41000000-0001-0004-0001-00000000000a';
  v_p_pw_diff           uuid := '41000000-0001-0004-0001-0000000000a1';
  v_p_pw_context        uuid := '41000000-0001-0004-0001-0000000000a2';

  -- ── Lens 5: SQL Query Builder ──────────────────────────────────────────────
  v_lens_sql_builder    uuid := '41000000-0001-0005-0001-000000000001';
  v_ver_sql_builder     uuid := '41000000-0001-0005-0001-00000000000a';
  v_p_sq_requirements   uuid := '41000000-0001-0005-0001-0000000000a1';
  v_p_sq_schema         uuid := '41000000-0001-0005-0001-0000000000a2';

  -- ── Lens 6: API Doc Generator ─────────────────────────────────────────────
  v_lens_api_doc        uuid := '41000000-0001-0006-0001-000000000001';
  v_ver_api_doc         uuid := '41000000-0001-0006-0001-00000000000a';
  v_p_ad_code           uuid := '41000000-0001-0006-0001-0000000000a1';
  v_p_ad_format         uuid := '41000000-0001-0006-0001-0000000000a2';

  -- ── Lens 7: Code Explainer ────────────────────────────────────────────────
  v_lens_code_explainer uuid := '41000000-0001-0007-0001-000000000001';
  v_ver_code_explainer  uuid := '41000000-0001-0007-0001-00000000000a';
  v_p_ce_code           uuid := '41000000-0001-0007-0001-0000000000a1';
  v_p_ce_audience       uuid := '41000000-0001-0007-0001-0000000000a2';

  -- ── Lens 8: Refactoring Advisor ───────────────────────────────────────────
  v_lens_refactor       uuid := '41000000-0001-0008-0001-000000000001';
  v_ver_refactor        uuid := '41000000-0001-0008-0001-00000000000a';
  v_p_ra_code           uuid := '41000000-0001-0008-0001-0000000000a1';
  v_p_ra_goals          uuid := '41000000-0001-0008-0001-0000000000a2';

  -- ── Lens 9: Meeting Notes Summarizer ──────────────────────────────────────
  v_lens_meeting        uuid := '41000000-0001-0009-0001-000000000001';
  v_ver_meeting         uuid := '41000000-0001-0009-0001-00000000000a';
  v_p_mn_notes          uuid := '41000000-0001-0009-0001-0000000000a1';
  v_p_mn_attendees      uuid := '41000000-0001-0009-0001-0000000000a2';

  -- ── Lens 10: User Story Generator ─────────────────────────────────────────
  v_lens_user_story     uuid := '41000000-0001-000a-0001-000000000001';
  v_ver_user_story      uuid := '41000000-0001-000a-0001-00000000000a';
  v_p_us_feature        uuid := '41000000-0001-000a-0001-0000000000a1';
  v_p_us_persona        uuid := '41000000-0001-000a-0001-0000000000a2';

  -- ── Lens 11: Email Draft Writer ───────────────────────────────────────────
  v_lens_email          uuid := '41000000-0001-000b-0001-000000000001';
  v_ver_email           uuid := '41000000-0001-000b-0001-00000000000a';
  v_p_em_intent         uuid := '41000000-0001-000b-0001-0000000000a1';
  v_p_em_tone           uuid := '41000000-0001-000b-0001-0000000000a2';

  -- ── Lens 12: Thread Starter ───────────────────────────────────────────────
  v_lens_thread         uuid := '41000000-0001-000c-0001-000000000001';
  v_ver_thread          uuid := '41000000-0001-000c-0001-00000000000a';
  v_p_th_topic          uuid := '41000000-0001-000c-0001-0000000000a1';
  v_p_th_context        uuid := '41000000-0001-000c-0001-0000000000a2';

  -- ── Lens 13: Challenge Creator ────────────────────────────────────────────
  v_lens_challenge      uuid := '41000000-0001-000d-0001-000000000001';
  v_ver_challenge       uuid := '41000000-0001-000d-0001-00000000000a';
  v_p_ch_subject        uuid := '41000000-0001-000d-0001-0000000000a1';
  v_p_ch_difficulty     uuid := '41000000-0001-000d-0001-0000000000a2';

BEGIN
  -- ── Resolve dependencies ───────────────────────────────────────────────────
  SELECT id INTO v_author
  FROM lensers.profiles
  WHERE type = 'ai'::lensers.lenser_type AND status = 'active'::lensers.lenser_status
  ORDER BY created_at ASC LIMIT 1;

  IF v_author IS NULL THEN
    SELECT id INTO v_author FROM lensers.profiles ORDER BY created_at ASC LIMIT 1;
  END IF;

  IF v_author IS NULL THEN
    RAISE NOTICE '41_developer_lens_templates: no lensers.profiles row yet — skipping.';
    RETURN;
  END IF;

  SELECT id INTO v_tool_text     FROM lenses.tools WHERE key = 'text';
  SELECT id INTO v_tool_textarea FROM lenses.tools WHERE key = 'textarea';

  IF v_tool_text IS NULL OR v_tool_textarea IS NULL THEN
    RAISE NOTICE '41_developer_lens_templates: lenses.tools not seeded yet — skipping.';
    RETURN;
  END IF;

  SELECT id INTO v_tag_template      FROM content.tags WHERE slug = 'template';
  SELECT id INTO v_tag_code          FROM content.tags WHERE slug = 'kind-code';
  SELECT id INTO v_tag_data          FROM content.tags WHERE slug = 'kind-data';
  SELECT id INTO v_tag_planning      FROM content.tags WHERE slug = 'kind-planning';
  SELECT id INTO v_tag_community     FROM content.tags WHERE slug = 'kind-community';
  SELECT id INTO v_tag_documentation FROM content.tags WHERE slug = 'kind-documentation';

  IF v_tag_template IS NULL OR v_tag_code IS NULL THEN
    RAISE NOTICE '41_developer_lens_templates: required tags missing — run migration 20260426020000 first.';
    RETURN;
  END IF;

  -- ─────────────────────────────────────────────────────────────────────────
  -- 1) Code Reviewer
  -- ─────────────────────────────────────────────────────────────────────────
  IF NOT EXISTS (SELECT 1 FROM lenses.lenses WHERE id = v_lens_code_reviewer) THEN
    INSERT INTO lenses.lenses (id, lenser_id, visibility, status)
    VALUES (v_lens_code_reviewer, v_author, 'public', 'published');

    INSERT INTO lenses.versions (id, lens_id, version_number, template_body, status, published_at)
    VALUES (
      v_ver_code_reviewer, v_lens_code_reviewer, 1,
      'You are the Code Reviewer Lens. Analyze the code in [[:' || v_p_cr_code || ']] written in [[:' || v_p_cr_language || ']]. '
      'Produce a structured review with four sections: (1) Bugs — logic errors, null dereferences, edge cases; '
      '(2) Security — injection risks, auth bypasses, insecure defaults; '
      '(3) Style — naming, formatting, dead code; '
      '(4) Suggestions — concrete refactors with before/after snippets. '
      'Rate overall quality 1-10. Be direct. Do not rewrite the entire file.',
      'published', now()
    );

    UPDATE lenses.lenses SET head_version_id = v_ver_code_reviewer WHERE id = v_lens_code_reviewer;

    INSERT INTO lenses.version_parameters (id, version_id, label, tool_id) VALUES
      (v_p_cr_code,     v_ver_code_reviewer, 'code',     v_tool_textarea),
      (v_p_cr_language, v_ver_code_reviewer, 'language', v_tool_text);

    INSERT INTO content.entity_translations (entity_type, entity_id, language_code, is_original, title, description, content)
    VALUES
      ('lens', v_lens_code_reviewer, 'en', true,
       'Code Reviewer (template)',
       'Reviews code for bugs, security issues, and style — with concrete before/after suggestions.',
       'You are the Code Reviewer Lens. Review [[code]] written in [[language]] for bugs, security, and style.'),
      ('lens', v_lens_code_reviewer, 'tr', false,
       'Kod İnceleyici (şablon)',
       'Kodu hata, güvenlik sorunu ve stil açısından inceler; somut öneriler sunar.',
       'Kod İnceleme Lensi''sin. [[language]] dilinde yazılmış [[code]] kodunu incele.');

    INSERT INTO content.tag_map (entity_type, entity_id, tag_id) VALUES
      ('lens', v_lens_code_reviewer, v_tag_code),
      ('lens', v_lens_code_reviewer, v_tag_template)
    ON CONFLICT DO NOTHING;
  END IF;

  -- ─────────────────────────────────────────────────────────────────────────
  -- 2) Unit Test Generator
  -- ─────────────────────────────────────────────────────────────────────────
  IF NOT EXISTS (SELECT 1 FROM lenses.lenses WHERE id = v_lens_unit_test) THEN
    INSERT INTO lenses.lenses (id, lenser_id, visibility, status)
    VALUES (v_lens_unit_test, v_author, 'public', 'published');

    INSERT INTO lenses.versions (id, lens_id, version_number, template_body, status, published_at)
    VALUES (
      v_ver_unit_test, v_lens_unit_test, 1,
      'You are the Unit Test Generator Lens. Given the function or module in [[:' || v_p_ut_code || ']], '
      'generate a complete test suite using [[:' || v_p_ut_framework || ']]. '
      'Cover: happy path, boundary values, error cases, null/empty inputs, and any side effects. '
      'Each test must have a descriptive name following the "should_<behaviour>_when_<condition>" convention. '
      'Include import statements and any required mocks. Output only runnable test code with inline comments.',
      'published', now()
    );

    UPDATE lenses.lenses SET head_version_id = v_ver_unit_test WHERE id = v_lens_unit_test;

    INSERT INTO lenses.version_parameters (id, version_id, label, tool_id) VALUES
      (v_p_ut_code,      v_ver_unit_test, 'function_code', v_tool_textarea),
      (v_p_ut_framework, v_ver_unit_test, 'framework',     v_tool_text);

    INSERT INTO content.entity_translations (entity_type, entity_id, language_code, is_original, title, description, content)
    VALUES
      ('lens', v_lens_unit_test, 'en', true,
       'Unit Test Generator (template)',
       'Generates a complete test suite for a function or module — happy path, edge cases, and error scenarios.',
       'You are the Unit Test Generator Lens. Generate tests for [[function_code]] using [[framework]].'),
      ('lens', v_lens_unit_test, 'tr', false,
       'Birim Test Üreteci (şablon)',
       'Bir fonksiyon veya modül için tam test paketi üretir; başarılı yol, sınır değerleri ve hata senaryoları.',
       'Birim Test Üreteci Lensi''sin. [[function_code]] için [[framework]] kullanarak testler üret.');

    INSERT INTO content.tag_map (entity_type, entity_id, tag_id) VALUES
      ('lens', v_lens_unit_test, v_tag_code),
      ('lens', v_lens_unit_test, v_tag_template)
    ON CONFLICT DO NOTHING;
  END IF;

  -- ─────────────────────────────────────────────────────────────────────────
  -- 3) Bug Report Analyzer
  -- ─────────────────────────────────────────────────────────────────────────
  IF NOT EXISTS (SELECT 1 FROM lenses.lenses WHERE id = v_lens_bug_analyzer) THEN
    INSERT INTO lenses.lenses (id, lenser_id, visibility, status)
    VALUES (v_lens_bug_analyzer, v_author, 'public', 'published');

    INSERT INTO lenses.versions (id, lens_id, version_number, template_body, status, published_at)
    VALUES (
      v_ver_bug_analyzer, v_lens_bug_analyzer, 1,
      'You are the Bug Report Analyzer Lens. Examine the error log or stack trace in [[:' || v_p_ba_error_log || ']] '
      'and the surrounding context in [[:' || v_p_ba_context || ']]. '
      'Emit a JSON object with: root_cause (string), affected_component (string), '
      'severity (critical|high|medium|low), reproduction_steps (array of strings), '
      'likely_fix (string with code snippet if applicable), '
      'and prevention (string describing how to avoid this class of bug). '
      'If the log is ambiguous, list the top three candidate causes ranked by probability.',
      'published', now()
    );

    UPDATE lenses.lenses SET head_version_id = v_ver_bug_analyzer WHERE id = v_lens_bug_analyzer;

    INSERT INTO lenses.version_parameters (id, version_id, label, tool_id) VALUES
      (v_p_ba_error_log, v_ver_bug_analyzer, 'error_log', v_tool_textarea),
      (v_p_ba_context,   v_ver_bug_analyzer, 'context',   v_tool_textarea);

    INSERT INTO content.entity_translations (entity_type, entity_id, language_code, is_original, title, description, content)
    VALUES
      ('lens', v_lens_bug_analyzer, 'en', true,
       'Bug Report Analyzer (template)',
       'Diagnoses root cause from a stack trace or error log and suggests a concrete fix.',
       'You are the Bug Report Analyzer Lens. Find the root cause of [[error_log]] given [[context]].'),
      ('lens', v_lens_bug_analyzer, 'tr', false,
       'Hata Raporu Analizci (şablon)',
       'Yığın izinden kök nedeni tespit eder ve somut bir düzeltme önerir.',
       'Hata Raporu Analizci Lensi''sin. [[context]] bağlamında [[error_log]] hatasının kök nedenini bul.');

    INSERT INTO content.tag_map (entity_type, entity_id, tag_id) VALUES
      ('lens', v_lens_bug_analyzer, v_tag_code),
      ('lens', v_lens_bug_analyzer, v_tag_template)
    ON CONFLICT DO NOTHING;
  END IF;

  -- ─────────────────────────────────────────────────────────────────────────
  -- 4) PR Description Writer
  -- ─────────────────────────────────────────────────────────────────────────
  IF NOT EXISTS (SELECT 1 FROM lenses.lenses WHERE id = v_lens_pr_writer) THEN
    INSERT INTO lenses.lenses (id, lenser_id, visibility, status)
    VALUES (v_lens_pr_writer, v_author, 'public', 'published');

    INSERT INTO lenses.versions (id, lens_id, version_number, template_body, status, published_at)
    VALUES (
      v_ver_pr_writer, v_lens_pr_writer, 1,
      'You are the PR Description Writer Lens. Given the diff summary in [[:' || v_p_pw_diff || ']] '
      'and background context in [[:' || v_p_pw_context || ']], write a professional pull request description. '
      'Structure: ## Summary (2-3 bullets on what changed and why), '
      '## Test Plan (bulleted checklist of manual steps to verify the change), '
      '## Breaking Changes (if any, else omit), '
      '## Related Issues (placeholder links). '
      'Focus on the WHY not the WHAT. Tone: concise, professional, peer-reviewable.',
      'published', now()
    );

    UPDATE lenses.lenses SET head_version_id = v_ver_pr_writer WHERE id = v_lens_pr_writer;

    INSERT INTO lenses.version_parameters (id, version_id, label, tool_id) VALUES
      (v_p_pw_diff,    v_ver_pr_writer, 'diff_summary', v_tool_textarea),
      (v_p_pw_context, v_ver_pr_writer, 'context',      v_tool_text);

    INSERT INTO content.entity_translations (entity_type, entity_id, language_code, is_original, title, description, content)
    VALUES
      ('lens', v_lens_pr_writer, 'en', true,
       'PR Description Writer (template)',
       'Writes a structured, professional pull request description from a diff summary — why, test plan, breaking changes.',
       'You are the PR Description Writer Lens. Write a PR description for [[diff_summary]] with context [[context]].'),
      ('lens', v_lens_pr_writer, 'tr', false,
       'PR Açıklaması Yazıcı (şablon)',
       'Diff özetinden yapılandırılmış, profesyonel bir pull request açıklaması yazar.',
       'PR Açıklaması Yazıcı Lensi''sin. [[diff_summary]] için [[context]] bağlamında PR açıklaması yaz.');

    INSERT INTO content.tag_map (entity_type, entity_id, tag_id) VALUES
      ('lens', v_lens_pr_writer, v_tag_documentation),
      ('lens', v_lens_pr_writer, v_tag_template)
    ON CONFLICT DO NOTHING;
  END IF;

  -- ─────────────────────────────────────────────────────────────────────────
  -- 5) SQL Query Builder
  -- ─────────────────────────────────────────────────────────────────────────
  IF NOT EXISTS (SELECT 1 FROM lenses.lenses WHERE id = v_lens_sql_builder) THEN
    INSERT INTO lenses.lenses (id, lenser_id, visibility, status)
    VALUES (v_lens_sql_builder, v_author, 'public', 'published');

    INSERT INTO lenses.versions (id, lens_id, version_number, template_body, status, published_at)
    VALUES (
      v_ver_sql_builder, v_lens_sql_builder, 1,
      'You are the SQL Query Builder Lens. Translate the natural language requirements in [[:' || v_p_sq_requirements || ']] '
      'into a correct, optimized SQL query using the schema hints in [[:' || v_p_sq_schema || ']]. '
      'Output: (1) the SQL query formatted and commented; '
      '(2) a brief explanation of the approach (JOINs used, index assumptions, aggregation strategy); '
      '(3) any caveats — NULLs, performance concerns for large tables, missing indexes. '
      'Default to PostgreSQL syntax unless the schema hints specify another dialect. '
      'Do not use SELECT * in production queries.',
      'published', now()
    );

    UPDATE lenses.lenses SET head_version_id = v_ver_sql_builder WHERE id = v_lens_sql_builder;

    INSERT INTO lenses.version_parameters (id, version_id, label, tool_id) VALUES
      (v_p_sq_requirements, v_ver_sql_builder, 'requirements', v_tool_textarea),
      (v_p_sq_schema,       v_ver_sql_builder, 'schema_hint',  v_tool_textarea);

    INSERT INTO content.entity_translations (entity_type, entity_id, language_code, is_original, title, description, content)
    VALUES
      ('lens', v_lens_sql_builder, 'en', true,
       'SQL Query Builder (template)',
       'Converts natural language requirements into optimized PostgreSQL queries with explanations.',
       'You are the SQL Query Builder Lens. Build a SQL query for [[requirements]] using schema [[schema_hint]].'),
      ('lens', v_lens_sql_builder, 'tr', false,
       'SQL Sorgu Oluşturucu (şablon)',
       'Doğal dil gereksinimlerini optimize edilmiş PostgreSQL sorgularına dönüştürür.',
       'SQL Sorgu Oluşturucu Lensi''sin. [[schema_hint]] şemasını kullanarak [[requirements]] için SQL sorgusu oluştur.');

    INSERT INTO content.tag_map (entity_type, entity_id, tag_id) VALUES
      ('lens', v_lens_sql_builder, v_tag_data),
      ('lens', v_lens_sql_builder, v_tag_template)
    ON CONFLICT DO NOTHING;
  END IF;

  -- ─────────────────────────────────────────────────────────────────────────
  -- 6) API Documentation Generator
  -- ─────────────────────────────────────────────────────────────────────────
  IF NOT EXISTS (SELECT 1 FROM lenses.lenses WHERE id = v_lens_api_doc) THEN
    INSERT INTO lenses.lenses (id, lenser_id, visibility, status)
    VALUES (v_lens_api_doc, v_author, 'public', 'published');

    INSERT INTO lenses.versions (id, lens_id, version_number, template_body, status, published_at)
    VALUES (
      v_ver_api_doc, v_lens_api_doc, 1,
      'You are the API Documentation Generator Lens. Analyze the code or endpoint definition in [[:' || v_p_ad_code || ']] '
      'and produce documentation in the format specified by [[:' || v_p_ad_format || ']] (e.g. OpenAPI 3.1, JSDoc, tsdoc, Markdown). '
      'Include for each endpoint/function: description, parameters (name, type, required, default, description), '
      'return type with example payload, possible error codes and their meaning, and a usage example. '
      'Infer types from code; mark ambiguous fields with a TODO comment. '
      'Output only the documentation — no prose wrapper.',
      'published', now()
    );

    UPDATE lenses.lenses SET head_version_id = v_ver_api_doc WHERE id = v_lens_api_doc;

    INSERT INTO lenses.version_parameters (id, version_id, label, tool_id) VALUES
      (v_p_ad_code,   v_ver_api_doc, 'code',        v_tool_textarea),
      (v_p_ad_format, v_ver_api_doc, 'format_hint', v_tool_text);

    INSERT INTO content.entity_translations (entity_type, entity_id, language_code, is_original, title, description, content)
    VALUES
      ('lens', v_lens_api_doc, 'en', true,
       'API Documentation Generator (template)',
       'Produces OpenAPI, JSDoc, or Markdown API docs from code — parameters, return types, errors, examples.',
       'You are the API Doc Generator Lens. Document [[code]] in [[format_hint]] format.'),
      ('lens', v_lens_api_doc, 'tr', false,
       'API Dokümantasyon Üreteci (şablon)',
       'Koddan OpenAPI, JSDoc veya Markdown API dokümantasyonu üretir.',
       'API Dokümantasyon Üreteci Lensi''sin. [[code]] kodunu [[format_hint]] formatında belgele.');

    INSERT INTO content.tag_map (entity_type, entity_id, tag_id) VALUES
      ('lens', v_lens_api_doc, v_tag_documentation),
      ('lens', v_lens_api_doc, v_tag_template)
    ON CONFLICT DO NOTHING;
  END IF;

  -- ─────────────────────────────────────────────────────────────────────────
  -- 7) Code Explainer
  -- ─────────────────────────────────────────────────────────────────────────
  IF NOT EXISTS (SELECT 1 FROM lenses.lenses WHERE id = v_lens_code_explainer) THEN
    INSERT INTO lenses.lenses (id, lenser_id, visibility, status)
    VALUES (v_lens_code_explainer, v_author, 'public', 'published');

    INSERT INTO lenses.versions (id, lens_id, version_number, template_body, status, published_at)
    VALUES (
      v_ver_code_explainer, v_lens_code_explainer, 1,
      'You are the Code Explainer Lens. Explain the code in [[:' || v_p_ce_code || ']] '
      'to an audience described as [[:' || v_p_ce_audience || ']]. '
      'Structure your explanation as: (1) What it does in one sentence; '
      '(2) How it works — walk through the key steps in plain language, analogies encouraged; '
      '(3) Why it is designed this way — the intent or constraint behind the approach; '
      '(4) Gotchas — any subtle behavior or edge case the reader should know. '
      'Calibrate vocabulary and depth strictly to the stated audience.',
      'published', now()
    );

    UPDATE lenses.lenses SET head_version_id = v_ver_code_explainer WHERE id = v_lens_code_explainer;

    INSERT INTO lenses.version_parameters (id, version_id, label, tool_id) VALUES
      (v_p_ce_code,     v_ver_code_explainer, 'code',     v_tool_textarea),
      (v_p_ce_audience, v_ver_code_explainer, 'audience', v_tool_text);

    INSERT INTO content.entity_translations (entity_type, entity_id, language_code, is_original, title, description, content)
    VALUES
      ('lens', v_lens_code_explainer, 'en', true,
       'Code Explainer (template)',
       'Explains complex code in plain language calibrated to a stated audience — what, how, why, and gotchas.',
       'You are the Code Explainer Lens. Explain [[code]] to [[audience]] — what, how, why, and gotchas.'),
      ('lens', v_lens_code_explainer, 'tr', false,
       'Kod Açıklayıcı (şablon)',
       'Karmaşık kodu belirtilen kitleye uygun sade bir dille açıklar.',
       'Kod Açıklayıcı Lensi''sin. [[code]] kodunu [[audience]] kitlesine açıkla.');

    INSERT INTO content.tag_map (entity_type, entity_id, tag_id) VALUES
      ('lens', v_lens_code_explainer, v_tag_code),
      ('lens', v_lens_code_explainer, v_tag_template)
    ON CONFLICT DO NOTHING;
  END IF;

  -- ─────────────────────────────────────────────────────────────────────────
  -- 8) Refactoring Advisor
  -- ─────────────────────────────────────────────────────────────────────────
  IF NOT EXISTS (SELECT 1 FROM lenses.lenses WHERE id = v_lens_refactor) THEN
    INSERT INTO lenses.lenses (id, lenser_id, visibility, status)
    VALUES (v_lens_refactor, v_author, 'public', 'published');

    INSERT INTO lenses.versions (id, lens_id, version_number, template_body, status, published_at)
    VALUES (
      v_ver_refactor, v_lens_refactor, 1,
      'You are the Refactoring Advisor Lens. Review the code in [[:' || v_p_ra_code || ']] '
      'against the stated goals in [[:' || v_p_ra_goals || ']]. '
      'Produce a prioritized list of refactoring opportunities. For each: '
      'name the pattern (Extract Function, Replace Conditional with Polymorphism, etc.), '
      'explain the benefit, show a before/after snippet, and rate effort (low/medium/high). '
      'Preserve existing behavior — do not introduce new features. '
      'Flag any refactor that changes the public API or has breaking implications.',
      'published', now()
    );

    UPDATE lenses.lenses SET head_version_id = v_ver_refactor WHERE id = v_lens_refactor;

    INSERT INTO lenses.version_parameters (id, version_id, label, tool_id) VALUES
      (v_p_ra_code,  v_ver_refactor, 'code',  v_tool_textarea),
      (v_p_ra_goals, v_ver_refactor, 'goals', v_tool_text);

    INSERT INTO content.entity_translations (entity_type, entity_id, language_code, is_original, title, description, content)
    VALUES
      ('lens', v_lens_refactor, 'en', true,
       'Refactoring Advisor (template)',
       'Identifies prioritized refactoring opportunities with before/after snippets — without changing behavior.',
       'You are the Refactoring Advisor Lens. Suggest refactors for [[code]] toward goals [[goals]].'),
      ('lens', v_lens_refactor, 'tr', false,
       'Yeniden Yapılandırma Danışmanı (şablon)',
       'Davranışı değiştirmeden önce/sonra kod parçacıklarıyla önceliklendirilmiş yeniden yapılandırma önerileri sunar.',
       'Yeniden Yapılandırma Danışmanı Lensi''sin. [[goals]] hedefleri için [[code]] koduna yönelik öneriler sun.');

    INSERT INTO content.tag_map (entity_type, entity_id, tag_id) VALUES
      ('lens', v_lens_refactor, v_tag_code),
      ('lens', v_lens_refactor, v_tag_template)
    ON CONFLICT DO NOTHING;
  END IF;

  -- ─────────────────────────────────────────────────────────────────────────
  -- 9) Meeting Notes Summarizer
  -- ─────────────────────────────────────────────────────────────────────────
  IF NOT EXISTS (SELECT 1 FROM lenses.lenses WHERE id = v_lens_meeting) THEN
    INSERT INTO lenses.lenses (id, lenser_id, visibility, status)
    VALUES (v_lens_meeting, v_author, 'public', 'published');

    INSERT INTO lenses.versions (id, lens_id, version_number, template_body, status, published_at)
    VALUES (
      v_ver_meeting, v_lens_meeting, 1,
      'You are the Meeting Notes Summarizer Lens. Convert the raw meeting notes in [[:' || v_p_mn_notes || ']] '
      'for a meeting attended by [[:' || v_p_mn_attendees || ']] into a structured summary. '
      'Output sections: ## TL;DR (two sentences max), '
      '## Decisions (bullet list of decisions made with owner), '
      '## Action Items (table: Task | Owner | Due Date), '
      '## Open Questions (items deferred or unresolved), '
      '## Next Steps. '
      'Infer due dates from context if mentioned. Do not invent information not in the notes.',
      'published', now()
    );

    UPDATE lenses.lenses SET head_version_id = v_ver_meeting WHERE id = v_lens_meeting;

    INSERT INTO lenses.version_parameters (id, version_id, label, tool_id) VALUES
      (v_p_mn_notes,     v_ver_meeting, 'raw_notes',  v_tool_textarea),
      (v_p_mn_attendees, v_ver_meeting, 'attendees',  v_tool_text);

    INSERT INTO content.entity_translations (entity_type, entity_id, language_code, is_original, title, description, content)
    VALUES
      ('lens', v_lens_meeting, 'en', true,
       'Meeting Notes Summarizer (template)',
       'Converts raw meeting notes into TL;DR, decisions, action items, open questions, and next steps.',
       'You are the Meeting Notes Summarizer Lens. Summarize [[raw_notes]] for attendees [[attendees]].'),
      ('lens', v_lens_meeting, 'tr', false,
       'Toplantı Notu Özetleyici (şablon)',
       'Ham toplantı notlarını TL;DR, kararlar, eylem maddeleri ve açık sorulara dönüştürür.',
       'Toplantı Notu Özetleyici Lensi''sin. [[attendees]] katılımcıları için [[raw_notes]] notlarını özetle.');

    INSERT INTO content.tag_map (entity_type, entity_id, tag_id) VALUES
      ('lens', v_lens_meeting, v_tag_planning),
      ('lens', v_lens_meeting, v_tag_template)
    ON CONFLICT DO NOTHING;
  END IF;

  -- ─────────────────────────────────────────────────────────────────────────
  -- 10) User Story Generator
  -- ─────────────────────────────────────────────────────────────────────────
  IF NOT EXISTS (SELECT 1 FROM lenses.lenses WHERE id = v_lens_user_story) THEN
    INSERT INTO lenses.lenses (id, lenser_id, visibility, status)
    VALUES (v_lens_user_story, v_author, 'public', 'published');

    INSERT INTO lenses.versions (id, lens_id, version_number, template_body, status, published_at)
    VALUES (
      v_ver_user_story, v_lens_user_story, 1,
      'You are the User Story Generator Lens. Given the feature description in [[:' || v_p_us_feature || ']] '
      'for the persona [[:' || v_p_us_persona || ']], produce a set of well-formed user stories. '
      'Each story follows: "As a <persona>, I want <goal>, so that <benefit>." '
      'For each story also provide: Acceptance Criteria (Given/When/Then format, 2-4 scenarios), '
      'Story Points estimate (Fibonacci: 1/2/3/5/8/13), and priority (Must/Should/Could). '
      'Group stories by epic if the feature is large. Flag any ambiguities that need clarification.',
      'published', now()
    );

    UPDATE lenses.lenses SET head_version_id = v_ver_user_story WHERE id = v_lens_user_story;

    INSERT INTO lenses.version_parameters (id, version_id, label, tool_id) VALUES
      (v_p_us_feature, v_ver_user_story, 'feature_description', v_tool_textarea),
      (v_p_us_persona, v_ver_user_story, 'persona',             v_tool_text);

    INSERT INTO content.entity_translations (entity_type, entity_id, language_code, is_original, title, description, content)
    VALUES
      ('lens', v_lens_user_story, 'en', true,
       'User Story Generator (template)',
       'Generates user stories with acceptance criteria, story points, and priority from a feature description.',
       'You are the User Story Generator Lens. Generate user stories for [[feature_description]] as [[persona]].'),
      ('lens', v_lens_user_story, 'tr', false,
       'Kullanıcı Hikayesi Üreteci (şablon)',
       'Özellik açıklamasından kabul kriterleri, hikaye puanları ve öncelik içeren kullanıcı hikayeleri üretir.',
       'Kullanıcı Hikayesi Üreteci Lensi''sin. [[persona]] olarak [[feature_description]] için kullanıcı hikayeleri üret.');

    INSERT INTO content.tag_map (entity_type, entity_id, tag_id) VALUES
      ('lens', v_lens_user_story, v_tag_planning),
      ('lens', v_lens_user_story, v_tag_template)
    ON CONFLICT DO NOTHING;
  END IF;

  -- ─────────────────────────────────────────────────────────────────────────
  -- 11) Email Draft Writer
  -- ─────────────────────────────────────────────────────────────────────────
  IF NOT EXISTS (SELECT 1 FROM lenses.lenses WHERE id = v_lens_email) THEN
    INSERT INTO lenses.lenses (id, lenser_id, visibility, status)
    VALUES (v_lens_email, v_author, 'public', 'published');

    INSERT INTO lenses.versions (id, lens_id, version_number, template_body, status, published_at)
    VALUES (
      v_ver_email, v_lens_email, 1,
      'You are the Email Draft Writer Lens. Draft a professional email based on the intent in [[:' || v_p_em_intent || ']] '
      'using the tone specified in [[:' || v_p_em_tone || ']] (e.g. formal, friendly, assertive, empathetic). '
      'Produce: Subject line (≤60 chars), Body (greeting, context, core ask or update, closing), '
      'and a one-line suggested follow-up action. '
      'Calibrate length to urgency — urgent emails are concise, nuanced situations may need more context. '
      'Do not use hollow filler phrases like "I hope this email finds you well."',
      'published', now()
    );

    UPDATE lenses.lenses SET head_version_id = v_ver_email WHERE id = v_lens_email;

    INSERT INTO lenses.version_parameters (id, version_id, label, tool_id) VALUES
      (v_p_em_intent, v_ver_email, 'intent', v_tool_textarea),
      (v_p_em_tone,   v_ver_email, 'tone',   v_tool_text);

    INSERT INTO content.entity_translations (entity_type, entity_id, language_code, is_original, title, description, content)
    VALUES
      ('lens', v_lens_email, 'en', true,
       'Email Draft Writer (template)',
       'Drafts a professional email with subject line and suggested follow-up from an intent description.',
       'You are the Email Draft Writer Lens. Write an email for [[intent]] in [[tone]] tone.'),
      ('lens', v_lens_email, 'tr', false,
       'E-posta Taslağı Yazıcı (şablon)',
       'Niyet açıklamasından konu satırı ve önerilen takip ile profesyonel e-posta taslağı oluşturur.',
       'E-posta Taslağı Yazıcı Lensi''sin. [[intent]] için [[tone]] tonunda e-posta yaz.');

    INSERT INTO content.tag_map (entity_type, entity_id, tag_id) VALUES
      ('lens', v_lens_email, v_tag_community),
      ('lens', v_lens_email, v_tag_template)
    ON CONFLICT DO NOTHING;
  END IF;

  -- ─────────────────────────────────────────────────────────────────────────
  -- 12) Thread Starter
  -- ─────────────────────────────────────────────────────────────────────────
  IF NOT EXISTS (SELECT 1 FROM lenses.lenses WHERE id = v_lens_thread) THEN
    INSERT INTO lenses.lenses (id, lenser_id, visibility, status)
    VALUES (v_lens_thread, v_author, 'public', 'published');

    INSERT INTO lenses.versions (id, lens_id, version_number, template_body, status, published_at)
    VALUES (
      v_ver_thread, v_lens_thread, 1,
      'You are the Thread Starter Lens. Create an engaging discussion post on the topic in [[:' || v_p_th_topic || ']] '
      'informed by the background in [[:' || v_p_th_context || ']]. '
      'Structure: a compelling opening hook (1-2 sentences), the core idea or question clearly stated, '
      '2-3 framing sub-questions to invite different angles of response, '
      'and a closing invitation to participate. '
      'Tone should be curious, inclusive, and direct — not promotional. '
      'Avoid clickbait; the hook should earn its intrigue through substance.',
      'published', now()
    );

    UPDATE lenses.lenses SET head_version_id = v_ver_thread WHERE id = v_lens_thread;

    INSERT INTO lenses.version_parameters (id, version_id, label, tool_id) VALUES
      (v_p_th_topic,   v_ver_thread, 'topic',   v_tool_text),
      (v_p_th_context, v_ver_thread, 'context', v_tool_textarea);

    INSERT INTO content.entity_translations (entity_type, entity_id, language_code, is_original, title, description, content)
    VALUES
      ('lens', v_lens_thread, 'en', true,
       'Thread Starter (template)',
       'Crafts an engaging community discussion post — hook, core question, sub-questions, and participation invite.',
       'You are the Thread Starter Lens. Start a discussion on [[topic]] using context [[context]].'),
      ('lens', v_lens_thread, 'tr', false,
       'Konu Başlatıcı (şablon)',
       'İlgi çekici bir topluluk tartışma gönderisi oluşturur — kanca, ana soru, alt sorular ve katılım daveti.',
       'Konu Başlatıcı Lensi''sin. [[context]] bağlamında [[topic]] üzerine tartışma başlat.');

    INSERT INTO content.tag_map (entity_type, entity_id, tag_id) VALUES
      ('lens', v_lens_thread, v_tag_community),
      ('lens', v_lens_thread, v_tag_template)
    ON CONFLICT DO NOTHING;
  END IF;

  -- ─────────────────────────────────────────────────────────────────────────
  -- 13) Challenge Creator
  -- ─────────────────────────────────────────────────────────────────────────
  IF NOT EXISTS (SELECT 1 FROM lenses.lenses WHERE id = v_lens_challenge) THEN
    INSERT INTO lenses.lenses (id, lenser_id, visibility, status)
    VALUES (v_lens_challenge, v_author, 'public', 'published');

    INSERT INTO lenses.versions (id, lens_id, version_number, template_body, status, published_at)
    VALUES (
      v_ver_challenge, v_lens_challenge, 1,
      'You are the Challenge Creator Lens. Design a LenserFight battle challenge on the subject in [[:' || v_p_ch_subject || ']] '
      'at difficulty level [[:' || v_p_ch_difficulty || ']] (beginner / intermediate / advanced / expert). '
      'Output a JSON object with: title (string, ≤80 chars), '
      'prompt (string — the exact challenge statement given to contestants), '
      'evaluation_rubric (array of {criterion, weight_pct, description}), '
      'time_limit_minutes (int), '
      'example_strong_response (string — what a top answer looks like), '
      'and tags (array of relevant topic tags). '
      'The rubric weights must sum to 100. Challenges should be fair, unambiguous, and learnable.',
      'published', now()
    );

    UPDATE lenses.lenses SET head_version_id = v_ver_challenge WHERE id = v_lens_challenge;

    INSERT INTO lenses.version_parameters (id, version_id, label, tool_id) VALUES
      (v_p_ch_subject,    v_ver_challenge, 'subject',    v_tool_text),
      (v_p_ch_difficulty, v_ver_challenge, 'difficulty', v_tool_text);

    INSERT INTO content.entity_translations (entity_type, entity_id, language_code, is_original, title, description, content)
    VALUES
      ('lens', v_lens_challenge, 'en', true,
       'Challenge Creator (template)',
       'Designs a LenserFight battle challenge with prompt, evaluation rubric, and example strong response.',
       'You are the Challenge Creator Lens. Design a [[difficulty]] challenge on [[subject]].'),
      ('lens', v_lens_challenge, 'tr', false,
       'Meydan Okuma Oluşturucu (şablon)',
       'Soru, değerlendirme rubriki ve örnek güçlü yanıtla LenserFight mücadele zorluğu tasarlar.',
       'Meydan Okuma Oluşturucu Lensi''sin. [[subject]] konusunda [[difficulty]] zorluğunda bir meydan okuma tasarla.');

    INSERT INTO content.tag_map (entity_type, entity_id, tag_id) VALUES
      ('lens', v_lens_challenge, v_tag_community),
      ('lens', v_lens_challenge, v_tag_template)
    ON CONFLICT DO NOTHING;
  END IF;

  RAISE NOTICE '41_developer_lens_templates: seeded 13 developer/community lens templates for author %.', v_author;
END
$seed$;

ANALYZE lenses.lenses;
ANALYZE lenses.versions;
ANALYZE lenses.version_parameters;
ANALYZE content.entity_translations;
ANALYZE content.tag_map;


-- >>> seeds/42_production_workflow_templates.sql
-- =============================================================================
-- 42. PRODUCTION WORKFLOW TEMPLATES
-- =============================================================================
-- 6 end-to-end workflows chaining lenses from both 40_ (chain templates) and
-- 41_ (developer/community templates). Every workflow is tagged 'template' so
-- fn_list_template_workflows() surfaces it on the WorkflowsPage strip.
--
-- Lens UUID constants from 40_lens_chain_templates.sql:
--   Intent      40000000-0001-0001-0001-000000000001
--   Research    40000000-0001-0003-0001-000000000001
--   Text Gen    40000000-0001-0004-0001-000000000001
--   Refine      40000000-0001-0007-0001-000000000001
--   Validate    40000000-0001-0008-0001-000000000001
--   Export PDF  40000000-0001-0009-0001-000000000001
--
-- Lens UUID constants from 41_developer_lens_templates.sql:
--   Code Reviewer      41000000-0001-0001-0001-000000000001
--   Unit Test Gen      41000000-0001-0002-0001-000000000001
--   Bug Analyzer       41000000-0001-0003-0001-000000000001
--   PR Writer          41000000-0001-0004-0001-000000000001
--   SQL Builder        41000000-0001-0005-0001-000000000001
--   API Doc Gen        41000000-0001-0006-0001-000000000001
--   Code Explainer     41000000-0001-0007-0001-000000000001
--   Refactor Advisor   41000000-0001-0008-0001-000000000001
--   Thread Starter     41000000-0001-000c-0001-000000000001
--   Challenge Creator  41000000-0001-000d-0001-000000000001
--
-- Idempotent: every block is gated with IF NOT EXISTS.
-- version_id is NULL on all nodes → always executes against the lens HEAD.
--
-- Dependencies:
--   • 07_ai_lensers.sql          (provides v_author)
--   • 40_lens_chain_templates.sql (lens IDs above)
--   • 41_developer_lens_templates.sql (lens IDs above)
--   • migration 20260417150000   (template tag + RPC)
-- =============================================================================

DO $seed$
DECLARE
  v_author    uuid;
  v_tag_template uuid;

  -- ── 40_ lens constants ──────────────────────────────────────────────────────
  L40_INTENT      uuid := '40000000-0001-0001-0001-000000000001';
  L40_RESEARCH    uuid := '40000000-0001-0003-0001-000000000001';
  L40_GEN_TEXT    uuid := '40000000-0001-0004-0001-000000000001';
  L40_REFINE      uuid := '40000000-0001-0007-0001-000000000001';
  L40_VALIDATE    uuid := '40000000-0001-0008-0001-000000000001';
  L40_EXPORT_PDF  uuid := '40000000-0001-0009-0001-000000000001';

  -- ── 41_ lens constants ──────────────────────────────────────────────────────
  L41_CODE_REVIEWER  uuid := '41000000-0001-0001-0001-000000000001';
  L41_UNIT_TEST      uuid := '41000000-0001-0002-0001-000000000001';
  L41_BUG_ANALYZER   uuid := '41000000-0001-0003-0001-000000000001';
  L41_PR_WRITER      uuid := '41000000-0001-0004-0001-000000000001';
  L41_SQL_BUILDER    uuid := '41000000-0001-0005-0001-000000000001';
  L41_API_DOC        uuid := '41000000-0001-0006-0001-000000000001';
  L41_CODE_EXPLAINER uuid := '41000000-0001-0007-0001-000000000001';
  L41_REFACTOR       uuid := '41000000-0001-0008-0001-000000000001';
  L41_USER_STORY     uuid := '41000000-0001-000a-0001-000000000001';
  L41_EMAIL          uuid := '41000000-0001-000b-0001-000000000001';
  L41_THREAD         uuid := '41000000-0001-000c-0001-000000000001';
  L41_CHALLENGE      uuid := '41000000-0001-000d-0001-000000000001';

  -- ── WF-1: Developer Code Review Suite (3 nodes, 3 phases) ──────────────────
  WF1 uuid := '42000000-0002-0001-0001-000000000001';
  WF1_N1 uuid := '42000000-0002-0001-0002-000000000001';  -- Code Reviewer
  WF1_N2 uuid := '42000000-0002-0001-0002-000000000002';  -- Unit Test Gen
  WF1_N3 uuid := '42000000-0002-0001-0002-000000000003';  -- PR Writer
  WF1_P1 uuid := '42000000-0002-0001-0003-000000000001';  -- Phase: Review
  WF1_P2 uuid := '42000000-0002-0001-0003-000000000002';  -- Phase: Test
  WF1_P3 uuid := '42000000-0002-0001-0003-000000000003';  -- Phase: Ship
  WF1_T1 uuid := '42000000-0002-0001-0004-000000000001';
  WF1_T2 uuid := '42000000-0002-0001-0004-000000000002';
  WF1_T3 uuid := '42000000-0002-0001-0004-000000000003';
  WF1_T4 uuid := '42000000-0002-0001-0004-000000000004';
  WF1_T5 uuid := '42000000-0002-0001-0004-000000000005';
  WF1_T6 uuid := '42000000-0002-0001-0004-000000000006';

  -- ── WF-2: Bug Investigation & Fix Pipeline (4 nodes, 4 phases) ─────────────
  WF2 uuid := '42000000-0002-0002-0001-000000000001';
  WF2_N1 uuid := '42000000-0002-0002-0002-000000000001';  -- Bug Analyzer
  WF2_N2 uuid := '42000000-0002-0002-0002-000000000002';  -- Code Explainer
  WF2_N3 uuid := '42000000-0002-0002-0002-000000000003';  -- Refactor Advisor
  WF2_N4 uuid := '42000000-0002-0002-0002-000000000004';  -- PR Writer
  WF2_P1 uuid := '42000000-0002-0002-0003-000000000001';  -- Phase: Diagnose
  WF2_P2 uuid := '42000000-0002-0002-0003-000000000002';  -- Phase: Understand
  WF2_P3 uuid := '42000000-0002-0002-0003-000000000003';  -- Phase: Fix
  WF2_P4 uuid := '42000000-0002-0002-0003-000000000004';  -- Phase: Document
  WF2_T1 uuid := '42000000-0002-0002-0004-000000000001';
  WF2_T2 uuid := '42000000-0002-0002-0004-000000000002';
  WF2_T3 uuid := '42000000-0002-0002-0004-000000000003';
  WF2_T4 uuid := '42000000-0002-0002-0004-000000000004';
  WF2_T5 uuid := '42000000-0002-0002-0004-000000000005';
  WF2_T6 uuid := '42000000-0002-0002-0004-000000000006';
  WF2_T7 uuid := '42000000-0002-0002-0004-000000000007';
  WF2_T8 uuid := '42000000-0002-0002-0004-000000000008';

  -- ── WF-3: API Documentation Suite (4 nodes, 4 phases) ──────────────────────
  WF3 uuid := '42000000-0002-0003-0001-000000000001';
  WF3_N1 uuid := '42000000-0002-0003-0002-000000000001';  -- API Doc Gen
  WF3_N2 uuid := '42000000-0002-0003-0002-000000000002';  -- Refine (40_)
  WF3_N3 uuid := '42000000-0002-0003-0002-000000000003';  -- Validate (40_)
  WF3_N4 uuid := '42000000-0002-0003-0002-000000000004';  -- Export PDF (40_)
  WF3_P1 uuid := '42000000-0002-0003-0003-000000000001';  -- Phase: Analyze
  WF3_P2 uuid := '42000000-0002-0003-0003-000000000002';  -- Phase: Document
  WF3_P3 uuid := '42000000-0002-0003-0003-000000000003';  -- Phase: Quality Gate
  WF3_P4 uuid := '42000000-0002-0003-0003-000000000004';  -- Phase: Publish
  WF3_T1 uuid := '42000000-0002-0003-0004-000000000001';
  WF3_T2 uuid := '42000000-0002-0003-0004-000000000002';
  WF3_T3 uuid := '42000000-0002-0003-0004-000000000003';
  WF3_T4 uuid := '42000000-0002-0003-0004-000000000004';
  WF3_T5 uuid := '42000000-0002-0003-0004-000000000005';
  WF3_T6 uuid := '42000000-0002-0003-0004-000000000006';
  WF3_T7 uuid := '42000000-0002-0003-0004-000000000007';
  WF3_T8 uuid := '42000000-0002-0003-0004-000000000008';

  -- ── WF-4: Sprint Story to SQL (3 nodes, 3 phases) ──────────────────────────
  WF4 uuid := '42000000-0002-0004-0001-000000000001';
  WF4_N1 uuid := '42000000-0002-0004-0002-000000000001';  -- User Story Gen
  WF4_N2 uuid := '42000000-0002-0004-0002-000000000002';  -- SQL Builder
  WF4_N3 uuid := '42000000-0002-0004-0002-000000000003';  -- PR Writer
  WF4_P1 uuid := '42000000-0002-0004-0003-000000000001';  -- Phase: Define
  WF4_P2 uuid := '42000000-0002-0004-0003-000000000002';  -- Phase: Model
  WF4_P3 uuid := '42000000-0002-0004-0003-000000000003';  -- Phase: Deliver
  WF4_T1 uuid := '42000000-0002-0004-0004-000000000001';
  WF4_T2 uuid := '42000000-0002-0004-0004-000000000002';
  WF4_T3 uuid := '42000000-0002-0004-0004-000000000003';
  WF4_T4 uuid := '42000000-0002-0004-0004-000000000004';
  WF4_T5 uuid := '42000000-0002-0004-0004-000000000005';
  WF4_T6 uuid := '42000000-0002-0004-0004-000000000006';

  -- ── WF-5: Community Engagement Pipeline (3 nodes, 3 phases) ────────────────
  WF5 uuid := '42000000-0002-0005-0001-000000000001';
  WF5_N1 uuid := '42000000-0002-0005-0002-000000000001';  -- Thread Starter
  WF5_N2 uuid := '42000000-0002-0005-0002-000000000002';  -- Challenge Creator
  WF5_N3 uuid := '42000000-0002-0005-0002-000000000003';  -- Email Draft Writer
  WF5_P1 uuid := '42000000-0002-0005-0003-000000000001';  -- Phase: Engage
  WF5_P2 uuid := '42000000-0002-0005-0003-000000000002';  -- Phase: Challenge
  WF5_P3 uuid := '42000000-0002-0005-0003-000000000003';  -- Phase: Announce
  WF5_T1 uuid := '42000000-0002-0005-0004-000000000001';
  WF5_T2 uuid := '42000000-0002-0005-0004-000000000002';
  WF5_T3 uuid := '42000000-0002-0005-0004-000000000003';
  WF5_T4 uuid := '42000000-0002-0005-0004-000000000004';
  WF5_T5 uuid := '42000000-0002-0005-0004-000000000005';
  WF5_T6 uuid := '42000000-0002-0005-0004-000000000006';

  -- ── WF-6: Research to Community Thread (5 nodes, 5 phases) ─────────────────
  WF6 uuid := '42000000-0002-0006-0001-000000000001';
  WF6_N1 uuid := '42000000-0002-0006-0002-000000000001';  -- Intent (40_)
  WF6_N2 uuid := '42000000-0002-0006-0002-000000000002';  -- Research (40_)
  WF6_N3 uuid := '42000000-0002-0006-0002-000000000003';  -- Text Gen (40_)
  WF6_N4 uuid := '42000000-0002-0006-0002-000000000004';  -- Refine (40_)
  WF6_N5 uuid := '42000000-0002-0006-0002-000000000005';  -- Thread Starter (41_)
  WF6_P1 uuid := '42000000-0002-0006-0003-000000000001';  -- Phase: Understand
  WF6_P2 uuid := '42000000-0002-0006-0003-000000000002';  -- Phase: Research
  WF6_P3 uuid := '42000000-0002-0006-0003-000000000003';  -- Phase: Draft
  WF6_P4 uuid := '42000000-0002-0006-0003-000000000004';  -- Phase: Polish
  WF6_P5 uuid := '42000000-0002-0006-0003-000000000005';  -- Phase: Publish
  WF6_T1  uuid := '42000000-0002-0006-0004-000000000001';
  WF6_T2  uuid := '42000000-0002-0006-0004-000000000002';
  WF6_T3  uuid := '42000000-0002-0006-0004-000000000003';
  WF6_T4  uuid := '42000000-0002-0006-0004-000000000004';
  WF6_T5  uuid := '42000000-0002-0006-0004-000000000005';
  WF6_T6  uuid := '42000000-0002-0006-0004-000000000006';
  WF6_T7  uuid := '42000000-0002-0006-0004-000000000007';
  WF6_T8  uuid := '42000000-0002-0006-0004-000000000008';
  WF6_T9  uuid := '42000000-0002-0006-0004-000000000009';
  WF6_T10 uuid := '42000000-0002-0006-0004-00000000000a';

BEGIN
  -- ── Resolve shared dependencies ─────────────────────────────────────────────
  SELECT id INTO v_author
  FROM lensers.profiles
  WHERE type = 'ai'::lensers.lenser_type AND status = 'active'::lensers.lenser_status
  ORDER BY created_at ASC LIMIT 1;

  IF v_author IS NULL THEN
    SELECT id INTO v_author FROM lensers.profiles ORDER BY created_at ASC LIMIT 1;
  END IF;

  IF v_author IS NULL THEN
    RAISE NOTICE '42_production_workflow_templates: no lensers.profiles row yet — skipping.';
    RETURN;
  END IF;

  SELECT id INTO v_tag_template FROM content.tags WHERE slug = 'template';

  IF v_tag_template IS NULL THEN
    RAISE NOTICE '42_production_workflow_templates: template tag missing — run migration 20260417150000 first.';
    RETURN;
  END IF;

  -- Guard: 41_ lenses must exist before we can reference them
  IF NOT EXISTS (SELECT 1 FROM lenses.lenses WHERE id = L41_CODE_REVIEWER) THEN
    RAISE NOTICE '42_production_workflow_templates: 41_ developer lenses not seeded yet — skipping.';
    RETURN;
  END IF;

  -- =============================================================================
  -- WF-1: Developer Code Review Suite
  -- Code Reviewer → Unit Test Generator → PR Description Writer
  -- =============================================================================
  IF NOT EXISTS (SELECT 1 FROM lenses.workflows WHERE id = WF1) THEN
    INSERT INTO lenses.workflows (id, lenser_id, title, description, visibility)
    VALUES (
      WF1, v_author,
      'Template · Developer Code Review Suite',
      'Review code for bugs and style, auto-generate a test suite for the flagged areas, then produce a ready-to-submit PR description. Three-step quality gate for any code change.',
      'public'
    );

    INSERT INTO lenses.workflow_nodes (id, workflow_id, lens_id, version_id, position_x, position_y, label, ordinal) VALUES
      (WF1_N1, WF1, L41_CODE_REVIEWER,  NULL,  0,   0, 'Code Review',    1),
      (WF1_N2, WF1, L41_UNIT_TEST,      NULL,  220, 0, 'Unit Tests',     2),
      (WF1_N3, WF1, L41_PR_WRITER,      NULL,  440, 0, 'PR Description', 3);

    INSERT INTO lenses.workflow_edges (workflow_id, source_node_id, target_node_id, source_output_key, target_param_label) VALUES
      (WF1, WF1_N1, WF1_N2, 'output', 'function_code'),
      (WF1, WF1_N2, WF1_N3, 'output', 'diff_summary');

    INSERT INTO lenses.workflow_phases (id, workflow_id, title, description, ordinal) VALUES
      (WF1_P1, WF1, 'Code Review',    'Analyze the code for bugs, security, and style issues.',     1),
      (WF1_P2, WF1, 'Test Coverage',  'Generate unit tests covering flagged scenarios.',             2),
      (WF1_P3, WF1, 'Ship',           'Write a structured PR description ready for peer review.',   3);

    INSERT INTO lenses.workflow_tasks (id, phase_id, workflow_id, title, prompt_text, output_type, ordinal) VALUES
      (WF1_T1, WF1_P1, WF1, 'Review code quality',     'Identify bugs, security issues, and style violations in the submitted code.', 'text', 1),
      (WF1_T2, WF1_P1, WF1, 'Rate overall quality',    'Score the code 1-10 and summarize the top 3 issues to fix.', 'text', 2),
      (WF1_T3, WF1_P2, WF1, 'Generate test cases',     'Create unit tests for the happy path, boundary values, and error cases identified in the review.', 'text', 1),
      (WF1_T4, WF1_P2, WF1, 'Add mocks and imports',   'Include all required imports, mocks, and test runner setup so tests can run immediately.', 'text', 2),
      (WF1_T5, WF1_P3, WF1, 'Draft PR description',    'Summarize the change, test plan, and any breaking changes for reviewers.', 'text', 1),
      (WF1_T6, WF1_P3, WF1, 'Finalize PR body',        'Polish the PR description to be concise, professional, and review-ready.', 'text', 2);

    INSERT INTO content.tag_map (entity_type, entity_id, tag_id)
    VALUES ('workflow'::content.entity_type_enum, WF1, v_tag_template)
    ON CONFLICT DO NOTHING;
  END IF;

  -- =============================================================================
  -- WF-2: Bug Investigation & Fix Pipeline
  -- Bug Analyzer → Code Explainer → Refactoring Advisor → PR Writer
  -- =============================================================================
  IF NOT EXISTS (SELECT 1 FROM lenses.workflows WHERE id = WF2) THEN
    INSERT INTO lenses.workflows (id, lenser_id, title, description, visibility)
    VALUES (
      WF2, v_author,
      'Template · Bug Investigation & Fix Pipeline',
      'Diagnose a bug from error logs, explain the root cause in plain language, propose concrete refactoring to fix it, then write the PR description. End-to-end from stack trace to ship.',
      'public'
    );

    INSERT INTO lenses.workflow_nodes (id, workflow_id, lens_id, version_id, position_x, position_y, label, ordinal) VALUES
      (WF2_N1, WF2, L41_BUG_ANALYZER,   NULL,  0,   0, 'Diagnose',  1),
      (WF2_N2, WF2, L41_CODE_EXPLAINER, NULL,  220, 0, 'Explain',   2),
      (WF2_N3, WF2, L41_REFACTOR,       NULL,  440, 0, 'Fix',       3),
      (WF2_N4, WF2, L41_PR_WRITER,      NULL,  660, 0, 'Document',  4);

    INSERT INTO lenses.workflow_edges (workflow_id, source_node_id, target_node_id, source_output_key, target_param_label) VALUES
      (WF2, WF2_N1, WF2_N2, 'output', 'code'),
      (WF2, WF2_N2, WF2_N3, 'output', 'code'),
      (WF2, WF2_N3, WF2_N4, 'output', 'diff_summary');

    INSERT INTO lenses.workflow_phases (id, workflow_id, title, description, ordinal) VALUES
      (WF2_P1, WF2, 'Diagnose',    'Identify root cause, affected component, and severity from the error log.',   1),
      (WF2_P2, WF2, 'Understand',  'Explain the bug and its context to the team in plain language.',              2),
      (WF2_P3, WF2, 'Fix',         'Propose concrete code changes with before/after snippets.',                  3),
      (WF2_P4, WF2, 'Document',    'Write the PR description for the fix including test plan.',                   4);

    INSERT INTO lenses.workflow_tasks (id, phase_id, workflow_id, title, prompt_text, output_type, ordinal) VALUES
      (WF2_T1, WF2_P1, WF2, 'Classify root cause',      'Determine whether the bug is a logic error, null dereference, concurrency issue, or external dependency failure.', 'text', 1),
      (WF2_T2, WF2_P1, WF2, 'Assess severity',           'Rate severity (critical/high/medium/low) and list reproduction steps.', 'text', 2),
      (WF2_T3, WF2_P2, WF2, 'Explain the bug',           'Describe what went wrong in terms a junior developer can understand.', 'text', 1),
      (WF2_T4, WF2_P2, WF2, 'Identify gotchas',          'Surface any subtle invariants or assumptions the bug violated.', 'text', 2),
      (WF2_T5, WF2_P3, WF2, 'Propose refactoring',       'Suggest the minimal code change that fixes the root cause without introducing regressions.', 'text', 1),
      (WF2_T6, WF2_P3, WF2, 'Flag breaking implications','Note if the fix changes any public API, database schema, or external contract.', 'text', 2),
      (WF2_T7, WF2_P4, WF2, 'Write PR summary',          'Summarize the bug, root cause, and fix approach in 2-3 bullets.', 'text', 1),
      (WF2_T8, WF2_P4, WF2, 'Define test plan',          'List the manual steps a reviewer should follow to verify the fix.', 'text', 2);

    INSERT INTO content.tag_map (entity_type, entity_id, tag_id)
    VALUES ('workflow', WF2, v_tag_template)
    ON CONFLICT DO NOTHING;
  END IF;

  -- =============================================================================
  -- WF-3: API Documentation Suite
  -- API Doc Generator → Refine (40_) → Validate (40_) → Export PDF (40_)
  -- =============================================================================
  IF NOT EXISTS (SELECT 1 FROM lenses.workflows WHERE id = WF3) THEN
    INSERT INTO lenses.workflows (id, lenser_id, title, description, visibility)
    VALUES (
      WF3, v_author,
      'Template · API Documentation Suite',
      'Generate API docs from code, refine for clarity and completeness, validate against a spec rubric, then export as a production-ready PDF artifact.',
      'public'
    );

    INSERT INTO lenses.workflow_nodes (id, workflow_id, lens_id, version_id, position_x, position_y, label, ordinal) VALUES
      (WF3_N1, WF3, L41_API_DOC,     NULL,  0,   0, 'Generate Docs', 1),
      (WF3_N2, WF3, L40_REFINE,      NULL,  220, 0, 'Refine',        2),
      (WF3_N3, WF3, L40_VALIDATE,    NULL,  440, 0, 'Validate',      3),
      (WF3_N4, WF3, L40_EXPORT_PDF,  NULL,  660, 0, 'Export PDF',    4);

    INSERT INTO lenses.workflow_edges (workflow_id, source_node_id, target_node_id, source_output_key, target_param_label) VALUES
      (WF3, WF3_N1, WF3_N2, 'output', 'draft'),
      (WF3, WF3_N2, WF3_N3, 'output', 'output'),
      (WF3, WF3_N3, WF3_N4, 'output', 'content');

    INSERT INTO lenses.workflow_phases (id, workflow_id, title, description, ordinal) VALUES
      (WF3_P1, WF3, 'Analyze',       'Inspect the source code and identify all public APIs to document.',          1),
      (WF3_P2, WF3, 'Document',      'Generate and refine structured API documentation for each endpoint.',        2),
      (WF3_P3, WF3, 'Quality Gate',  'Validate the docs against completeness and accuracy requirements.',          3),
      (WF3_P4, WF3, 'Publish',       'Export a production-ready PDF for distribution or developer portal upload.', 4);

    INSERT INTO lenses.workflow_tasks (id, phase_id, workflow_id, title, prompt_text, output_type, ordinal) VALUES
      (WF3_T1, WF3_P1, WF3, 'Identify public APIs',       'List all exported functions, endpoints, or methods that require documentation.', 'text', 1),
      (WF3_T2, WF3_P1, WF3, 'Infer parameter types',      'Extract parameter names, types, and required/optional status from the code.', 'text', 2),
      (WF3_T3, WF3_P2, WF3, 'Generate API docs draft',    'Produce structured documentation including descriptions, parameters, return types, errors, and usage examples.', 'text', 1),
      (WF3_T4, WF3_P2, WF3, 'Refine for clarity',         'Improve readability, fix ambiguous phrasing, and ensure consistent terminology.', 'text', 2),
      (WF3_T5, WF3_P3, WF3, 'Validate completeness',      'Check that every public API has a description, all parameters are documented, and at least one example is present.', 'text', 1),
      (WF3_T6, WF3_P3, WF3, 'Flag gaps',                  'List any undocumented endpoints, missing return types, or TODO placeholders.', 'text', 2),
      (WF3_T7, WF3_P4, WF3, 'Prepare PDF manifest',       'Structure the validated docs into sections with proper headings and page-break hints.', 'text', 1),
      (WF3_T8, WF3_P4, WF3, 'Export and verify',          'Confirm the exported PDF contains all sections, citations, and is ready for the developer portal.', 'text', 2);

    INSERT INTO content.tag_map (entity_type, entity_id, tag_id)
    VALUES ('workflow', WF3, v_tag_template)
    ON CONFLICT DO NOTHING;
  END IF;

  -- =============================================================================
  -- WF-4: Sprint Story to SQL
  -- User Story Generator → SQL Query Builder → PR Description Writer
  -- =============================================================================
  IF NOT EXISTS (SELECT 1 FROM lenses.workflows WHERE id = WF4) THEN
    INSERT INTO lenses.workflows (id, lenser_id, title, description, visibility)
    VALUES (
      WF4, v_author,
      'Template · Sprint Story to SQL',
      'Convert a feature idea into user stories with acceptance criteria, derive the SQL schema or queries needed, then write a PR description — from product brief to database migration ready.',
      'public'
    );

    INSERT INTO lenses.workflow_nodes (id, workflow_id, lens_id, version_id, position_x, position_y, label, ordinal) VALUES
      (WF4_N1, WF4, L41_USER_STORY,  NULL,  0,   0, 'User Stories', 1),
      (WF4_N2, WF4, L41_SQL_BUILDER, NULL,  220, 0, 'SQL Query',    2),
      (WF4_N3, WF4, L41_PR_WRITER,   NULL,  440, 0, 'PR Body',      3);

    INSERT INTO lenses.workflow_edges (workflow_id, source_node_id, target_node_id, source_output_key, target_param_label) VALUES
      (WF4, WF4_N1, WF4_N2, 'output', 'requirements'),
      (WF4, WF4_N2, WF4_N3, 'output', 'diff_summary');

    INSERT INTO lenses.workflow_phases (id, workflow_id, title, description, ordinal) VALUES
      (WF4_P1, WF4, 'Define',   'Break the feature down into INVEST-compliant user stories.',                1),
      (WF4_P2, WF4, 'Model',    'Derive the SQL queries or schema changes required to fulfill the stories.',  2),
      (WF4_P3, WF4, 'Deliver',  'Write a PR description that links stories to the SQL implementation.',      3);

    INSERT INTO lenses.workflow_tasks (id, phase_id, workflow_id, title, prompt_text, output_type, ordinal) VALUES
      (WF4_T1, WF4_P1, WF4, 'Draft user stories',       'Write user stories in the "As a / I want / So that" format with Given/When/Then acceptance criteria.', 'text', 1),
      (WF4_T2, WF4_P1, WF4, 'Estimate story points',    'Assign Fibonacci story points and priority (Must/Should/Could) to each story.', 'text', 2),
      (WF4_T3, WF4_P2, WF4, 'Build SQL queries',        'Write the PostgreSQL queries or CREATE TABLE / ALTER TABLE statements needed to implement the stories.', 'text', 1),
      (WF4_T4, WF4_P2, WF4, 'Annotate with caveats',    'Flag NULL handling, index requirements, and any performance concerns for large tables.', 'text', 2),
      (WF4_T5, WF4_P3, WF4, 'Write PR summary',         'Summarize which stories are addressed and what SQL changes are included.', 'text', 1),
      (WF4_T6, WF4_P3, WF4, 'Define migration test plan','List steps to test the migration in staging before applying to production.', 'text', 2);

    INSERT INTO content.tag_map (entity_type, entity_id, tag_id)
    VALUES ('workflow', WF4, v_tag_template)
    ON CONFLICT DO NOTHING;
  END IF;

  -- =============================================================================
  -- WF-5: Community Engagement Pipeline
  -- Thread Starter → Challenge Creator → Email Draft Writer
  -- =============================================================================
  IF NOT EXISTS (SELECT 1 FROM lenses.workflows WHERE id = WF5) THEN
    INSERT INTO lenses.workflows (id, lenser_id, title, description, visibility)
    VALUES (
      WF5, v_author,
      'Template · Community Engagement Pipeline',
      'Kick off a community topic with an engaging thread, design a LenserFight challenge around it, then announce the challenge to participants via a professional email. Full community activation loop.',
      'public'
    );

    INSERT INTO lenses.workflow_nodes (id, workflow_id, lens_id, version_id, position_x, position_y, label, ordinal) VALUES
      (WF5_N1, WF5, L41_THREAD,     NULL,  0,   0, 'Open Thread',  1),
      (WF5_N2, WF5, L41_CHALLENGE,  NULL,  220, 0, 'Challenge',    2),
      (WF5_N3, WF5, L41_EMAIL, NULL, 440, 0, 'Announce', 3);

    INSERT INTO lenses.workflow_edges (workflow_id, source_node_id, target_node_id, source_output_key, target_param_label) VALUES
      (WF5, WF5_N1, WF5_N2, 'output', 'subject'),
      (WF5, WF5_N2, WF5_N3, 'output', 'intent');

    INSERT INTO lenses.workflow_phases (id, workflow_id, title, description, ordinal) VALUES
      (WF5_P1, WF5, 'Engage',     'Launch an engaging discussion thread to seed community interest.',                  1),
      (WF5_P2, WF5, 'Challenge',  'Design a fair, learnable LenserFight challenge on the thread topic.',              2),
      (WF5_P3, WF5, 'Announce',   'Draft a clear announcement email inviting community members to participate.',       3);

    INSERT INTO lenses.workflow_tasks (id, phase_id, workflow_id, title, prompt_text, output_type, ordinal) VALUES
      (WF5_T1, WF5_P1, WF5, 'Write thread hook',           'Craft a compelling opening sentence that earns curiosity through substance, not clickbait.', 'text', 1),
      (WF5_T2, WF5_P1, WF5, 'Add discussion sub-questions','Write 2-3 framing questions that invite different perspectives on the topic.', 'text', 2),
      (WF5_T3, WF5_P2, WF5, 'Design challenge prompt',     'Write a clear, unambiguous challenge statement that participants can attempt within the time limit.', 'text', 1),
      (WF5_T4, WF5_P2, WF5, 'Define evaluation rubric',    'Create a rubric with 3-5 criteria whose weights sum to 100%.', 'text', 2),
      (WF5_T5, WF5_P3, WF5, 'Draft announcement email',    'Write a subject line and body that explain the challenge, how to participate, and the deadline.', 'text', 1),
      (WF5_T6, WF5_P3, WF5, 'Add participation CTA',       'Include a clear call-to-action link and follow-up suggestion for recipients.', 'text', 2);

    INSERT INTO content.tag_map (entity_type, entity_id, tag_id)
    VALUES ('workflow', WF5, v_tag_template)
    ON CONFLICT DO NOTHING;
  END IF;

  -- =============================================================================
  -- WF-6: Research to Community Thread (cross-template)
  -- Intent (40_) → Research (40_) → Text Gen (40_) → Refine (40_) → Thread Starter (41_)
  -- =============================================================================
  IF NOT EXISTS (SELECT 1 FROM lenses.workflows WHERE id = WF6) THEN
    INSERT INTO lenses.workflows (id, lenser_id, title, description, visibility)
    VALUES (
      WF6, v_author,
      'Template · Research to Community Thread',
      'Classify a user request, conduct deep research, draft a long-form text, refine it for quality, then publish as an engaging community thread. Bridges the Connected Lens research pipeline with community distribution.',
      'public'
    );

    INSERT INTO lenses.workflow_nodes (id, workflow_id, lens_id, version_id, position_x, position_y, label, ordinal) VALUES
      (WF6_N1, WF6, L40_INTENT,    NULL,  0,    0, 'Intent',   1),
      (WF6_N2, WF6, L40_RESEARCH,  NULL,  220,  0, 'Research', 2),
      (WF6_N3, WF6, L40_GEN_TEXT,  NULL,  440,  0, 'Draft',    3),
      (WF6_N4, WF6, L40_REFINE,    NULL,  660,  0, 'Refine',   4),
      (WF6_N5, WF6, L41_THREAD,    NULL,  880,  0, 'Publish',  5);

    INSERT INTO lenses.workflow_edges (workflow_id, source_node_id, target_node_id, source_output_key, target_param_label) VALUES
      (WF6, WF6_N1, WF6_N2, 'output', 'context'),
      (WF6, WF6_N2, WF6_N3, 'output', 'context'),
      (WF6, WF6_N3, WF6_N4, 'output', 'draft'),
      (WF6, WF6_N4, WF6_N5, 'output', 'context');

    INSERT INTO lenses.workflow_phases (id, workflow_id, title, description, ordinal) VALUES
      (WF6_P1, WF6, 'Understand', 'Classify the user request into structured intent for downstream lenses.',           1),
      (WF6_P2, WF6, 'Research',   'Gather, rank, and synthesize the evidence needed to fulfill the plan.',            2),
      (WF6_P3, WF6, 'Draft',      'Generate a polished, research-grounded long-form text.',                           3),
      (WF6_P4, WF6, 'Polish',     'Refine the draft for clarity, pacing, and tone without altering intent.',         4),
      (WF6_P5, WF6, 'Publish',    'Shape the refined content into an engaging community discussion thread.',           5);

    INSERT INTO lenses.workflow_tasks (id, phase_id, workflow_id, title, prompt_text, output_type, ordinal) VALUES
      (WF6_T1,  WF6_P1, WF6, 'Classify request intent',    'Identify the goal, target media, quality level, and constraints from the raw user request.', 'text', 1),
      (WF6_T2,  WF6_P1, WF6, 'Suggest downstream kinds',   'Recommend which lens kinds (text, research, image, etc.) are needed to fulfill the request.', 'text', 2),
      (WF6_T3,  WF6_P2, WF6, 'Gather evidence',            'Collect relevant facts, data, and source references for the research topic.', 'text', 1),
      (WF6_T4,  WF6_P2, WF6, 'Rank and synthesize',        'Rank findings by confidence and produce a concise synthesis with open questions.', 'text', 2),
      (WF6_T5,  WF6_P3, WF6, 'Draft long-form content',    'Write a structured, audience-aware article grounded in the research findings.', 'text', 1),
      (WF6_T6,  WF6_P3, WF6, 'Cite sources inline',        'Add [n] citation markers for every claim sourced from the Research Lens output.', 'text', 2),
      (WF6_T7,  WF6_P4, WF6, 'Tighten and clarify',        'Improve sentence clarity, remove redundancy, and enforce consistent tone.', 'text', 1),
      (WF6_T8,  WF6_P4, WF6, 'Verify citations intact',    'Confirm all [n] citation markers are preserved and correctly attributed.', 'text', 2),
      (WF6_T9,  WF6_P5, WF6, 'Craft discussion hook',      'Write a hook and 2-3 sub-questions that invite community engagement on the research topic.', 'text', 1),
      (WF6_T10, WF6_P5, WF6, 'Add participation invite',   'Close the thread with a question that encourages replies from both experts and beginners.', 'text', 2);

    INSERT INTO content.tag_map (entity_type, entity_id, tag_id)
    VALUES ('workflow', WF6, v_tag_template)
    ON CONFLICT DO NOTHING;
  END IF;

  RAISE NOTICE '42_production_workflow_templates: seeded 6 production workflow templates for author %.', v_author;
END
$seed$;

ANALYZE lenses.workflows;
ANALYZE lenses.workflow_nodes;
ANALYZE lenses.workflow_edges;
ANALYZE lenses.workflow_phases;
ANALYZE lenses.workflow_tasks;
ANALYZE content.tag_map;


-- >>> seeds/43_ai_agent_lens_bindings.sql
-- =============================================================================
-- 43. AI AGENT LENS BINDINGS
-- =============================================================================
-- Connects the three demo AI lensers to the developer (41_) and chain-template
-- (40_) lenses according to each model's strengths:
--
--   GPT-4o        (c3000000-…-0001) → code review, testing, SQL, PR writing
--   Claude Sonnet (c3000000-…-0002) → analysis, documentation, bug diagnosis
--   Gemini Flash  (c3000000-…-0003) → community, planning, multimodal
--
-- AI model profiles in ai.models (GPT-5.4 Pro etc.) and their lenser rows
-- in lensers.profiles are NOT touched — only new agents.lens_bindings rows.
--
-- Idempotent: ON CONFLICT (ai_lenser_id, lens_id) DO NOTHING.
--
-- Dependencies:
--   • 07_ai_lensers.sql             (provides the three deterministic agent IDs)
--   • 40_lens_chain_templates.sql   (40_ lens UUIDs)
--   • 41_developer_lens_templates.sql (41_ lens UUIDs)
-- =============================================================================

DO $seed$
DECLARE
  -- Demo agent IDs (deterministic from 07_ai_lensers.sql)
  AGENT_GPT4O    uuid := 'c3000000-0000-0000-0000-000000000001';
  AGENT_CLAUDE   uuid := 'c3000000-0000-0000-0000-000000000002';
  AGENT_GEMINI   uuid := 'c3000000-0000-0000-0000-000000000003';

  -- 40_ lens IDs
  L40_INTENT     uuid := '40000000-0001-0001-0001-000000000001';
  L40_PLAN       uuid := '40000000-0001-0002-0001-000000000001';
  L40_RESEARCH   uuid := '40000000-0001-0003-0001-000000000001';
  L40_GEN_TEXT   uuid := '40000000-0001-0004-0001-000000000001';
  L40_GEN_IMAGE  uuid := '40000000-0001-0005-0001-000000000001';
  L40_GEN_VIDEO  uuid := '40000000-0001-0006-0001-000000000001';
  L40_REFINE     uuid := '40000000-0001-0007-0001-000000000001';
  L40_VALIDATE   uuid := '40000000-0001-0008-0001-000000000001';
  L40_EXPORT_PDF uuid := '40000000-0001-0009-0001-000000000001';

  -- 41_ lens IDs
  L41_CODE_REVIEWER  uuid := '41000000-0001-0001-0001-000000000001';
  L41_UNIT_TEST      uuid := '41000000-0001-0002-0001-000000000001';
  L41_BUG_ANALYZER   uuid := '41000000-0001-0003-0001-000000000001';
  L41_PR_WRITER      uuid := '41000000-0001-0004-0001-000000000001';
  L41_SQL_BUILDER    uuid := '41000000-0001-0005-0001-000000000001';
  L41_API_DOC        uuid := '41000000-0001-0006-0001-000000000001';
  L41_CODE_EXPLAINER uuid := '41000000-0001-0007-0001-000000000001';
  L41_REFACTOR       uuid := '41000000-0001-0008-0001-000000000001';
  L41_MEETING        uuid := '41000000-0001-0009-0001-000000000001';
  L41_USER_STORY     uuid := '41000000-0001-000a-0001-000000000001';
  L41_EMAIL          uuid := '41000000-0001-000b-0001-000000000001';
  L41_THREAD         uuid := '41000000-0001-000c-0001-000000000001';
  L41_CHALLENGE      uuid := '41000000-0001-000d-0001-000000000001';

BEGIN
  -- Guard: 41_ lenses must exist
  IF NOT EXISTS (SELECT 1 FROM lenses.lenses WHERE id = L41_CODE_REVIEWER) THEN
    RAISE NOTICE '43_ai_agent_lens_bindings: 41_ lenses not seeded yet — skipping.';
    RETURN;
  END IF;

  -- Guard: agent rows must exist
  IF NOT EXISTS (SELECT 1 FROM agents.ai_lensers WHERE id = AGENT_GPT4O) THEN
    RAISE NOTICE '43_ai_agent_lens_bindings: demo AI lensers not seeded yet — skipping.';
    RETURN;
  END IF;

  -- ===========================================================================
  -- GPT-4o — structured output, tool-calling, code generation
  -- Default: Code Reviewer (most used capability for developer workflows)
  -- ===========================================================================
  INSERT INTO agents.lens_bindings (id, ai_lenser_id, lens_id, version_id, is_default, category_tags)
  VALUES
    ('43000000-0001-0001-0001-000000000001', AGENT_GPT4O, L41_CODE_REVIEWER,  NULL, true,  ARRAY['code','review']),
    ('43000000-0001-0001-0001-000000000002', AGENT_GPT4O, L41_UNIT_TEST,      NULL, false, ARRAY['code','testing']),
    ('43000000-0001-0001-0001-000000000003', AGENT_GPT4O, L41_SQL_BUILDER,    NULL, false, ARRAY['data','sql']),
    ('43000000-0001-0001-0001-000000000004', AGENT_GPT4O, L41_PR_WRITER,      NULL, false, ARRAY['documentation','code']),
    -- 40_ lenses: text generation and PDF export (structured, tool-like)
    ('43000000-0001-0001-0001-000000000005', AGENT_GPT4O, L40_GEN_TEXT,       NULL, false, ARRAY['text','generation']),
    ('43000000-0001-0001-0001-000000000006', AGENT_GPT4O, L40_EXPORT_PDF,     NULL, false, ARRAY['export','pdf'])
  ON CONFLICT (ai_lenser_id, lens_id) DO NOTHING;

  -- ===========================================================================
  -- Claude Sonnet 4.6 — deep reasoning, long context, nuanced analysis
  -- Default: Bug Analyzer (requires careful multi-step reasoning)
  -- ===========================================================================
  INSERT INTO agents.lens_bindings (id, ai_lenser_id, lens_id, version_id, is_default, category_tags)
  VALUES
    ('43000000-0001-0002-0001-000000000001', AGENT_CLAUDE, L41_BUG_ANALYZER,   NULL, true,  ARRAY['code','debugging']),
    ('43000000-0001-0002-0001-000000000002', AGENT_CLAUDE, L41_CODE_EXPLAINER, NULL, false, ARRAY['code','education']),
    ('43000000-0001-0002-0001-000000000003', AGENT_CLAUDE, L41_REFACTOR,       NULL, false, ARRAY['code','refactoring']),
    ('43000000-0001-0002-0001-000000000004', AGENT_CLAUDE, L41_API_DOC,        NULL, false, ARRAY['documentation']),
    ('43000000-0001-0002-0001-000000000005', AGENT_CLAUDE, L41_MEETING,        NULL, false, ARRAY['planning','summarization']),
    -- 40_ lenses: intent classification, research, validation (analysis-heavy)
    ('43000000-0001-0002-0001-000000000006', AGENT_CLAUDE, L40_INTENT,         NULL, false, ARRAY['routing','orchestration']),
    ('43000000-0001-0002-0001-000000000007', AGENT_CLAUDE, L40_RESEARCH,       NULL, false, ARRAY['research','synthesis']),
    ('43000000-0001-0002-0001-000000000008', AGENT_CLAUDE, L40_VALIDATE,       NULL, false, ARRAY['validation','quality'])
  ON CONFLICT (ai_lenser_id, lens_id) DO NOTHING;

  -- ===========================================================================
  -- Gemini 2.5 Flash — speed, multimodal, community and planning tasks
  -- Default: Thread Starter (fast, engaging, community-facing)
  -- ===========================================================================
  INSERT INTO agents.lens_bindings (id, ai_lenser_id, lens_id, version_id, is_default, category_tags)
  VALUES
    ('43000000-0001-0003-0001-000000000001', AGENT_GEMINI, L41_THREAD,      NULL, true,  ARRAY['community','engagement']),
    ('43000000-0001-0003-0001-000000000002', AGENT_GEMINI, L41_CHALLENGE,   NULL, false, ARRAY['community','challenges']),
    ('43000000-0001-0003-0001-000000000003', AGENT_GEMINI, L41_EMAIL,       NULL, false, ARRAY['community','email']),
    ('43000000-0001-0003-0001-000000000004', AGENT_GEMINI, L41_USER_STORY,  NULL, false, ARRAY['planning','stories']),
    -- 40_ lenses: planning, image/video generation (multimodal strengths)
    ('43000000-0001-0003-0001-000000000005', AGENT_GEMINI, L40_PLAN,        NULL, false, ARRAY['orchestration','planning']),
    ('43000000-0001-0003-0001-000000000006', AGENT_GEMINI, L40_GEN_IMAGE,   NULL, false, ARRAY['image','generation']),
    ('43000000-0001-0003-0001-000000000007', AGENT_GEMINI, L40_GEN_VIDEO,   NULL, false, ARRAY['video','generation']),
    ('43000000-0001-0003-0001-000000000008', AGENT_GEMINI, L40_REFINE,      NULL, false, ARRAY['transform','refinement'])
  ON CONFLICT (ai_lenser_id, lens_id) DO NOTHING;

  RAISE NOTICE '43_ai_agent_lens_bindings: seeded lens bindings for GPT-4o, Claude Sonnet 4.6, and Gemini 2.5 Flash.';
END
$seed$;

ANALYZE agents.lens_bindings;


-- >>> seeds/44_community_profiles.sql
-- =============================================================================
-- 44. COMMUNITY PROFILES
-- =============================================================================
-- Seeds three community / organization lenser accounts:
--
--   ConnectLens           — the platform's community hub
--   Chainabit             — developer-focused community
--   LenserFight Community — official LenserFight community space
--
-- Each community IS a lenser (GRASP Polymorphism: communities reuse the
-- existing profile type rather than a separate entity). They are seeded as
-- human-type profiles backed by their own auth.users so they can log in,
-- own public lenses, and be followed by other lensers.
--
-- ConnectLens is also set as a co-author on the Thread Starter and Challenge
-- Creator lenses (via lenses.lenses.lenser_id update) so the public template
-- library appears multi-authored.
--
-- UUID ranges:
--   auth.users   ids: a4000000-0000-0000-0000-00000000000N
--   profile ids:      b4000000-0000-0000-0000-00000000000N
--
-- Idempotent: ON CONFLICT guards on both auth.users and lensers.profiles.
-- =============================================================================

-- ── 1. Auth users ────────────────────────────────────────────────────────────

INSERT INTO auth.users (
  instance_id, id, aud, role,
  email, encrypted_password,
  email_confirmed_at, created_at, updated_at, last_sign_in_at,
  confirmation_token, confirmation_sent_at,
  recovery_token, recovery_sent_at,
  email_change, email_change_token_new, email_change_token_current, email_change_sent_at, email_change_confirm_status,
  reauthentication_token, reauthentication_sent_at,
  is_super_admin, is_sso_user, deleted_at, is_anonymous,
  phone, phone_confirmed_at, phone_change, phone_change_token, phone_change_sent_at,
  raw_app_meta_data, raw_user_meta_data
)
VALUES
  -- ConnectLens
  (
    '00000000-0000-0000-0000-000000000000',
    'a4000000-0000-0000-0000-000000000001',
    'authenticated', 'authenticated',
    'system@connectlens.local',
    extensions.crypt('ConnectLens#2026!', extensions.gen_salt('bf')),
    now(), now(), now(), now(),
    '', NULL, '', NULL,
    '', '', '', NULL, 0,
    '', NULL,
    false, false, NULL, false,
    NULL, NULL, '', '', NULL,
    '{"provider":"email","providers":["email"]}',
    '{"display_name":"ConnectLens"}'
  ),
  -- Chainabit
  (
    '00000000-0000-0000-0000-000000000000',
    'a4000000-0000-0000-0000-000000000002',
    'authenticated', 'authenticated',
    'system@chainabit.local',
    extensions.crypt('Chainabit#2026!', extensions.gen_salt('bf')),
    now(), now(), now(), now(),
    '', NULL, '', NULL,
    '', '', '', NULL, 0,
    '', NULL,
    false, false, NULL, false,
    NULL, NULL, '', '', NULL,
    '{"provider":"email","providers":["email"]}',
    '{"display_name":"Chainabit"}'
  ),
  -- LenserFight Community
  (
    '00000000-0000-0000-0000-000000000000',
    'a4000000-0000-0000-0000-000000000003',
    'authenticated', 'authenticated',
    'community@lenserfight.local',
    extensions.crypt('LFCommunity#2026!', extensions.gen_salt('bf')),
    now(), now(), now(), now(),
    '', NULL, '', NULL,
    '', '', '', NULL, 0,
    '', NULL,
    false, false, NULL, false,
    NULL, NULL, '', '', NULL,
    '{"provider":"email","providers":["email"]}',
    '{"display_name":"LenserFight Community"}'
  )
ON CONFLICT (id) DO NOTHING;

-- ── 2. Lenser profiles ───────────────────────────────────────────────────────

INSERT INTO lensers.profiles (
  id, user_id, handle, display_name, headline, avatar_url, bio,
  status, visibility, onboarding_step, onboarding_completed_at, type,
  created_at, updated_at
)
VALUES
  -- ConnectLens — the platform hub
  (
    'b4000000-0000-0000-0000-000000000001',
    'a4000000-0000-0000-0000-000000000001',
    'connectlens',
    'ConnectLens',
    'Where every lenser connects, collaborates, and creates.',
    'https://api.dicebear.com/9.x/bottts-neutral/svg?seed=connectlens-community-hub',
    'ConnectLens is the community hub of LenserFight — a space where lensers of every kind (human, AI, and beyond) share templates, run workflows, and build together. Every lenser is welcome here.',
    'active', 'public', 2, now(),
    'human'::lensers.lenser_type,
    now(), now()
  ),
  -- Chainabit — developer community
  (
    'b4000000-0000-0000-0000-000000000002',
    'a4000000-0000-0000-0000-000000000002',
    'chainabit',
    'Chainabit',
    'Developer-first community for AI-powered workflows and code lenses.',
    'https://api.dicebear.com/9.x/bottts-neutral/svg?seed=chainabit-developer-community',
    'Chainabit is a developer-focused community on LenserFight. We publish code review lenses, SQL builders, test generators, and workflow templates to help developers ship faster with AI. Open source at heart.',
    'active', 'public', 2, now(),
    'human'::lensers.lenser_type,
    now(), now()
  ),
  -- LenserFight Community — official space
  (
    'b4000000-0000-0000-0000-000000000003',
    'a4000000-0000-0000-0000-000000000003',
    'lenserfight_community',
    'LenserFight Community',
    'The official LenserFight community — battles, challenges, and announcements.',
    'https://api.dicebear.com/9.x/bottts-neutral/svg?seed=lenserfight-official-community',
    'The official LenserFight community profile. Follow for new challenges, community announcements, template highlights, and curated workflows from the team and top lensers.',
    'active', 'public', 2, now(),
    'human'::lensers.lenser_type,
    now(), now()
  )
ON CONFLICT (id) DO UPDATE SET
  display_name   = EXCLUDED.display_name,
  headline       = EXCLUDED.headline,
  bio            = EXCLUDED.bio,
  status         = EXCLUDED.status,
  visibility     = EXCLUDED.visibility,
  updated_at     = now();

-- ── 3. Re-attribute two community lenses to ConnectLens ─────────────────────
-- Thread Starter and Challenge Creator are the most community-facing lenses.
-- We re-attribute them from the AI system author to the ConnectLens profile
-- so the public template library reflects a multi-authored library.
-- Only executes if those lenses exist and ConnectLens profile was just seeded.

DO $$
DECLARE
  v_connectlens_id uuid := 'b4000000-0000-0000-0000-000000000001';
  v_thread_lens    uuid := '41000000-0001-000c-0001-000000000001';
  v_challenge_lens uuid := '41000000-0001-000d-0001-000000000001';
BEGIN
  IF EXISTS (SELECT 1 FROM lensers.profiles WHERE id = v_connectlens_id)
  AND EXISTS (SELECT 1 FROM lenses.lenses WHERE id = v_thread_lens)
  THEN
    UPDATE lenses.lenses
    SET lenser_id = v_connectlens_id
    WHERE id IN (v_thread_lens, v_challenge_lens)
    AND lenser_id != v_connectlens_id;

    RAISE NOTICE '44_community_profiles: re-attributed Thread Starter and Challenge Creator to ConnectLens.';
  END IF;
END
$$;

ANALYZE lensers.profiles;


-- >>> seeds/45_workflow_runs.sql
-- =============================================================================
-- 45. WORKFLOW RUNS (smoke seed)
-- =============================================================================
-- Seeds 2 lenses.workflow_runs rows (one completed, one failed) so that fresh
-- supabase db reset produces non-empty observability data and Phase 9
-- acceptance criterion #4 ("≥1 workflow run after seed") is satisfied.
--
-- References:
--   • WF1 (Developer Code Review Suite) from 42_production_workflow_templates.sql
--   • WF2 (Bug Investigation & Fix Pipeline) from 42_production_workflow_templates.sql
--
-- Idempotent: each block is gated with IF NOT EXISTS by run id.
-- Dependencies:
--   • 42_production_workflow_templates.sql (creates the workflows referenced)
-- =============================================================================

DO $seed$
DECLARE
  WF1 uuid := '42000000-0002-0001-0001-000000000001';
  WF2 uuid := '42000000-0002-0002-0001-000000000001';

  RUN_OK   uuid := '45000000-0001-0000-0000-000000000001';
  RUN_FAIL uuid := '45000000-0002-0000-0000-000000000002';

  v_triggered_by uuid;
BEGIN
  IF NOT EXISTS (SELECT 1 FROM lenses.workflows WHERE id = WF1) THEN
    RAISE NOTICE '45_workflow_runs: WF1 not seeded yet — skipping.';
    RETURN;
  END IF;

  SELECT id INTO v_triggered_by
  FROM lensers.profiles
  WHERE type = 'ai'::lensers.lenser_type AND status = 'active'::lensers.lenser_status
  ORDER BY created_at ASC LIMIT 1;

  IF v_triggered_by IS NULL THEN
    SELECT id INTO v_triggered_by FROM lensers.profiles ORDER BY created_at ASC LIMIT 1;
  END IF;

  -- ── Completed run on WF1 ──────────────────────────────────────────────────
  IF NOT EXISTS (SELECT 1 FROM lenses.workflow_runs WHERE id = RUN_OK) THEN
    INSERT INTO lenses.workflow_runs (
      id, workflow_id, triggered_by, status,
      context_inputs, started_at, completed_at,
      global_model_id, budget_credits, spent_credits, cost_metadata
    ) VALUES (
      RUN_OK, WF1, v_triggered_by, 'completed',
      '{"function_code": "function add(a, b) { return a + b; }"}'::jsonb,
      now() - interval '2 hours', now() - interval '1 hour 58 minutes',
      'gpt-4o-mini', 1000, 42,
      '{"summary": "demo seed run, completed"}'::jsonb
    );
  END IF;

  -- ── Failed run on WF2 ─────────────────────────────────────────────────────
  IF NOT EXISTS (SELECT 1 FROM lenses.workflows WHERE id = WF2) THEN
    RAISE NOTICE '45_workflow_runs: WF2 not seeded yet — skipping failed run.';
  ELSIF NOT EXISTS (SELECT 1 FROM lenses.workflow_runs WHERE id = RUN_FAIL) THEN
    INSERT INTO lenses.workflow_runs (
      id, workflow_id, triggered_by, status,
      context_inputs, started_at, completed_at,
      global_model_id, budget_credits, spent_credits, cost_metadata
    ) VALUES (
      RUN_FAIL, WF2, v_triggered_by, 'failed',
      '{"stack_trace": "TypeError: cannot read property of undefined"}'::jsonb,
      now() - interval '30 minutes', now() - interval '29 minutes',
      'gpt-4o-mini', 500, 18,
      '{"summary": "demo seed run, failed at node 1", "error_code": "provider_timeout"}'::jsonb
    );
  END IF;

  RAISE NOTICE '45_workflow_runs: seeded smoke workflow runs.';
END
$seed$;


-- >>> seeds/46_connectors.sql
-- =============================================================================
-- 46. CONNECTORS (depends on 13_workspaces)
-- =============================================================================
-- One inactive demo connector for Alice's personal workspace, so that
-- `lenserfight connectors list` returns non-empty output in dev. The
-- token_hash is sha256 of the literal string 'lf_demo_inactive_token_2026'
-- (the connector is is_active=false so it cannot authenticate anything).

INSERT INTO connectors.connectors
    (id, workspace_id, slug, name, description, kind, is_active, created_by, created_at)
VALUES
    (
        'c4000000-0000-0000-0000-000000000001',
        'c3000000-0000-0000-0000-000000000001',
        'chainabit-demo',
        'Chainabit Demo (inactive)',
        'Reference connector seeded for the OSS quickstart. Activate via lenserfight connectors add.',
        'api',
        false,
        'b2000000-0000-0000-0000-000000000001',
        '2026-05-01T00:00:00Z'
    )
ON CONFLICT (workspace_id, slug) DO NOTHING;

INSERT INTO connectors.connector_tokens
    (id, connector_id, token_hash, token_prefix, scopes, revoked_at, created_at)
VALUES
    (
        'c4100000-0000-0000-0000-000000000001',
        'c4000000-0000-0000-0000-000000000001',
        encode(digest('lf_demo_inactive_token_2026', 'sha256'), 'hex'),
        'lf_demo_in',
        ARRAY['lenses:read']::text[],
        '2026-05-02T00:00:00Z',
        '2026-05-01T00:00:00Z'
    )
ON CONFLICT (token_hash) DO NOTHING;

