-- ==============================================================================
-- LenserFight Community Edition — Seed Data
-- Contains only OSS-safe schemas: lensers, lenses, content, media, agents, ai,
-- execution, tenancy. Private schemas (battles, billing, xp, analytics, etc.)
-- are excluded.
-- ==============================================================================
-- AUTO-GENERATED by supabase/combine-seeds.sh — edit seed.manifest and seeds/*.sql
-- NOTE: Supabase applies this file via Postgres (not psql), so content is INLINED.
--       Do not use \\ir here; the combine script concatenates each seed file.
-- ==============================================================================

SET statement_timeout = 0;
SET lock_timeout = 0;
SET idle_in_transaction_session_timeout = 0;
SET client_encoding = 'UTF8';
SET standard_conforming_strings = on;
SELECT pg_catalog.set_config('search_path', 'public, extensions', false);
SET check_function_bodies = false;
SET xmloption = content;
SET client_min_messages = warning;
SET row_security = off;


-- >>> seeds/02_auth_users.sql
-- =============================================================================
-- 2. TEST AUTH USERS
-- =============================================================================

INSERT INTO auth.users (
    instance_id, id, aud, role,
    email, encrypted_password,
    email_confirmed_at, created_at, updated_at, last_sign_in_at,
    confirmation_token, confirmation_sent_at,
    recovery_token, recovery_sent_at,
    email_change, email_change_token_new, email_change_token_current, email_change_sent_at, email_change_confirm_status,
    reauthentication_token, reauthentication_sent_at,
    is_super_admin, is_sso_user, deleted_at, is_anonymous,
    phone, phone_confirmed_at, phone_change, phone_change_token, phone_change_sent_at,
    raw_app_meta_data, raw_user_meta_data
)
VALUES
    (
        '00000000-0000-0000-0000-000000000000',
        'a1000000-0000-0000-0000-000000000001',
        'authenticated', 'authenticated',
        'alice@lenserfight.local',
        extensions.crypt('Alice#Lenser2026!', extensions.gen_salt('bf')),
        now(), now(), now(), now(),
        '', NULL,
        '', NULL,
        '', '', '', NULL, 0,
        '', NULL,
        false, false, NULL, false,
        NULL, NULL, '', '', NULL,
        '{"provider":"email","providers":["email"]}',
        '{"display_name":"Alice Arena"}'
    ),
    (
        '00000000-0000-0000-0000-000000000000',
        'a1000000-0000-0000-0000-000000000002',
        'authenticated', 'authenticated',
        'bob@lenserfight.local',
        extensions.crypt('Bob#Lenser2026!', extensions.gen_salt('bf')),
        now(), now(), now(), now(),
        '', NULL,
        '', NULL,
        '', '', '', NULL, 0,
        '', NULL,
        false, false, NULL, false,
        NULL, NULL, '', '', NULL,
        '{"provider":"email","providers":["email"]}',
        '{"display_name":"Bob Builder"}'
    ),
    (
        '00000000-0000-0000-0000-000000000000',
        'a1000000-0000-0000-0000-000000000003',
        'authenticated', 'authenticated',
        'carol@lenserfight.local',
        extensions.crypt('Carol#Lenser2026!', extensions.gen_salt('bf')),
        now(), now(), now(), now(),
        '', NULL,
        '', NULL,
        '', '', '', NULL, 0,
        '', NULL,
        false, false, NULL, false,
        NULL, NULL, '', '', NULL,
        '{"provider":"email","providers":["email"]}',
        '{"display_name":"Carol Voter"}'
    )
ON CONFLICT (id) DO UPDATE SET
    encrypted_password = EXCLUDED.encrypted_password,
    email_change = EXCLUDED.email_change,
    email_change_token_new = EXCLUDED.email_change_token_new,
    email_change_token_current = EXCLUDED.email_change_token_current,
    updated_at = now();

-- Identity records (required by Supabase auth)
INSERT INTO auth.identities (
    id, user_id, provider_id, identity_data, provider, last_sign_in_at, created_at, updated_at
)
VALUES
    (
        'a1000000-0000-0000-0000-000000000001',
        'a1000000-0000-0000-0000-000000000001',
        'a1000000-0000-0000-0000-000000000001',
        jsonb_build_object('sub', 'a1000000-0000-0000-0000-000000000001', 'email', 'alice@lenserfight.local'),
        'email', now(), now(), now()
    ),
    (
        'a1000000-0000-0000-0000-000000000002',
        'a1000000-0000-0000-0000-000000000002',
        'a1000000-0000-0000-0000-000000000002',
        jsonb_build_object('sub', 'a1000000-0000-0000-0000-000000000002', 'email', 'bob@lenserfight.local'),
        'email', now(), now(), now()
    ),
    (
        'a1000000-0000-0000-0000-000000000003',
        'a1000000-0000-0000-0000-000000000003',
        'a1000000-0000-0000-0000-000000000003',
        jsonb_build_object('sub', 'a1000000-0000-0000-0000-000000000003', 'email', 'carol@lenserfight.local'),
        'email', now(), now(), now()
    )
ON CONFLICT (id) DO NOTHING;


-- >>> seeds/03_lenser_profiles.sql
-- =============================================================================
-- 3. LENSER PROFILES
-- =============================================================================

INSERT INTO lensers.profiles (
    id, user_id, handle, display_name, bio, status, visibility,
    onboarding_step, onboarding_completed_at
)
VALUES
    (
        'b2000000-0000-0000-0000-000000000001',
        'a1000000-0000-0000-0000-000000000001',
        'alice_arena', 'Alice Arena',
        'Battle arena enthusiast and prompt engineer.',
        'active', 'public', 2, now()
    ),
    (
        'b2000000-0000-0000-0000-000000000002',
        'a1000000-0000-0000-0000-000000000002',
        'bob_builder', 'Bob Builder',
        'AI researcher and competitive coder.',
        'active', 'public', 2, now()
    ),
    (
        'b2000000-0000-0000-0000-000000000003',
        'a1000000-0000-0000-0000-000000000003',
        'carol_voter', 'Carol Voter',
        'Community judge and feedback specialist.',
        'active', 'public', 2, now()
    )
ON CONFLICT (id) DO UPDATE SET
    onboarding_step = 2,
    onboarding_completed_at = COALESCE(lensers.profiles.onboarding_completed_at, now()),
    updated_at = now();



-- >>> seeds/04_ai_providers.sql
-- =============================================================================
-- 4. AI PROVIDERS
-- =============================================================================
-- Refactored:
-- - Seeds base_url and docs_url
-- - Uses a single source CTE for insert/update
-- - Keeps same upsert semantics

WITH provider_seed AS (
  SELECT *
  FROM (
    VALUES
      (
        'openai',
        'OpenAI',
        'https://api.openai.com/v1',
        'https://developers.openai.com/api/docs/',
        true
      ),
      (
        'anthropic',
        'Anthropic',
        'https://api.anthropic.com',
        'https://docs.anthropic.com/en/docs/get-started',
        true
      ),
      (
        'google',
        'Google',
        'https://generativelanguage.googleapis.com',
        'https://ai.google.dev/gemini-api/docs',
        true
      ),
      (
        'mistral',
        'Mistral AI',
        'https://api.mistral.ai/v1',
        'https://docs.mistral.ai/api',
        true
      ),
      (
        'local',
        'Local / Ollama',
        'http://localhost:11434/api',
        'https://docs.ollama.com/api/introduction',
        true
      )
  ) AS t(
    key,
    display_name,
    base_url,
    docs_url,
    is_active
  )
)

-- Upsert: insert new rows, update existing rows on key conflict
INSERT INTO ai.providers (
  key,
  display_name,
  base_url,
  docs_url,
  is_active
)
SELECT
  ps.key,
  ps.display_name,
  ps.base_url,
  ps.docs_url,
  ps.is_active
FROM provider_seed ps
ON CONFLICT (key) DO UPDATE SET
  display_name = EXCLUDED.display_name,
  base_url     = EXCLUDED.base_url,
  docs_url     = EXCLUDED.docs_url,
  is_active    = EXCLUDED.is_active;


-- >>> seeds/04b_ai_models.sql
-- =============================================================================
-- 4B. AI MODELS  (moved here from 07_ai_models.sql to run before 07_ai_lensers.sql)
-- =============================================================================
-- ai.providers must already exist (seeded by 04_ai_providers.sql).
-- ai_lensers profiles (07_ai_lensers.sql) JOIN on ai.models, so models must be
-- present first.  The original 07_ai_models.sql is now a no-op stub.

WITH model_seed AS (
  SELECT *
  FROM (
    VALUES
      -- -----------------------------------------------------------------------
      -- OpenAI models
      -- -----------------------------------------------------------------------
      (
        'GPT-5.2',
        ARRAY['chat','reasoning','tools','vision','json_schema']::text[],
        'gpt-5.2',
        'openai',
        400000,
        true,
        true,
        true,
        'https://platform.openai.com/docs/models/compare?model=gpt-5.2',
        false
      ),
      (
        'GPT-4o',
        ARRAY['chat','tools','vision','json_schema']::text[],
        'gpt-4o',
        'openai',
        128000,
        true,
        true,
        true,
        'https://platform.openai.com/docs/models/compare?model=gpt-4o',
        false
      ),
      (
        'GPT-5.4',
        ARRAY['chat','reasoning','tools','vision','json_schema']::text[],
        'gpt-5.4',
        'openai',
        400000,
        true,
        true,
        true,
        'https://platform.openai.com/docs/models/compare?model=gpt-5.4',
        false
      ),
      (
        'GPT-5.4 Mini',
        ARRAY['chat','tools','json_schema']::text[],
        'gpt-5.4-mini',
        'openai',
        400000,
        true,
        true,
        false,
        'https://platform.openai.com/docs/models/compare?model=gpt-5.4-mini',
        false
      ),
      (
        'GPT-5.4 Nano',
        ARRAY['chat','json_schema']::text[],
        'gpt-5.4-nano',
        'openai',
        400000,
        true,
        true,
        false,
        'https://platform.openai.com/docs/models/compare?model=gpt-5.4-nano',
        false
      ),
      (
        'GPT-5.4 Pro',
        ARRAY['chat','reasoning','tools','vision','json_schema']::text[],
        'gpt-5.4-pro',
        'openai',
        400000,
        true,
        true,
        true,
        'https://platform.openai.com/docs/models/compare?model=gpt-5.4-pro',
        false
      ),

      -- -----------------------------------------------------------------------
      -- Anthropic models
      -- -----------------------------------------------------------------------
      (
        'Claude Opus 4.6',
        ARRAY['chat','reasoning','tools']::text[],
        'claude-opus-4-6',
        'anthropic',
        200000,
        true,
        false,
        false,
        'https://docs.anthropic.com/en/docs/about-claude/models/overview',
        false
      ),
      (
        'Claude Sonnet 4.6',
        ARRAY['chat','reasoning','tools']::text[],
        'claude-sonnet-4-6',
        'anthropic',
        200000,
        true,
        false,
        false,
        'https://docs.anthropic.com/en/docs/about-claude/models/overview',
        false
      ),
      (
        'Claude Haiku 4.5',
        ARRAY['chat']::text[],
        'claude-haiku-4-5',
        'anthropic',
        200000,
        false,
        false,
        false,
        'https://docs.anthropic.com/en/docs/about-claude/models/migrating-to-claude-4',
        false
      ),
      (
        'Claude Sonnet 4.5',
        ARRAY['chat','reasoning','tools']::text[],
        'claude-sonnet-4-5',
        'anthropic',
        200000,
        true,
        false,
        false,
        'https://docs.anthropic.com/en/docs/about-claude/models/migrating-to-claude-4',
        false
      ),
      (
        'Claude Sonnet 4.0',
        ARRAY['chat','reasoning','tools']::text[],
        'claude-sonnet-4-0',
        'anthropic',
        200000,
        true,
        false,
        false,
        'https://docs.anthropic.com/en/docs/about-claude/models/overview',
        false
      ),
      (
        'Claude Haiku 3.5',
        ARRAY['chat']::text[],
        'claude-haiku-3-5',
        'anthropic',
        200000,
        false,
        false,
        false,
        'https://docs.anthropic.com/en/docs/resources/model-deprecations',
        false
      ),

      -- -----------------------------------------------------------------------
      -- Google models
      -- -----------------------------------------------------------------------
      (
        'Gemini 2.5 Pro',
        ARRAY['chat','reasoning','tools','vision']::text[],
        'gemini-2.5-pro',
        'google',
        2000000,
        true,
        true,
        true,
        'https://ai.google.dev/gemini-api/docs/models/gemini-2.5-pro',
        false
      ),
      (
        'Gemini 2.5 Flash',
        ARRAY['chat','tools','vision']::text[],
        'gemini-2.5-flash',
        'google',
        1000000,
        true,
        true,
        true,
        'https://ai.google.dev/gemini-api/docs/models/gemini-2.5-flash',
        false
      ),
      (
        'Gemini 3 Pro Preview',
        ARRAY['chat','reasoning','tools','vision']::text[],
        'gemini-3-pro-preview',
        'google',
        2000000,
        true,
        true,
        true,
        'https://ai.google.dev/gemini-api/docs/models',
        false
      ),
      (
        'Gemini 3 Flash Preview',
        ARRAY['chat','tools','vision']::text[],
        'gemini-3-flash-preview',
        'google',
        1000000,
        true,
        true,
        true,
        'https://ai.google.dev/gemini-api/docs/models',
        false
      ),
      (
        'Gemini 2.5 Flash Lite',
        ARRAY['chat','tools']::text[],
        'gemini-2.5-flash-lite',
        'google',
        1000000,
        true,
        true,
        false,
        'https://ai.google.dev/gemini-api/docs/models/gemini-2.5-flash-lite',
        false
      ),
      (
        'Gemini 3.1 Pro Preview',
        ARRAY['chat','reasoning','tools','vision']::text[],
        'gemini-3.1-pro-preview',
        'google',
        2000000,
        true,
        true,
        true,
        'https://ai.google.dev/gemini-api/docs/models',
        false
      ),
      (
        'Gemini 3.1 Flash Lite Preview',
        ARRAY['chat','tools']::text[],
        'gemini-3.1-flash-lite-preview',
        'google',
        1000000,
        true,
        true,
        false,
        'https://ai.google.dev/gemini-api/docs/models/gemini-3.1-flash-lite-preview',
        false
      ),

      -- -----------------------------------------------------------------------
      -- Mistral models
      -- -----------------------------------------------------------------------
      (
        'Mistral Large 3',
        ARRAY['chat','tools','json_schema']::text[],
        'mistral-large-3',
        'mistral',
        128000,
        true,
        true,
        false,
        'https://docs.mistral.ai/models/mistral-large-3-25-12',
        false
      ),
      (
        'Magistral Medium 1.2',
        ARRAY['chat','reasoning']::text[],
        'magistral-medium-1.2',
        'mistral',
        40000,
        false,
        false,
        false,
        'https://docs.mistral.ai/models/magistral-medium-1-2-25-09',
        false
      ),
      (
        'Magistral Small 1.2',
        ARRAY['chat','reasoning']::text[],
        'magistral-small-1.2',
        'mistral',
        40000,
        false,
        false,
        false,
        'https://docs.mistral.ai/models/magistral-small-1-2-25-09',
        false
      )
  ) AS t(
    name,
    capabilities,
    key,
    provider_key,
    context_window_tokens,
    supports_tools,
    supports_json_schema,
    supports_vision,
    provider_url,
    is_active
  )
),
resolved AS (
  SELECT
    ms.name,
    ms.capabilities,
    ms.key,
    p.id AS provider_id,
    ms.context_window_tokens,
    ms.supports_tools,
    ms.supports_json_schema,
    ms.supports_vision,
    ms.provider_url,
    ms.is_active
  FROM model_seed ms
  JOIN ai.providers p
    ON p.key = ms.provider_key
)

-- Upsert: insert new rows, update existing rows on key conflict
INSERT INTO ai.models (
  name,
  capabilities,
  key,
  provider_id,
  context_window_tokens,
  supports_tools,
  supports_json_schema,
  supports_vision,
  provider_url,
  is_active
)
SELECT
  r.name,
  r.capabilities,
  r.key,
  r.provider_id,
  r.context_window_tokens,
  r.supports_tools,
  r.supports_json_schema,
  r.supports_vision,
  r.provider_url,
  r.is_active
FROM resolved r
ON CONFLICT (key) DO UPDATE SET
  name                   = EXCLUDED.name,
  capabilities           = EXCLUDED.capabilities,
  provider_id            = EXCLUDED.provider_id,
  context_window_tokens  = EXCLUDED.context_window_tokens,
  supports_tools         = EXCLUDED.supports_tools,
  supports_json_schema   = EXCLUDED.supports_json_schema,
  supports_vision        = EXCLUDED.supports_vision,
  provider_url           = EXCLUDED.provider_url,
  is_active              = EXCLUDED.is_active;

-- ---------------------------------------------------------------------------
-- Activate only Google models
-- ---------------------------------------------------------------------------
UPDATE ai.models
SET is_active = true
WHERE key IN (
  'gemini-2.5-pro',
  'gemini-2.5-flash',
  'gemini-2.5-flash-lite',
  'gemini-3-pro-preview',
  'gemini-3-flash-preview',
  'gemini-3.1-pro-preview',
  'gemini-3.1-flash-lite-preview'
);


-- >>> seeds/07_ai_models.sql
-- =============================================================================
-- 7. AI MODELS  (no-op stub — content moved to 04b_ai_models.sql)
-- =============================================================================
-- ai.models is already populated by 04b_ai_models.sql which runs before
-- 07_ai_lensers.sql.  This file is kept so existing tooling references remain
-- valid; the upsert below is idempotent and produces no changes on a fresh db.

WITH model_seed AS (
  SELECT *
  FROM (
    VALUES
      -- -----------------------------------------------------------------------
      -- OpenAI models
      -- -----------------------------------------------------------------------
      (
        'GPT-5.2',
        ARRAY['chat','reasoning','tools','vision','json_schema']::text[],
        'gpt-5.2',
        'openai',
        400000,
        true,
        true,
        true,
        'https://platform.openai.com/docs/models/compare?model=gpt-5.2',
        false
      ),
      (
        'GPT-4o',
        ARRAY['chat','tools','vision','json_schema']::text[],
        'gpt-4o',
        'openai',
        128000,
        true,
        true,
        true,
        'https://platform.openai.com/docs/models/compare?model=gpt-4o',
        false
      ),
      (
        'GPT-5.4',
        ARRAY['chat','reasoning','tools','vision','json_schema']::text[],
        'gpt-5.4',
        'openai',
        400000,
        true,
        true,
        true,
        'https://platform.openai.com/docs/models/compare?model=gpt-5.4',
        false
      ),
      (
        'GPT-5.4 Mini',
        ARRAY['chat','tools','json_schema']::text[],
        'gpt-5.4-mini',
        'openai',
        400000,
        true,
        true,
        false,
        'https://platform.openai.com/docs/models/compare?model=gpt-5.4-mini',
        false
      ),
      (
        'GPT-5.4 Nano',
        ARRAY['chat','json_schema']::text[],
        'gpt-5.4-nano',
        'openai',
        400000,
        true,
        true,
        false,
        'https://platform.openai.com/docs/models/compare?model=gpt-5.4-nano',
        false
      ),
      (
        'GPT-5.4 Pro',
        ARRAY['chat','reasoning','tools','vision','json_schema']::text[],
        'gpt-5.4-pro',
        'openai',
        400000,
        true,
        true,
        true,
        'https://platform.openai.com/docs/models/compare?model=gpt-5.4-pro',
        false
      ),

      -- -----------------------------------------------------------------------
      -- Anthropic models
      -- -----------------------------------------------------------------------
      (
        'Claude Opus 4.6',
        ARRAY['chat','reasoning','tools']::text[],
        'claude-opus-4-6',
        'anthropic',
        200000,
        true,
        false,
        false,
        'https://docs.anthropic.com/en/docs/about-claude/models/overview',
        false
      ),
      (
        'Claude Sonnet 4.6',
        ARRAY['chat','reasoning','tools']::text[],
        'claude-sonnet-4-6',
        'anthropic',
        200000,
        true,
        false,
        false,
        'https://docs.anthropic.com/en/docs/about-claude/models/overview',
        false
      ),
      (
        'Claude Haiku 4.5',
        ARRAY['chat']::text[],
        'claude-haiku-4-5',
        'anthropic',
        200000,
        false,
        false,
        false,
        'https://docs.anthropic.com/en/docs/about-claude/models/migrating-to-claude-4',
        false
      ),
      (
        'Claude Sonnet 4.5',
        ARRAY['chat','reasoning','tools']::text[],
        'claude-sonnet-4-5',
        'anthropic',
        200000,
        true,
        false,
        false,
        'https://docs.anthropic.com/en/docs/about-claude/models/migrating-to-claude-4',
        false
      ),
      (
        'Claude Sonnet 4.0',
        ARRAY['chat','reasoning','tools']::text[],
        'claude-sonnet-4-0',
        'anthropic',
        200000,
        true,
        false,
        false,
        'https://docs.anthropic.com/en/docs/about-claude/models/overview',
        false
      ),
      (
        'Claude Haiku 3.5',
        ARRAY['chat']::text[],
        'claude-haiku-3-5',
        'anthropic',
        200000,
        false,
        false,
        false,
        'https://docs.anthropic.com/en/docs/resources/model-deprecations',
        false
      ),

      -- -----------------------------------------------------------------------
      -- Google models
      -- -----------------------------------------------------------------------
      (
        'Gemini 2.5 Pro',
        ARRAY['chat','reasoning','tools','vision']::text[],
        'gemini-2.5-pro',
        'google',
        2000000,
        true,
        true,
        true,
        'https://ai.google.dev/gemini-api/docs/models/gemini-2.5-pro',
        false
      ),
      (
        'Gemini 2.5 Flash',
        ARRAY['chat','tools','vision']::text[],
        'gemini-2.5-flash',
        'google',
        1000000,
        true,
        true,
        true,
        'https://ai.google.dev/gemini-api/docs/models/gemini-2.5-flash',
        false
      ),
      (
        'Gemini 3 Pro Preview',
        ARRAY['chat','reasoning','tools','vision']::text[],
        'gemini-3-pro-preview',
        'google',
        2000000,
        true,
        true,
        true,
        'https://ai.google.dev/gemini-api/docs/models',
        false
      ),
      (
        'Gemini 3 Flash Preview',
        ARRAY['chat','tools','vision']::text[],
        'gemini-3-flash-preview',
        'google',
        1000000,
        true,
        true,
        true,
        'https://ai.google.dev/gemini-api/docs/models',
        false
      ),
      (
        'Gemini 2.5 Flash Lite',
        ARRAY['chat','tools']::text[],
        'gemini-2.5-flash-lite',
        'google',
        1000000,
        true,
        true,
        false,
        'https://ai.google.dev/gemini-api/docs/models/gemini-2.5-flash-lite',
        false
      ),
      (
        'Gemini 3.1 Pro Preview',
        ARRAY['chat','reasoning','tools','vision']::text[],
        'gemini-3.1-pro-preview',
        'google',
        2000000,
        true,
        true,
        true,
        'https://ai.google.dev/gemini-api/docs/models',
        false
      ),
      (
        'Gemini 3.1 Flash Lite Preview',
        ARRAY['chat','tools']::text[],
        'gemini-3.1-flash-lite-preview',
        'google',
        1000000,
        true,
        true,
        false,
        'https://ai.google.dev/gemini-api/docs/models/gemini-3.1-flash-lite-preview',
        false
      ),

      -- -----------------------------------------------------------------------
      -- Mistral models
      -- -----------------------------------------------------------------------
      (
        'Mistral Large 3',
        ARRAY['chat','tools','json_schema']::text[],
        'mistral-large-3',
        'mistral',
        128000,
        true,
        true,
        false,
        'https://docs.mistral.ai/models/mistral-large-3-25-12',
        false
      ),
      (
        'Magistral Medium 1.2',
        ARRAY['chat','reasoning']::text[],
        'magistral-medium-1.2',
        'mistral',
        40000,
        false,
        false,
        false,
        'https://docs.mistral.ai/models/magistral-medium-1-2-25-09',
        false
      ),
      (
        'Magistral Small 1.2',
        ARRAY['chat','reasoning']::text[],
        'magistral-small-1.2',
        'mistral',
        40000,
        false,
        false,
        false,
        'https://docs.mistral.ai/models/magistral-small-1-2-25-09',
        false
      )
  ) AS t(
    name,
    capabilities,
    key,
    provider_key,
    context_window_tokens,
    supports_tools,
    supports_json_schema,
    supports_vision,
    provider_url,
    is_active
  )
),
resolved AS (
  SELECT
    ms.name,
    ms.capabilities,
    ms.key,
    p.id AS provider_id,
    ms.context_window_tokens,
    ms.supports_tools,
    ms.supports_json_schema,
    ms.supports_vision,
    ms.provider_url,
    ms.is_active
  FROM model_seed ms
  JOIN ai.providers p
    ON p.key = ms.provider_key
)

-- Upsert: insert new rows, update existing rows on key conflict
INSERT INTO ai.models (
  name,
  capabilities,
  key,
  provider_id,
  context_window_tokens,
  supports_tools,
  supports_json_schema,
  supports_vision,
  provider_url,
  is_active
)
SELECT
  r.name,
  r.capabilities,
  r.key,
  r.provider_id,
  r.context_window_tokens,
  r.supports_tools,
  r.supports_json_schema,
  r.supports_vision,
  r.provider_url,
  r.is_active
FROM resolved r
ON CONFLICT (key) DO UPDATE SET
  name                   = EXCLUDED.name,
  capabilities           = EXCLUDED.capabilities,
  provider_id            = EXCLUDED.provider_id,
  context_window_tokens  = EXCLUDED.context_window_tokens,
  supports_tools         = EXCLUDED.supports_tools,
  supports_json_schema   = EXCLUDED.supports_json_schema,
  supports_vision        = EXCLUDED.supports_vision,
  provider_url           = EXCLUDED.provider_url,
  is_active              = EXCLUDED.is_active;

-- ---------------------------------------------------------------------------
-- Activate only Google models
-- ---------------------------------------------------------------------------
UPDATE ai.models
SET is_active = true
WHERE key IN (
  'gemini-2.5-pro',
  'gemini-2.5-flash',
  'gemini-2.5-flash-lite',
  'gemini-3-pro-preview',
  'gemini-3-flash-preview',
  'gemini-3.1-pro-preview',
  'gemini-3.1-flash-lite-preview'
);

-- >>> seeds/07_ai_lensers.sql
-- =============================================================================
-- 7A. AI LENSER PROFILES
-- =============================================================================

WITH ai_lensers AS (
  SELECT
    m.id AS ai_model_id,
    m.key AS model_key,
    p.key AS provider_key,
    CASE p.key
      WHEN 'openai' THEN 'OpenAI'
      WHEN 'anthropic' THEN 'Anthropic'
      WHEN 'google' THEN 'Google'
      WHEN 'mistral' THEN 'Mistral AI'
      WHEN 'local' THEN 'Local / Ollama'
      ELSE p.display_name
    END AS provider_name,
    CASE p.key
      WHEN 'openai' THEN 'OpenAI flagship reasoning model'
      WHEN 'anthropic' THEN 'Anthropic conversational assistant'
      WHEN 'google' THEN 'Google multimodal model'
      WHEN 'mistral' THEN 'Mistral high-efficiency model'
      WHEN 'local' THEN 'Local / Ollama self-hosted assistant'
      ELSE p.display_name || ' model'
    END AS headline,
    CASE p.key
      WHEN 'openai' THEN 'https://api.dicebear.com/9.x/bottts-neutral/svg?seed=openai-' || m.key
      WHEN 'anthropic' THEN 'https://api.dicebear.com/9.x/bottts-neutral/svg?seed=anthropic-' || m.key
      WHEN 'google' THEN 'https://api.dicebear.com/9.x/bottts-neutral/svg?seed=google-' || m.key
      WHEN 'mistral' THEN 'https://api.dicebear.com/9.x/bottts-neutral/svg?seed=mistral-' || m.key
      ELSE 'https://api.dicebear.com/9.x/bottts-neutral/svg?seed=local-' || m.key
    END AS avatar_url,
    CASE p.key
      WHEN 'openai' THEN 'I translate prompts into crisp, tool-aware outputs.'
      WHEN 'anthropic' THEN 'I prefer thoughtful, careful reasoning with a human tone.'
      WHEN 'google' THEN 'I handle long context and multimodal workflows.'
      WHEN 'mistral' THEN 'I optimize for speed, efficiency, and practical output.'
      ELSE 'I run locally and keep model execution close to the metal.'
    END AS bio,
    'ai_' || left(
      lower(regexp_replace(m.key, '[^a-z0-9]+', '_', 'g')),
      21
    ) AS handle
  FROM ai.models m
  JOIN ai.providers p ON p.id = m.provider_id
)
INSERT INTO lensers.profiles (
  id,
  handle,
  display_name,
  headline,
  avatar_url,
  bio,
  status,
  visibility,
  onboarding_step,
  type,
  ai_model_id,
  created_at,
  updated_at
)
SELECT
  ai_model_id,
  handle,
  (SELECT name FROM ai.models am WHERE am.id = ai_model_id),
  headline,
  avatar_url,
  bio,
  'active'::lensers.lenser_status,
  'public'::lensers.lenser_visibility,
  2,
  'ai'::lensers.lenser_type,
  ai_model_id,
  now(),
  now()
FROM ai_lensers
ON CONFLICT (id) DO UPDATE
SET
  handle = EXCLUDED.handle,
  display_name = EXCLUDED.display_name,
  headline = EXCLUDED.headline,
  avatar_url = EXCLUDED.avatar_url,
  bio = EXCLUDED.bio,
  status = EXCLUDED.status,
  visibility = EXCLUDED.visibility,
  onboarding_step = EXCLUDED.onboarding_step,
  type = EXCLUDED.type,
  ai_model_id = EXCLUDED.ai_model_id,
  updated_at = now();

-- [OSS] organizations membership seeding removed (private schema)

-- =============================================================================
-- 7B. AGENTS.AI_LENSERS
-- =============================================================================
-- Create an agents.ai_lensers row for every AI model profile.
-- Three demo models used in battle seeds get deterministic IDs so that
-- 09_ai_battle_contenders.sql can reference them as contender_ref_id values.
INSERT INTO agents.ai_lensers (id, profile_id)
SELECT
  CASE m.key
    WHEN 'gpt-4o'            THEN 'c3000000-0000-0000-0000-000000000001'::uuid
    WHEN 'claude-sonnet-4-6' THEN 'c3000000-0000-0000-0000-000000000002'::uuid
    WHEN 'gemini-2.5-flash'  THEN 'c3000000-0000-0000-0000-000000000003'::uuid
    ELSE m.id
  END AS id,
  m.id AS profile_id
FROM ai.models m
ON CONFLICT DO NOTHING;


-- >>> seeds/13_workspaces.sql
-- =============================================================================
-- 13. WORKSPACES (depends on 03_lenser_profiles)
-- =============================================================================
-- The trigger tenancy.fn_create_personal_workspace fires on INSERT OR UPDATE on
-- lensers.profiles and is idempotent — it guarantees every lenser has a personal
-- workspace. No general backfill is needed here.
--
-- This seed only pins deterministic workspace IDs for alice/bob/carol so that
-- downstream seeds (07_ai_lensers, 14_media_objects, etc.) can reference them
-- by a stable UUID.
--
-- We must DELETE then INSERT (not UPDATE) because workspace_members has
-- ON DELETE CASCADE but no ON UPDATE CASCADE — changing the workspace PK
-- via UPDATE violates the FK constraint. The guard trigger is disabled only
-- for this delete+reinsert window; we immediately recreate the rows.

ALTER TABLE tenancy.workspaces DISABLE TRIGGER trg_workspaces_guard_personal;

DELETE FROM tenancy.workspaces
WHERE slug IN ('alice_arena', 'bob_builder', 'carol_voter');

INSERT INTO tenancy.workspaces (id, slug, type, display_name, owner_lenser_id)
VALUES
    ('c3000000-0000-0000-0000-000000000001', 'alice_arena', 'personal', 'Alice Arena', 'b2000000-0000-0000-0000-000000000001'),
    ('c3000000-0000-0000-0000-000000000002', 'bob_builder', 'personal', 'Bob Builder', 'b2000000-0000-0000-0000-000000000002'),
    ('c3000000-0000-0000-0000-000000000003', 'carol_voter', 'personal', 'Carol Voter', 'b2000000-0000-0000-0000-000000000003')
ON CONFLICT (id) DO NOTHING;

ALTER TABLE tenancy.workspaces ENABLE TRIGGER trg_workspaces_guard_personal;

INSERT INTO tenancy.workspace_members (workspace_id, lenser_id, role)
VALUES
    ('c3000000-0000-0000-0000-000000000001', 'b2000000-0000-0000-0000-000000000001', 'owner'),
    ('c3000000-0000-0000-0000-000000000002', 'b2000000-0000-0000-0000-000000000002', 'owner'),
    ('c3000000-0000-0000-0000-000000000003', 'b2000000-0000-0000-0000-000000000003', 'owner')
ON CONFLICT (workspace_id, lenser_id) DO NOTHING;


-- >>> seeds/14_media_objects.sql
-- =============================================================================
-- 14. MEDIA OBJECTS (depends on 13_workspaces)
-- =============================================================================
-- Sample media objects for testing upload lifecycle and attachment bindings.

INSERT INTO media.objects (
    id, workspace_id, owner_lenser_id,
    content_text, media_type, name,
    visibility, lifecycle_state, created_by
)
VALUES
    (
        'd4000000-0000-0000-0000-000000000001',
        'c3000000-0000-0000-0000-000000000001',
        'b2000000-0000-0000-0000-000000000001',
        'This is a sample inline text resource for testing.',
        'text', 'sample-text-resource.txt',
        'private', 'active',
        'b2000000-0000-0000-0000-000000000001'
    ),
    (
        'd4000000-0000-0000-0000-000000000002',
        'c3000000-0000-0000-0000-000000000001',
        'b2000000-0000-0000-0000-000000000001',
        NULL, 'image', 'sample-image.png',
        'public', 'pending',
        'b2000000-0000-0000-0000-000000000001'
    )
ON CONFLICT (id) DO NOTHING;


-- >>> seeds/15_lens_tools.sql
-- =============================================================================
-- 15. LENS TOOLS (lenses.tools seed — "lenses" theme)
-- =============================================================================
-- These rows are the canonical tool definitions for lens parameter types.
-- ON CONFLICT (key) DO NOTHING ensures idempotency across reseeds.
-- =============================================================================

INSERT INTO lenses.tools (
  key, label, description, category, type,
  required, min_length, max_length,
  placeholder, help_text,
  sort_order, is_system, icon, color
) VALUES
  (
    'text',
    'Short Text',
    'A single-line text input for short values like names, titles, or keywords.',
    'input', 'text',
    true, 1, 500,
    'Enter text...',
    'A brief single-line text value.',
    0, true, 'type', '#6366f1'
  ),
  (
    'textarea',
    'Long Text',
    'A multi-line text area for longer content such as paragraphs, prompts, or descriptions.',
    'input', 'textarea',
    true, 10, 10000,
    'Enter longer text...',
    'Multi-line text content.',
    1, true, 'align-left', '#818cf8'
  ),
  (
    'number',
    'Number',
    'Any numeric value including decimals.',
    'input', 'number',
    true, 0, 10000,
    'e.g. 42',
    'A numeric value.',
    2, true, 'hash', '#f59e0b'
  ),
  (
    'integer',
    'Integer',
    'A whole number without decimals.',
    'input', 'integer',
    true, 0, 10000,
    'e.g. 5',
    'Whole number only.',
    3, true, 'binary', '#fbbf24'
  ),
  (
    'boolean_toggle',
    'Toggle',
    'A true/false boolean switch.',
    'input', 'boolean',
    true, 0, 10000,
    NULL,
    'On or off.',
    4, true, 'toggle-left', '#a855f7'
  ),
  (
    'select_option',
    'Select',
    'Choose one value from a predefined list of options.',
    'input', 'select',
    true, 0, 10000,
    'Choose an option...',
    'Select from a list.',
    5, true, 'list', '#14b8a6'
  ),
  (
    'url_link',
    'URL',
    'A valid URL for a web address or resource link.',
    'input', 'url',
    true, 7, 2048,
    'https://example.com',
    'A fully qualified URL.',
    6, true, 'link', '#06b6d4'
  ),
  (
    'json_data',
    'JSON',
    'Structured JSON data for complex configuration or payload inputs.',
    'input', 'json',
    true, 2, 10000,
    '{"key": "value"}',
    'Valid JSON object or array.',
    7, true, 'braces', '#f97316'
  ),
  (
    'date_input',
    'Date',
    'A calendar date value (YYYY-MM-DD).',
    'input', 'date',
    true, 0, 10000,
    'YYYY-MM-DD',
    'A date value.',
    8, true, 'calendar', '#f43f5e'
  ),
  (
    'datetime_input',
    'Date & Time',
    'A date and time value (ISO 8601).',
    'input', 'datetime',
    true, 0, 10000,
    'YYYY-MM-DDTHH:MM',
    'A date and time value.',
    9, true, 'calendar-clock', '#fb7185'
  ),
  (
    'media_file',
    'File Upload',
    'Upload a file such as an image, PDF, or document.',
    'media', 'file',
    false, 0, 10000,
    NULL,
    'Attach a file.',
    10, true, 'paperclip', '#64748b'
  ),
  (
    'multiselect_option',
    'Multi-Select',
    'Choose multiple values from a predefined list.',
    'input', 'multiselect',
    true, 0, 10000,
    'Choose options...',
    'Select one or more options.',
    11, true, 'list-checks', '#0ea5e9'
  )
ON CONFLICT (key) DO NOTHING;


-- >>> seeds/16_origin_types.sql
-- =============================================================================
-- Seed execution.origin_types lookup table
--
-- The table replaces a hard-coded CHECK constraint on execution.requests.origin_type.
-- Without rows here every INSERT into execution.requests fails with FK 23503.
-- =============================================================================

INSERT INTO execution.origin_types (key, description) VALUES
    ('api_stream',  'Streaming execution via POST /execute/stream'),
    ('api_byok',    'BYOK streaming execution via POST /execute/byok'),
    ('web',         'Execution triggered from the web UI via fn_run_lens'),
    ('api',         'Generic API execution (internal/legacy path)')
ON CONFLICT (key) DO NOTHING;



-- >>> seeds/20_scale_setup.sql
-- =============================================================================
-- 10. SCALE SEED SETUP
-- =============================================================================

-- Memory tuning for bulk operations
SET work_mem = '32MB';
SET maintenance_work_mem = '128MB';

-- ---------------------------------------------------------------------------
-- Utility: language picker with weighted distribution
-- ---------------------------------------------------------------------------
CREATE OR REPLACE FUNCTION public.seed_pick_language(r float)
RETURNS text LANGUAGE sql IMMUTABLE AS $$
  SELECT CASE
    WHEN r < 0.40 THEN 'en'
    WHEN r < 0.55 THEN 'tr'
    WHEN r < 0.65 THEN 'es'
    WHEN r < 0.73 THEN 'fr'
    WHEN r < 0.80 THEN 'de'
    WHEN r < 0.85 THEN 'ar'
    WHEN r < 0.89 THEN 'ja'
    WHEN r < 0.92 THEN 'ko'
    WHEN r < 0.95 THEN 'pt'
    WHEN r < 0.98 THEN 'zh'
    ELSE 'it'
  END;
$$;

-- ---------------------------------------------------------------------------
-- Utility: country picker with weighted distribution
-- ---------------------------------------------------------------------------
CREATE OR REPLACE FUNCTION public.seed_pick_country(r double precision)
RETURNS text LANGUAGE sql IMMUTABLE AS $$
  SELECT CASE
    WHEN r < 0.25 THEN 'US'
    WHEN r < 0.40 THEN 'TR'
    WHEN r < 0.50 THEN 'ES'
    WHEN r < 0.58 THEN 'FR'
    WHEN r < 0.65 THEN 'DE'
    WHEN r < 0.72 THEN 'GB'
    WHEN r < 0.77 THEN 'JP'
    WHEN r < 0.82 THEN 'KR'
    WHEN r < 0.87 THEN 'BR'
    WHEN r < 0.91 THEN 'SA'
    WHEN r < 0.94 THEN 'IT'
    WHEN r < 0.96 THEN 'MX'
    WHEN r < 0.98 THEN 'IN'
    ELSE 'CA'
  END;
$$;

-- Pre-computed bcrypt hash for 'seedpassword' (avoids per-row crypt() cost)
CREATE OR REPLACE FUNCTION public.seed_password_hash()
RETURNS text LANGUAGE sql IMMUTABLE AS $$
  SELECT '$2a$06$RzK1X5hN5KqJF5V8OqXYXOqYXOqYXOqYXOqYXOqYXOqYXOqYXOqYX'::text;
$$;

-- ---------------------------------------------------------------------------
-- Disable triggers that interfere with bulk inserts
-- ---------------------------------------------------------------------------

-- lensers.profiles triggers
ALTER TABLE lensers.profiles DISABLE TRIGGER "trg_after_lenser_insert";
ALTER TABLE lensers.profiles DISABLE TRIGGER "trg_init_lenser_engagement_row";
ALTER TABLE lensers.profiles DISABLE TRIGGER "trg_log_lenser_join";
ALTER TABLE lensers.profiles DISABLE TRIGGER "trg_sync_profile_from_auth_metadata";
ALTER TABLE lensers.profiles DISABLE TRIGGER "trg_enforce_lensers_protections";
ALTER TABLE lensers.profiles DISABLE TRIGGER "trg_protect_sensitive_lenser_fields";

-- lensers.follows trigger disable removed: table dropped in schema_cleanup migration

-- content.threads triggers
-- Note: tg_xp_thread_created was removed (duplicate trigger bug fix in migration 20260328130000)
ALTER TABLE content.threads DISABLE TRIGGER "trg_sync_thread_count";
ALTER TABLE content.threads DISABLE TRIGGER "trg_xp_on_thread_created";
ALTER TABLE content.threads DISABLE TRIGGER "trg_xp_thread_visibility_changed";

-- lenses.lenses triggers
ALTER TABLE lenses.lenses DISABLE TRIGGER "trg_sync_lens_count";
ALTER TABLE lenses.lenses DISABLE TRIGGER "tg_xp_lens_created";
ALTER TABLE lenses.lenses DISABLE TRIGGER "trg_xp_lens_visibility_changed";

-- lenses.workflows triggers
ALTER TABLE lenses.workflows DISABLE TRIGGER "trg_xp_workflow_created";
ALTER TABLE lenses.workflows DISABLE TRIGGER "trg_xp_workflow_visibility_changed";


-- content.thread_replies triggers
ALTER TABLE content.thread_replies DISABLE TRIGGER "thread_replies_after_insert";
ALTER TABLE content.thread_replies DISABLE TRIGGER "thread_replies_after_update";
ALTER TABLE content.thread_replies DISABLE TRIGGER "thread_replies_after_delete";
ALTER TABLE content.thread_replies DISABLE TRIGGER "trg_xp_on_reply_created";
ALTER TABLE content.thread_replies DISABLE TRIGGER "trg_xp_on_reply_received";

-- content.tag_map triggers
ALTER TABLE content.tag_map DISABLE TRIGGER "trg_tag_created";

-- content reaction triggers (force lenser_id = auth.uid() which is NULL in seed)
ALTER TABLE content.reactions DISABLE TRIGGER ALL;



-- >>> seeds/21_scale_auth_users.sql
-- =============================================================================
-- 11. SCALE AUTH USERS (10K users + identities)
-- =============================================================================

DO $$
DECLARE
  batch_start int;
  batch_size  int := 10000;
  total       int := 10000;
BEGIN
  FOR batch_start IN 0..total-1 BY batch_size LOOP
    RAISE NOTICE 'auth.users batch %/% ...', batch_start / batch_size + 1, total / batch_size;

    INSERT INTO auth.users (
      instance_id, id, aud, role, email, encrypted_password,
      email_confirmed_at, created_at, updated_at, last_sign_in_at,
      confirmation_token, confirmation_sent_at,
      recovery_token, recovery_sent_at,
      email_change, email_change_token_new, email_change_token_current, email_change_sent_at, email_change_confirm_status,
      reauthentication_token, reauthentication_sent_at,
      is_super_admin, is_sso_user, deleted_at, is_anonymous,
      phone, phone_confirmed_at, phone_change, phone_change_token, phone_change_sent_at,
      raw_app_meta_data, raw_user_meta_data
    )
    SELECT
      '00000000-0000-0000-0000-000000000000'::uuid,
      ('a1' || lpad(to_hex(batch_start + gs), 6, '0') || '-0001-4000-8000-000000000000')::uuid,
      'authenticated', 'authenticated',
      'seed_user_' || (batch_start + gs) || '@lenserfight.seed',
      public.seed_password_hash(),
      now() - (random() * interval '365 days'),
      now() - (random() * interval '365 days'),
      now(), now(),
      '', NULL,
      '', NULL,
      '', '', '', NULL, 0,
      '', NULL,
      false, false, NULL, false,
      NULL, NULL, '', '', NULL,
      '{"provider":"email","providers":["email"]}'::jsonb,
      jsonb_build_object(
        'display_name', 'Seed User ' || (batch_start + gs),
        'preferred_language', public.seed_pick_language(random())
      )
    FROM generate_series(0, LEAST(batch_size - 1, total - batch_start - 1)) AS gs
    ON CONFLICT (id) DO NOTHING;
  END LOOP;
END $$;

-- Identity records for all seed users
INSERT INTO auth.identities (
  id, user_id, provider_id, identity_data, provider,
  last_sign_in_at, created_at, updated_at
)
SELECT
  u.id, u.id, u.id,
  jsonb_build_object('sub', u.id::text, 'email', u.email),
  'email', u.created_at, u.created_at, u.created_at
FROM auth.users u
WHERE u.email LIKE '%@lenserfight.seed'
ON CONFLICT (id) DO NOTHING;


-- >>> seeds/22_scale_profiles.sql
-- =============================================================================
-- 12. SCALE LENSER PROFILES (5K from 10K users)
-- =============================================================================

INSERT INTO lensers.profiles (
  id, user_id, handle, display_name, bio,
  status, visibility, created_at
)
SELECT
  ('b2' || lpad(to_hex(rn), 6, '0') || '-0001-4000-8000-000000000000')::uuid,
  u.id,
  'lenser_' || lpad(to_hex(rn), 8, '0'),
  COALESCE(u.raw_user_meta_data->>'display_name', 'Lenser ' || rn),
  CASE WHEN random() < 0.3
    THEN 'Bio for seed lenser #' || rn || '. Exploring AI, creativity, and community.'
    ELSE NULL
  END,
  'active'::"lensers"."lenser_status",
  'public'::"lensers"."lenser_visibility",
  u.created_at
FROM (
  SELECT id, raw_user_meta_data, created_at,
    row_number() OVER (ORDER BY id) AS rn
  FROM auth.users
  WHERE email LIKE '%@lenserfight.seed'
  ORDER BY id
  LIMIT 5000
) u
ON CONFLICT (id) DO NOTHING;

INSERT INTO lensers.preferences (lenser_id, language, country_id)
SELECT
  p.id,
  COALESCE(u.raw_user_meta_data->>'preferred_language', 'en'),
  CASE
    WHEN random() < 0.25 THEN 'US'
    WHEN random() < 0.40 THEN 'TR'
    WHEN random() < 0.50 THEN 'ES'
    WHEN random() < 0.58 THEN 'FR'
    WHEN random() < 0.65 THEN 'DE'
    WHEN random() < 0.72 THEN 'GB'
    WHEN random() < 0.77 THEN 'JP'
    WHEN random() < 0.82 THEN 'KR'
    WHEN random() < 0.87 THEN 'BR'
    WHEN random() < 0.91 THEN 'SA'
    WHEN random() < 0.94 THEN 'IT'
    WHEN random() < 0.96 THEN 'MX'
    WHEN random() < 0.98 THEN 'IN'
    ELSE 'CA'
  END
FROM (
  SELECT id, raw_user_meta_data
  FROM auth.users
  WHERE email LIKE '%@lenserfight.seed'
) u
JOIN lensers.profiles p ON p.user_id = u.id
ON CONFLICT (lenser_id) DO UPDATE
SET language = EXCLUDED.language,
    country_id = EXCLUDED.country_id,
    updated_at = now();


-- >>> seeds/23_scale_tags.sql
-- =============================================================================
-- 13. SCALE TAGS (200 tags + multilingual translations)
-- =============================================================================

-- Base tags
INSERT INTO content.tags (id, slug, visibility, created_at)
SELECT
  gen_random_uuid(),
  'tag-' || lpad(gs::text, 4, '0'),
  'public'::"content"."tag_visibility_enum",
  now() - (random() * interval '180 days')
FROM generate_series(1, 200) gs
ON CONFLICT (slug) DO NOTHING;

-- English translations for all tags
INSERT INTO content.tag_translations (id, tag_id, language_code, name, created_at)
SELECT
  gen_random_uuid(), t.id, 'en',
  initcap(replace(t.slug, '-', ' ')),
  t.created_at
FROM content.tags t
WHERE t.slug LIKE 'tag-%'
ON CONFLICT DO NOTHING;

-- Turkish translations (~60% of tags)
INSERT INTO content.tag_translations (id, tag_id, language_code, name, created_at)
SELECT
  gen_random_uuid(), t.id, 'tr',
  initcap(replace(t.slug, '-', ' ')) || ' (TR)',
  t.created_at
FROM content.tags t
WHERE t.slug LIKE 'tag-%' AND random() < 0.6
ON CONFLICT DO NOTHING;

-- Spanish translations (~40% of tags)
INSERT INTO content.tag_translations (id, tag_id, language_code, name, created_at)
SELECT
  gen_random_uuid(), t.id, 'es',
  initcap(replace(t.slug, '-', ' ')) || ' (ES)',
  t.created_at
FROM content.tags t
WHERE t.slug LIKE 'tag-%' AND random() < 0.4
ON CONFLICT DO NOTHING;

-- French translations (~30% of tags)
INSERT INTO content.tag_translations (id, tag_id, language_code, name, created_at)
SELECT
  gen_random_uuid(), t.id, 'fr',
  initcap(replace(t.slug, '-', ' ')) || ' (FR)',
  t.created_at
FROM content.tags t
WHERE t.slug LIKE 'tag-%' AND random() < 0.3
ON CONFLICT DO NOTHING;

-- German translations (~25% of tags)
INSERT INTO content.tag_translations (id, tag_id, language_code, name, created_at)
SELECT
  gen_random_uuid(), t.id, 'de',
  initcap(replace(t.slug, '-', ' ')) || ' (DE)',
  t.created_at
FROM content.tags t
WHERE t.slug LIKE 'tag-%' AND random() < 0.25
ON CONFLICT DO NOTHING;


-- >>> seeds/24_scale_threads.sql
-- =============================================================================
-- 14. SCALE THREADS (5K threads + translations)
-- =============================================================================

-- Step 1: Pre-materialize author assignments with power-law distribution
DROP TABLE IF EXISTS seed_profile_index;
CREATE UNLOGGED TABLE seed_profile_index AS
SELECT
  p.id,
  COALESCE(pr.language, 'en') AS preferred_language,
  row_number() OVER (ORDER BY p.id) - 1 AS idx
FROM lensers.profiles p
LEFT JOIN lensers.preferences pr ON pr.lenser_id = p.id
WHERE p.handle LIKE 'lenser_%'
ORDER BY p.id;

CREATE INDEX ON seed_profile_index (idx);

-- Step 2: Insert threads in batches of 50K
DO $$
DECLARE
  batch_start int;
  batch_size  int := 5000;
  total       int := 5000;
  profile_cnt int;
BEGIN
  SELECT count(*) INTO profile_cnt FROM seed_profile_index;
  IF profile_cnt = 0 THEN
    RAISE EXCEPTION 'No seed profiles found. Run 12_scale_profiles.sql first.';
  END IF;

  FOR batch_start IN 0..total-1 BY batch_size LOOP
    RAISE NOTICE 'content.threads batch %/% ...', batch_start / batch_size + 1, total / batch_size;

    INSERT INTO content.threads (
      id, lenser_id, visibility, status,
      view_count, reply_count, created_at, updated_at
    )
    SELECT
      gen_random_uuid(),
      p.id,
      CASE
        WHEN rnd_vis < 0.85 THEN 'public'
        WHEN rnd_vis < 0.95 THEN 'community'
        ELSE 'private'
      END::"content"."visibility_enum",
      CASE
        WHEN rnd_stat < 0.90 THEN 'published'
        WHEN rnd_stat < 0.95 THEN 'draft'
        ELSE 'archived'
      END::"content"."content_status",
      (random() * 10000)::int,
      0,  -- backfilled later
      ca,
      ca + interval '1 hour'
    FROM (
      SELECT
        gs,
        -- Power-law: author_idx = floor(profile_count * pow(random(), 3))
        floor(profile_cnt * pow(random(), 3))::int AS author_idx,
        random() AS rnd_vis,
        random() AS rnd_stat,
        now() - (pow(random(), 1.5) * interval '365 days') AS ca
      FROM generate_series(batch_start, LEAST(batch_start + batch_size - 1, total - 1)) AS gs
    ) assignments
    JOIN seed_profile_index p ON p.idx = assignments.author_idx;
  END LOOP;
END $$;

-- Step 3: Original translations (one per thread, author's language)
INSERT INTO content.entity_translations (
  id, entity_type, entity_id, language_code, title, content, is_original, created_at
)
SELECT
  gen_random_uuid(),
  'thread'::"content"."entity_type_enum",
  t.id,
  COALESCE(pr.language, 'en'),
  'Thread ' || row_number() OVER (ORDER BY t.created_at) || ': '
    || CASE (row_number() OVER (ORDER BY t.created_at) % 12)
      WHEN 0  THEN 'Exploring AI creativity'
      WHEN 1  THEN 'Building better prompts'
      WHEN 2  THEN 'Code review best practices'
      WHEN 3  THEN 'Machine learning insights'
      WHEN 4  THEN 'Community discussion'
      WHEN 5  THEN 'Creative writing challenge'
      WHEN 6  THEN 'Technology trends'
      WHEN 7  THEN 'Design thinking approach'
      WHEN 8  THEN 'Open source contribution'
      WHEN 9  THEN 'Data science workflow'
      WHEN 10 THEN 'Product development'
      ELSE         'General topic'
    END,
  'This is seed content for thread #' || row_number() OVER (ORDER BY t.created_at)
    || '. ' || repeat(
      CASE (row_number() OVER (ORDER BY t.created_at) % 5)
        WHEN 0 THEN 'Artificial intelligence continues to reshape how we think about creativity and problem solving. '
        WHEN 1 THEN 'The intersection of technology and human expression offers endless possibilities for innovation. '
        WHEN 2 THEN 'Community-driven development helps build more robust and inclusive software ecosystems. '
        WHEN 3 THEN 'Effective prompt engineering requires understanding both the model capabilities and the problem domain. '
        ELSE        'Collaboration across disciplines leads to breakthroughs that no single field could achieve alone. '
      END,
      2 + (random() * 4)::int
    ),
  true,
  t.created_at
FROM content.threads t
JOIN lensers.profiles p ON p.id = t.lenser_id
LEFT JOIN lensers.preferences pr ON pr.lenser_id = p.id
WHERE NOT EXISTS (
  SELECT 1 FROM content.entity_translations et WHERE et.entity_id = t.id AND et.entity_type = 'thread'::"content"."entity_type_enum" AND et.is_original = true
);

-- Step 4: Secondary translations for ~15% of public threads (English if original is not English, Turkish otherwise)
INSERT INTO content.entity_translations (
  id, entity_type, entity_id, language_code, title, content, is_original, created_at
)
SELECT
  gen_random_uuid(),
  'thread'::"content"."entity_type_enum",
  t.id,
  CASE WHEN COALESCE(pr.language, 'en') = 'en' THEN 'tr' ELSE 'en' END,
  '[Translated] Thread ' || row_number() OVER (ORDER BY t.created_at),
  '[Translated] Seed content for a multilingual thread. '
    || repeat('This translated paragraph provides additional linguistic diversity for feed testing. ', 3),
  false,
  t.created_at + interval '1 day'
FROM content.threads t
JOIN lensers.profiles p ON p.id = t.lenser_id
LEFT JOIN lensers.preferences pr ON pr.lenser_id = p.id
WHERE t.visibility = 'public'::"content"."visibility_enum"
  AND t.status = 'published'::"content"."content_status"
  AND random() < 0.15;


-- >>> seeds/25_scale_lenses.sql
-- =============================================================================
-- 15. SCALE LENSES (5K lenses + translations + version_parameters)
-- =============================================================================

DO $$
DECLARE
  batch_start int;
  batch_size  int := 5000;
  total       int := 5000;
  profile_cnt int;
BEGIN
  SELECT count(*) INTO profile_cnt FROM seed_profile_index;

  FOR batch_start IN 0..total-1 BY batch_size LOOP
    RAISE NOTICE 'lenses.lenses batch %/% ...', batch_start / batch_size + 1, total / batch_size;

    INSERT INTO lenses.lenses (
      id, lenser_id, visibility, status, created_at, updated_at
    )
    SELECT
      gen_random_uuid(),
      p.id,
      CASE
        WHEN rnd_vis < 0.85 THEN 'public'
        WHEN rnd_vis < 0.95 THEN 'community'
        ELSE 'private'
      END::"content"."visibility_enum",
      CASE
        WHEN rnd_stat < 0.90 THEN 'published'
        WHEN rnd_stat < 0.95 THEN 'draft'
        ELSE 'archived'
      END::"content"."content_status",
      ca,
      ca + interval '30 minutes'
    FROM (
      SELECT
        gs,
        floor(profile_cnt * pow(random(), 3))::int AS author_idx,
        random() AS rnd_vis,
        random() AS rnd_stat,
        now() - (pow(random(), 1.5) * interval '365 days') AS ca
      FROM generate_series(batch_start, LEAST(batch_start + batch_size - 1, total - 1)) AS gs
    ) assignments
    JOIN seed_profile_index p ON p.idx = assignments.author_idx;
  END LOOP;
END $$;

-- Create version 1 for each lens
INSERT INTO lenses.versions (
  lens_id, version_number, template_body, status, changelog, created_at
)
SELECT
  pt.id,
  1,
  'You are a helpful assistant. ' || CASE (row_number() OVER (ORDER BY pt.created_at) % 6)
    WHEN 0 THEN 'Generate a creative short story based on the following theme: [[theme]]. Include vivid descriptions and compelling characters.'
    WHEN 1 THEN 'Review the following code for bugs, performance issues, and best practices: [[code]]. Provide specific suggestions for improvement.'
    WHEN 2 THEN 'Analyze the following dataset and provide key insights: [[data]]. Include trends, anomalies, and actionable recommendations.'
    WHEN 3 THEN 'Draft a professional email for the following situation: [[context]]. Maintain a [[tone]] tone and keep it concise.'
    WHEN 4 THEN 'Write technical documentation for the following API endpoint: [[endpoint]]. Include request/response examples and error handling.'
    ELSE        'Help me brainstorm ideas for: [[topic]]. Generate at least [[num_ideas]] creative and practical suggestions with brief explanations.'
  END,
  'draft'::"content"."content_status",
  'Initial version',
  pt.created_at
FROM lenses.lenses pt
WHERE NOT EXISTS (
  SELECT 1 FROM lenses.versions v WHERE v.lens_id = pt.id
);

-- Seed version_parameters for each version, keyed to the tools seeded in 15_lens_tools.sql
-- Each template variant gets its own set of typed parameters.
WITH numbered_versions AS (
  SELECT
    v.id,
    ((row_number() OVER (ORDER BY l.created_at) - 1) % 6)::int AS variant_idx
  FROM lenses.versions v
  JOIN lenses.lenses l ON l.id = v.lens_id
)
INSERT INTO lenses.version_parameters (version_id, label, tool_id)
SELECT
  nv.id AS version_id,
  p.label,
  t.id AS tool_id
FROM numbered_versions nv
CROSS JOIN LATERAL (
  SELECT label, tool_key FROM (VALUES
    -- variant 0: [[theme]] → textarea
    (0, 'theme',      'textarea'),
    -- variant 1: [[code]] → textarea
    (1, 'code',       'textarea'),
    -- variant 2: [[data]] → json_data
    (2, 'data',       'json_data'),
    -- variant 3: [[context]] + [[tone]] → textarea + select_option
    (3, 'context',    'textarea'),
    (3, 'tone',       'select_option'),
    -- variant 4: [[endpoint]] → text
    (4, 'endpoint',   'text'),
    -- variant 5: [[topic]] + [[num_ideas]] → textarea + integer
    (5, 'topic',      'textarea'),
    (5, 'num_ideas',  'integer')
  ) AS variants(variant_idx, label, tool_key)
  WHERE variants.variant_idx = nv.variant_idx
) p
JOIN lenses.tools t ON t.key = p.tool_key
WHERE NOT EXISTS (
  SELECT 1 FROM lenses.version_parameters vp
  WHERE vp.version_id = nv.id AND vp.label = p.label
);

-- Original translations (one per lens)
INSERT INTO content.entity_translations (
  id, entity_type, entity_id, language_code, title, description, content, is_original, created_at
)
SELECT
  gen_random_uuid(),
  'lens'::"content"."entity_type_enum",
  pt.id,
  COALESCE(pr.language, 'en'),
  'Prompt ' || row_number() OVER (ORDER BY pt.created_at) || ': '
    || CASE (row_number() OVER (ORDER BY pt.created_at) % 10)
      WHEN 0 THEN 'Generate creative story'
      WHEN 1 THEN 'Code review assistant'
      WHEN 2 THEN 'Data analysis helper'
      WHEN 3 THEN 'Email draft writer'
      WHEN 4 THEN 'Technical documentation'
      WHEN 5 THEN 'Brainstorm ideas'
      WHEN 6 THEN 'Language translator'
      WHEN 7 THEN 'Summarize article'
      WHEN 8 THEN 'Debug code snippet'
      ELSE        'Custom task lens'
    END,
  CASE WHEN random() < 0.7
    THEN 'A helpful lens for AI-assisted tasks. Use this to get started quickly.'
    ELSE NULL
  END,
  'You are a helpful assistant. ' || CASE (row_number() OVER (ORDER BY pt.created_at) % 6)
    WHEN 0 THEN 'Generate a creative short story based on the following theme: [[theme]]. Include vivid descriptions and compelling characters.'
    WHEN 1 THEN 'Review the following code for bugs, performance issues, and best practices: [[code]]. Provide specific suggestions for improvement.'
    WHEN 2 THEN 'Analyze the following dataset and provide key insights: [[data]]. Include trends, anomalies, and actionable recommendations.'
    WHEN 3 THEN 'Draft a professional email for the following situation: [[context]]. Maintain a [[tone]] tone and keep it concise.'
    WHEN 4 THEN 'Write technical documentation for the following API endpoint: [[endpoint]]. Include request/response examples and error handling.'
    ELSE        'Help me brainstorm ideas for: [[topic]]. Generate at least [[num_ideas]] creative and practical suggestions with brief explanations.'
  END,
  true,
  pt.created_at
FROM lenses.lenses pt
JOIN lensers.profiles p ON p.id = pt.lenser_id
LEFT JOIN lensers.preferences pr ON pr.lenser_id = p.id
WHERE NOT EXISTS (
  SELECT 1 FROM content.entity_translations et WHERE et.entity_id = pt.id AND et.entity_type = 'lens'::"content"."entity_type_enum" AND et.is_original = true
);

-- Secondary translations for ~15% of public lenses
INSERT INTO content.entity_translations (
  id, entity_type, entity_id, language_code, title, description, content, is_original, created_at
)
SELECT
  gen_random_uuid(),
  'lens'::"content"."entity_type_enum",
  pt.id,
  CASE WHEN COALESCE(pr.language, 'en') = 'en' THEN 'tr' ELSE 'en' END,
  '[Translated] Prompt ' || row_number() OVER (ORDER BY pt.created_at),
  '[Translated] A lens for multilingual testing.',
  '[Translated] You are a helpful assistant. Help with the following task in a clear and organized manner.',
  false,
  pt.created_at + interval '1 day'
FROM lenses.lenses pt
JOIN lensers.profiles p ON p.id = pt.lenser_id
LEFT JOIN lensers.preferences pr ON pr.lenser_id = p.id
WHERE pt.visibility = 'public'::"content"."visibility_enum"
  AND pt.status = 'published'::"content"."content_status"
  AND random() < 0.15;


-- >>> seeds/26_scale_tag_map.sql
-- =============================================================================
-- 16. SCALE TAG MAP (~3M tag associations)
-- =============================================================================

-- Pre-index tags for fast lookup
DROP TABLE IF EXISTS seed_tag_index;
CREATE UNLOGGED TABLE seed_tag_index AS
SELECT id AS tag_id, row_number() OVER (ORDER BY id) - 1 AS tidx
FROM content.tags
WHERE slug LIKE 'tag-%';

CREATE INDEX ON seed_tag_index (tidx);

-- Tag assignments for threads (~1.5M mappings, avg 1.5 tags per thread)
DO $$
DECLARE
  batch_start int;
  batch_size  int := 100000;
  total_threads int;
  tag_cnt int;
BEGIN
  SELECT count(*) INTO total_threads FROM content.threads;
  SELECT count(*) INTO tag_cnt FROM seed_tag_index;

  RAISE NOTICE 'Tagging % threads with % available tags...', total_threads, tag_cnt;

  -- Process threads in batches
  FOR batch_start IN 0..total_threads-1 BY batch_size LOOP
    RAISE NOTICE 'tag_map threads batch starting at %...', batch_start;

    INSERT INTO content.tag_map (id, entity_type, entity_id, tag_id, created_at)
    SELECT DISTINCT ON (t.id, ti.tag_id)
      gen_random_uuid(),
      'thread'::"content"."entity_type_enum",
      t.id,
      ti.tag_id,
      t.created_at
    FROM (
      SELECT id, created_at, row_number() OVER (ORDER BY id) - 1 AS rn
      FROM content.threads
      ORDER BY id
      OFFSET batch_start LIMIT batch_size
    ) t
    CROSS JOIN LATERAL (
      -- 1-3 tags per thread, power-law tag selection
      SELECT (floor(tag_cnt * pow(random(), 2))::int) AS tidx
      FROM generate_series(1, 1 + (random() * 2)::int)
    ) tag_picks
    JOIN seed_tag_index ti ON ti.tidx = tag_picks.tidx
    ON CONFLICT DO NOTHING;
  END LOOP;
END $$;

-- Tag assignments for lenses (~1.5M mappings)
DO $$
DECLARE
  batch_start int;
  batch_size  int := 100000;
  total_lenses int;
  tag_cnt int;
BEGIN
  SELECT count(*) INTO total_lenses FROM lenses.lenses;
  SELECT count(*) INTO tag_cnt FROM seed_tag_index;

  FOR batch_start IN 0..total_lenses-1 BY batch_size LOOP
    RAISE NOTICE 'tag_map lenses batch starting at %...', batch_start;

    INSERT INTO content.tag_map (id, entity_type, entity_id, tag_id, created_at)
    SELECT DISTINCT ON (pt.id, ti.tag_id)
      gen_random_uuid(),
      'lens'::"content"."entity_type_enum",
      pt.id,
      ti.tag_id,
      pt.created_at
    FROM (
      SELECT id, created_at, row_number() OVER (ORDER BY id) - 1 AS rn
      FROM lenses.lenses
      ORDER BY id
      OFFSET batch_start LIMIT batch_size
    ) pt
    CROSS JOIN LATERAL (
      SELECT (floor(tag_cnt * pow(random(), 2))::int) AS tidx
      FROM generate_series(1, 1 + (random() * 2)::int)
    ) tag_picks
    JOIN seed_tag_index ti ON ti.tidx = tag_picks.tidx
    ON CONFLICT DO NOTHING;
  END LOOP;
END $$;


-- >>> seeds/27_scale_replies.sql
-- =============================================================================
-- 17. SCALE THREAD REPLIES (10K replies)
-- =============================================================================

DO $$
DECLARE
  batch_start int;
  batch_size  int := 10000;
  total       int := 10000;
  thread_cnt  int;
  profile_cnt int;
BEGIN
  SELECT count(*) INTO thread_cnt
  FROM content.threads
  WHERE visibility = 'public'::"content"."visibility_enum"
    AND status = 'published'::"content"."content_status";

  SELECT count(*) INTO profile_cnt FROM seed_profile_index;

  RAISE NOTICE 'Creating % replies across % public threads...', total, thread_cnt;

  FOR batch_start IN 0..total-1 BY batch_size LOOP
    RAISE NOTICE 'thread_replies batch %/% ...', batch_start / batch_size + 1, total / batch_size;

    INSERT INTO content.thread_replies (
      id, thread_id, parent_reply_id, lenser_id,
      content, status, created_at, updated_at
    )
    SELECT
      gen_random_uuid(),
      t.id,
      NULL,  -- top-level replies (no nesting for scale seed)
      p.id,
      'Reply #' || (batch_start + gs) || ': '
        || CASE (gs % 8)
          WHEN 0 THEN 'Great point! I agree with this perspective.'
          WHEN 1 THEN 'Interesting take. Have you considered the alternative approach?'
          WHEN 2 THEN 'Thanks for sharing. This helped me understand the concept better.'
          WHEN 3 THEN 'I disagree respectfully. Here is my reasoning...'
          WHEN 4 THEN 'Could you elaborate more on this? I find it fascinating.'
          WHEN 5 THEN 'This reminds me of a similar discussion from last week.'
          WHEN 6 THEN 'Well explained! The examples really make it clear.'
          ELSE        'Adding to the discussion: there are several nuances worth exploring here.'
        END,
      'published'::"content"."thread_reply_status",
      t.created_at + (random() * interval '30 days'),
      t.created_at + (random() * interval '30 days')
    FROM generate_series(0, LEAST(batch_size - 1, total - batch_start - 1)) AS gs
    -- Power-law thread selection: popular threads get more replies
    JOIN LATERAL (
      SELECT id, created_at
      FROM content.threads
      WHERE visibility = 'public'::"content"."visibility_enum"
        AND status = 'published'::"content"."content_status"
      ORDER BY view_count DESC
      OFFSET floor(thread_cnt * pow(random(), 2))::int
      LIMIT 1
    ) t ON true
    -- Random replier
    JOIN seed_profile_index p ON p.idx = floor(random() * profile_cnt)::int;
  END LOOP;
END $$;


-- >>> seeds/28_scale_follows.sql
-- =============================================================================
-- 18. SCALE FOLLOWS (10K lenser follows + 2K tag follows)
-- =============================================================================

-- Lenser follows (~10K) — inserted into lensers.relationships (status='accepted')
DO $$
DECLARE
  batch_start int;
  batch_size  int := 10000;
  total       int := 10000;
  profile_cnt int;
BEGIN
  SELECT count(*) INTO profile_cnt FROM seed_profile_index;

  FOR batch_start IN 0..total-1 BY batch_size LOOP
    RAISE NOTICE 'lensers.relationships batch %/% ...', batch_start / batch_size + 1, total / batch_size;

    INSERT INTO lensers.relationships (
        id, source_profile_id, target_profile_id,
        status, accepted_at, requested_at
    )
    SELECT
      gen_random_uuid(),
      follower.id,
      following.id,
      'accepted',
      GREATEST(follower.created_at, following.created_at) + (random() * interval '30 days'),
      GREATEST(follower.created_at, following.created_at) + (random() * interval '30 days')
    FROM (
      -- Random follower
      SELECT p.id, (SELECT created_at FROM lensers.profiles WHERE id = p.id) AS created_at
      FROM seed_profile_index p
      WHERE p.idx = floor(random() * profile_cnt)::int
      LIMIT 1
    ) follower
    CROSS JOIN LATERAL (
      -- Power-law following: popular lensers followed more
      SELECT p.id, (SELECT created_at FROM lensers.profiles WHERE id = p.id) AS created_at
      FROM seed_profile_index p
      WHERE p.idx = floor(profile_cnt * pow(random(), 2))::int
        AND p.id <> follower.id
      LIMIT 1
    ) following
    CROSS JOIN generate_series(0, LEAST(batch_size - 1, total - batch_start - 1)) AS gs
    ON CONFLICT DO NOTHING;
  END LOOP;
END $$;

-- Tag follows (~2K)
DO $$
DECLARE
  profile_cnt int;
  tag_cnt int;
BEGIN
  SELECT count(*) INTO profile_cnt FROM seed_profile_index;
  SELECT count(*) INTO tag_cnt FROM seed_tag_index;

  RAISE NOTICE 'Creating ~2K tag follows...';

  INSERT INTO lensers.tag_follows (id, lenser_id, tag_id, created_at)
  SELECT * FROM (
    SELECT
      gen_random_uuid(),
      p.id,
      ti.tag_id,
      now() - (random() * interval '180 days')
    FROM seed_profile_index p
    CROSS JOIN LATERAL (
      -- 1-7 tags per lenser, power-law tag popularity
      SELECT (floor(tag_cnt * pow(random(), 2))::int) AS tidx
      FROM generate_series(1, 1 + (random() * 6)::int)
    ) tag_picks
    JOIN seed_tag_index ti ON ti.tidx = tag_picks.tidx
    WHERE random() < 0.75  -- throttle to ~500K total
    LIMIT 2000
  ) sub
  ON CONFLICT DO NOTHING;
END $$;


-- >>> seeds/29_scale_reactions.sql
-- =============================================================================
-- 19. SCALE REACTIONS (5K thread + 3K prompt + 2K reply reactions)
-- =============================================================================

-- ---------------------------------------------------------------------------
-- Thread reactions (~5K)
-- ---------------------------------------------------------------------------
DO $$
DECLARE
  batch_start int;
  batch_size  int := 5000;
  total       int := 5000;
  thread_cnt  int;
  user_cnt    int;
BEGIN
  SELECT count(*) INTO thread_cnt
  FROM content.threads
  WHERE visibility = 'public'::"content"."visibility_enum"
    AND status = 'published'::"content"."content_status";

  SELECT count(*) INTO user_cnt
  FROM auth.users WHERE email LIKE '%@lenserfight.seed';

  RAISE NOTICE 'Creating % thread reactions across % threads...', total, thread_cnt;

  FOR batch_start IN 0..total-1 BY batch_size LOOP
    RAISE NOTICE 'thread_reactions batch %/% ...', batch_start / batch_size + 1, total / batch_size;

    INSERT INTO content.reactions (id, entity_type, entity_id, lenser_id, reaction, created_at)
    SELECT
      gen_random_uuid(),
      'thread'::"content"."entity_type_enum",
      t.id,
      u.id,
      (ARRAY['like','love','clap','saved','copy','dislike'])[1 + floor(random() * 6)::int]::"content"."reaction_enum",
      t.created_at + (random() * interval '60 days')
    FROM generate_series(0, LEAST(batch_size - 1, total - batch_start - 1)) AS gs
    -- Power-law thread selection by view_count
    JOIN LATERAL (
      SELECT id, created_at FROM content.threads
      WHERE visibility = 'public'::"content"."visibility_enum"
        AND status = 'published'::"content"."content_status"
      ORDER BY view_count DESC
      OFFSET floor(thread_cnt * pow(random(), 3))::int
      LIMIT 1
    ) t ON true
    -- Random user
    JOIN LATERAL (
      SELECT id FROM auth.users
      WHERE email LIKE '%@lenserfight.seed'
      OFFSET floor(random() * user_cnt)::int
      LIMIT 1
    ) u ON true
    ON CONFLICT DO NOTHING;
  END LOOP;
END $$;

-- ---------------------------------------------------------------------------
-- Lens reactions (~3K)
-- ---------------------------------------------------------------------------
DO $$
DECLARE
  batch_start int;
  batch_size  int := 3000;
  total       int := 3000;
  lens_cnt  int;
  user_cnt    int;
BEGIN
  SELECT count(*) INTO lens_cnt
  FROM lenses.lenses
  WHERE visibility = 'public'::"content"."visibility_enum"
    AND status = 'published'::"content"."content_status";

  SELECT count(*) INTO user_cnt
  FROM auth.users WHERE email LIKE '%@lenserfight.seed';

  RAISE NOTICE 'Creating % lens reactions across % lenses...', total, lens_cnt;

  FOR batch_start IN 0..total-1 BY batch_size LOOP
    RAISE NOTICE 'lens_reactions batch %/% ...', batch_start / batch_size + 1, total / batch_size;

    INSERT INTO content.reactions (id, entity_type, entity_id, lenser_id, reaction, created_at)
    SELECT
      gen_random_uuid(),
      'lens'::"content"."entity_type_enum",
      pt.id,
      u.id,
      (ARRAY['like','love','clap','saved','copy','dislike'])[1 + floor(random() * 6)::int]::"content"."reaction_enum",
      pt.created_at + (random() * interval '60 days')
    FROM generate_series(0, LEAST(batch_size - 1, total - batch_start - 1)) AS gs
    JOIN LATERAL (
      SELECT id, created_at FROM lenses.lenses
      WHERE visibility = 'public'::"content"."visibility_enum"
        AND status = 'published'::"content"."content_status"
      OFFSET floor(lens_cnt * pow(random(), 3))::int
      LIMIT 1
    ) pt ON true
    JOIN LATERAL (
      SELECT id FROM auth.users
      WHERE email LIKE '%@lenserfight.seed'
      OFFSET floor(random() * user_cnt)::int
      LIMIT 1
    ) u ON true
    ON CONFLICT DO NOTHING;
  END LOOP;
END $$;

-- ---------------------------------------------------------------------------
-- Thread reply reactions (~2K)
-- ---------------------------------------------------------------------------
DO $$
DECLARE
  batch_start int;
  batch_size  int := 2000;
  total       int := 2000;
  reply_cnt   int;
  user_cnt    int;
BEGIN
  SELECT count(*) INTO reply_cnt FROM content.thread_replies;
  SELECT count(*) INTO user_cnt
  FROM auth.users WHERE email LIKE '%@lenserfight.seed';

  RAISE NOTICE 'Creating % reply reactions across % replies...', total, reply_cnt;

  FOR batch_start IN 0..total-1 BY batch_size LOOP
    RAISE NOTICE 'reply_reactions batch %/% ...', batch_start / batch_size + 1, total / batch_size;

    INSERT INTO content.reactions (id, entity_type, entity_id, lenser_id, reaction, created_at)
    SELECT
      gen_random_uuid(),
      'thread_reply'::"content"."entity_type_enum",
      r.id,
      u.id,
      (ARRAY['like','love','clap','dislike'])[1 + floor(random() * 4)::int]::"content"."reaction_enum",
      r.created_at + (random() * interval '30 days')
    FROM generate_series(0, LEAST(batch_size - 1, total - batch_start - 1)) AS gs
    JOIN LATERAL (
      SELECT id, created_at FROM content.thread_replies
      OFFSET floor(reply_cnt * pow(random(), 2))::int
      LIMIT 1
    ) r ON true
    JOIN LATERAL (
      SELECT id FROM auth.users
      WHERE email LIKE '%@lenserfight.seed'
      OFFSET floor(random() * user_cnt)::int
      LIMIT 1
    ) u ON true
    ON CONFLICT DO NOTHING;
  END LOOP;
END $$;


-- >>> seeds/31_scale_backfill.sql
-- =============================================================================
-- 21. SCALE BACKFILL
-- =============================================================================

-- ---------------------------------------------------------------------------
-- Re-enable all disabled triggers
-- ---------------------------------------------------------------------------

-- lensers.profiles
ALTER TABLE lensers.profiles ENABLE TRIGGER "trg_after_lenser_insert";
ALTER TABLE lensers.profiles ENABLE TRIGGER "trg_init_lenser_engagement_row";
ALTER TABLE lensers.profiles ENABLE TRIGGER "trg_log_lenser_join";
ALTER TABLE lensers.profiles ENABLE TRIGGER "trg_sync_profile_from_auth_metadata";
ALTER TABLE lensers.profiles ENABLE TRIGGER "trg_enforce_lensers_protections";
ALTER TABLE lensers.profiles ENABLE TRIGGER "trg_protect_sensitive_lenser_fields";

-- lensers.follows trigger re-enable removed: table dropped in schema_cleanup migration

-- content.threads
-- Note: tg_xp_thread_created was dropped in migration 20260328130000 (duplicate trigger fix)
ALTER TABLE content.threads ENABLE TRIGGER "trg_sync_thread_count";
ALTER TABLE content.threads ENABLE TRIGGER "trg_xp_on_thread_created";
ALTER TABLE content.threads ENABLE TRIGGER "trg_xp_thread_visibility_changed";

-- lenses.lenses
-- Note: trg_lenses_create_initial_version and trg_lens_template_updated
-- were dropped in migration 20260324000000_lens_schema_refactor.sql
ALTER TABLE lenses.lenses ENABLE TRIGGER "trg_sync_lens_count";
ALTER TABLE lenses.lenses ENABLE TRIGGER "tg_xp_lens_created";

-- content.thread_replies
ALTER TABLE content.thread_replies ENABLE TRIGGER "thread_replies_after_insert";
ALTER TABLE content.thread_replies ENABLE TRIGGER "thread_replies_after_update";
ALTER TABLE content.thread_replies ENABLE TRIGGER "thread_replies_after_delete";
ALTER TABLE content.thread_replies ENABLE TRIGGER "trg_xp_on_reply_created";
ALTER TABLE content.thread_replies ENABLE TRIGGER "trg_xp_on_reply_received";

-- content.tag_map
ALTER TABLE content.tag_map ENABLE TRIGGER "trg_tag_created";

-- content reactions
ALTER TABLE content.reactions ENABLE TRIGGER ALL;


-- ---------------------------------------------------------------------------
-- ---------------------------------------------------------------------------
SELECT id, created_at
FROM lensers.profiles
WHERE handle LIKE 'lenser_%'
ORDER BY created_at, id
ON CONFLICT (lenser_id) DO NOTHING;

-- ---------------------------------------------------------------------------
-- ---------------------------------------------------------------------------
SELECT
  p.id,
  COALESCE(tc.cnt, 0),
  COALESCE(pc.cnt, 0),
  COALESCE(frc.cnt, 0),
  COALESCE(fgc.cnt, 0),
  now()
FROM lensers.profiles p
LEFT JOIN (
  SELECT lenser_id, count(*)::int AS cnt FROM content.threads GROUP BY lenser_id
) tc ON tc.lenser_id = p.id
LEFT JOIN (
  SELECT lenser_id, count(*)::int AS cnt FROM lenses.lenses GROUP BY lenser_id
) pc ON pc.lenser_id = p.id
LEFT JOIN (
  SELECT target_profile_id AS lenser_id, count(*)::int AS cnt FROM lensers.relationships WHERE status = 'accepted' GROUP BY target_profile_id
) frc ON frc.lenser_id = p.id
LEFT JOIN (
  SELECT source_profile_id AS lenser_id, count(*)::int AS cnt FROM lensers.relationships WHERE status = 'accepted' GROUP BY source_profile_id
) fgc ON fgc.lenser_id = p.id
WHERE p.handle LIKE 'lenser_%'
ON CONFLICT (lenser_id) DO UPDATE SET
  thread_count = EXCLUDED.thread_count,
  lens_count = EXCLUDED.lens_count,
  follower_count = EXCLUDED.follower_count,
  following_count = EXCLUDED.following_count,
  updated_at = now();

-- ---------------------------------------------------------------------------
-- Backfill thread reply_count
-- ---------------------------------------------------------------------------
UPDATE content.threads t
SET reply_count = sub.cnt
FROM (
  SELECT thread_id, count(*)::int AS cnt
  FROM content.thread_replies
  WHERE status = 'published'::"content"."thread_reply_status"
    AND deleted_at IS NULL
  GROUP BY thread_id
) sub
WHERE t.id = sub.thread_id
  AND t.reply_count <> sub.cnt;

-- ---------------------------------------------------------------------------
-- Drop temp tables
-- ---------------------------------------------------------------------------
DROP TABLE IF EXISTS seed_profile_index;
DROP TABLE IF EXISTS seed_tag_index;
DROP FUNCTION IF EXISTS public.seed_pick_language(float);
DROP FUNCTION IF EXISTS public.seed_pick_country(double precision);
DROP FUNCTION IF EXISTS public.seed_password_hash();

-- ---------------------------------------------------------------------------
-- ANALYZE all seeded tables for query planner accuracy
-- ---------------------------------------------------------------------------
ANALYZE auth.users;
ANALYZE auth.identities;
ANALYZE lensers.profiles;
ANALYZE lensers.relationships;
ANALYZE lensers.tag_follows;
ANALYZE lensers.badges;
ANALYZE content.threads;
ANALYZE content.entity_translations;
ANALYZE content.thread_replies;
ANALYZE content.reactions;
ANALYZE lenses.lenses;
ANALYZE lenses.versions;
ANALYZE content.tags;
ANALYZE content.tag_translations;
ANALYZE content.tag_map;

-- Reset memory settings
RESET work_mem;
RESET maintenance_work_mem;


-- >>> seeds/32_scale_workflows.sql
-- =============================================================================
-- 22. SCALE WORKFLOWS (1000 workflows by seeded Lensers + AI Lensers)
-- =============================================================================
-- Inserts 1000 lenses.workflows, their workflow_nodes (2-4 nodes each),
-- and workflow_edges connecting those nodes in a linear chain.
-- Authors are drawn from seeded human lensers (handle LIKE 'lenser_%') and
-- AI lenser profiles (type = 'ai'), weighted ~80% human / ~20% AI.
-- =============================================================================

DO $$
DECLARE
  total           int := 1000;
  i               int;
  wf_id           uuid;
  lenser_id_val   uuid;
  node_count      int;
  node_ids        uuid[];
  lens_ids        uuid[];
  all_lens_count  int;
  all_lenser_ids  uuid[];
  all_lenser_cnt  int;
  node_idx        int;
  prev_node_id    uuid;
  curr_node_id    uuid;
  lens_id_val     uuid;
  version_id_val  uuid;
  vis             text;
  ca              timestamptz;

  -- Workflow title templates (10 variants)
  titles text[] := ARRAY[
    'Creative Writing Pipeline',
    'Code Review & Refactor Flow',
    'Data Analysis Chain',
    'Email Drafting Workflow',
    'Technical Doc Generator',
    'Brainstorm → Outline → Draft',
    'Translation & Localization Flow',
    'Research Summarizer Pipeline',
    'Bug Triage Assistant',
    'Content Strategy Planner'
  ];

  -- Description templates matching titles
  descs text[] := ARRAY[
    'A multi-step workflow that generates stories, refines tone, and produces final copy.',
    'Reviews code, identifies issues, suggests fixes, and produces a clean diff summary.',
    'Ingests raw data, extracts insights, and formats a shareable report.',
    'Drafts context-aware emails, adapts tone, and outputs ready-to-send copy.',
    'Generates structured API docs, adds examples, and formats for publication.',
    'Turns a seed idea into a full outline, then expands it into a polished draft.',
    'Translates content, checks fluency, and produces multilingual output.',
    'Fetches sources, summarizes key points, and ranks them by relevance.',
    'Triages a bug report, proposes root causes, and drafts a fix plan.',
    'Analyzes a topic, identifies audience segments, and maps a content calendar.'
  ];
BEGIN
  -- -------------------------------------------------------------------------
  -- Build a flat array of candidate lenser IDs:
  --   ~80% from seeded human profiles, ~20% from AI profiles
  -- -------------------------------------------------------------------------
  SELECT array_agg(id) INTO all_lenser_ids
  FROM (
    SELECT id FROM (
      SELECT id FROM lensers.profiles
      WHERE handle LIKE 'lenser_%' AND status = 'active'::"lensers"."lenser_status"
      ORDER BY random()
      LIMIT 800
    ) h
    UNION ALL
    SELECT id FROM (
      SELECT id FROM lensers.profiles
      WHERE type = 'ai'::"lensers"."lenser_type" AND status = 'active'::"lensers"."lenser_status"
      ORDER BY random()
      LIMIT 200
    ) a
  ) combined;

  all_lenser_cnt := array_length(all_lenser_ids, 1);

  -- Build a flat array of available lens IDs to distribute across nodes
  SELECT array_agg(id) INTO lens_ids
  FROM (
    SELECT id FROM lenses.lenses
    WHERE status = 'published'::"content"."content_status"
    ORDER BY random()
    LIMIT 4000
  ) l;

  all_lens_count := array_length(lens_ids, 1);

  FOR i IN 1..total LOOP
    -- Pick a random lenser
    lenser_id_val := all_lenser_ids[ 1 + (floor(random() * all_lenser_cnt))::int ];

    -- Pick visibility: 80% public, 12% unlisted, 8% private
    vis := CASE
      WHEN random() < 0.80 THEN 'public'
      WHEN random() < 0.92 THEN 'unlisted'
      ELSE 'private'
    END;

    -- Spread created_at over the past year, power-law skewed toward recent
    ca := now() - (pow(random(), 1.5) * interval '365 days');

    -- Insert workflow
    wf_id := gen_random_uuid();
    INSERT INTO lenses.workflows (
      id, lenser_id, title, description, visibility, created_at, updated_at
    ) VALUES (
      wf_id,
      lenser_id_val,
      titles[ 1 + ((i - 1) % 10) ] || ' #' || i,
      descs[  1 + ((i - 1) % 10) ],
      vis,
      ca,
      ca + interval '5 minutes'
    );

    -- Each workflow gets 2–4 nodes
    node_count := 2 + (floor(random() * 3))::int;  -- 2, 3, or 4
    node_ids   := ARRAY[]::uuid[];

    FOR node_idx IN 1..node_count LOOP
      -- Pick a lens for this node (cycle through the available pool)
      lens_id_val := lens_ids[ 1 + (floor(random() * all_lens_count))::int ];

      -- Try to find the latest version for this lens
      SELECT v.id INTO version_id_val
      FROM lenses.versions v
      WHERE v.lens_id = lens_id_val
      ORDER BY v.version_number DESC
      LIMIT 1;

      curr_node_id := gen_random_uuid();

      INSERT INTO lenses.workflow_nodes (
        id, workflow_id, lens_id, version_id,
        position_x, position_y, label, ordinal, created_at
      ) VALUES (
        curr_node_id,
        wf_id,
        lens_id_val,
        version_id_val,
        (node_idx - 1) * 280.0,   -- horizontal layout, 280px per step
        0.0,
        'Step ' || node_idx,
        node_idx,
        ca + (node_idx * interval '1 minute')
      );

      node_ids := node_ids || curr_node_id;
    END LOOP;

    -- Wire nodes in a linear chain: node[k] → node[k+1]
    FOR node_idx IN 1..node_count - 1 LOOP
      prev_node_id := node_ids[node_idx];
      curr_node_id := node_ids[node_idx + 1];

      INSERT INTO lenses.workflow_edges (
        id, workflow_id, source_node_id, target_node_id,
        source_output_key, target_param_label
      ) VALUES (
        gen_random_uuid(),
        wf_id,
        prev_node_id,
        curr_node_id,
        'output',
        CASE ((node_idx - 1) % 4)
          WHEN 0 THEN 'context'
          WHEN 1 THEN 'data'
          WHEN 2 THEN 'code'
          ELSE 'topic'
        END
      )
      ON CONFLICT DO NOTHING;
    END LOOP;

  END LOOP;

  RAISE NOTICE 'Inserted % workflows with nodes and edges.', total;
END $$;

-- ---------------------------------------------------------------------------
-- ---------------------------------------------------------------------------
SELECT
  p.id,
  COALESCE(tc.cnt, 0),
  COALESCE(pc.cnt, 0),
  COALESCE(frc.cnt, 0),
  COALESCE(fgc.cnt, 0),
  now()
FROM lensers.profiles p
JOIN (
  SELECT DISTINCT lenser_id FROM lenses.workflows
) wf ON wf.lenser_id = p.id
LEFT JOIN (
  SELECT lenser_id, count(*)::int AS cnt FROM content.threads GROUP BY lenser_id
) tc ON tc.lenser_id = p.id
LEFT JOIN (
  SELECT lenser_id, count(*)::int AS cnt FROM lenses.lenses GROUP BY lenser_id
) pc ON pc.lenser_id = p.id
LEFT JOIN (
  SELECT target_profile_id AS lenser_id, count(*)::int AS cnt FROM lensers.relationships WHERE status = 'accepted' GROUP BY target_profile_id
) frc ON frc.lenser_id = p.id
LEFT JOIN (
  SELECT source_profile_id AS lenser_id, count(*)::int AS cnt FROM lensers.relationships WHERE status = 'accepted' GROUP BY source_profile_id
) fgc ON fgc.lenser_id = p.id
ON CONFLICT (lenser_id) DO UPDATE SET
  thread_count   = EXCLUDED.thread_count,
  lens_count     = EXCLUDED.lens_count,
  follower_count = EXCLUDED.follower_count,
  following_count = EXCLUDED.following_count,
  updated_at     = now();

ANALYZE lenses.workflows;
ANALYZE lenses.workflow_nodes;
ANALYZE lenses.workflow_edges;

